model,train_rows,test_rows,accuracy,precision,recall,f1,true_negative,false_positive,false_negative,true_positive,roc_auc
Logistic Regression,16000,4000,0.9875,0.9865269461077845,0.9885,0.9875124875124875,1973,27,23,1977,0.9986232500000001
Linear SVM,16000,4000,0.9885,0.988988988988989,0.988,0.9884942471235618,1978,22,24,1976,0.9986147500000001
Random Forest,16000,4000,0.98825,0.9855793137742417,0.991,0.9882822238843181,1971,29,18,1982,0.9988435000000001
