id,dataset,task,label,source,model,device,answer_length_tokens,mean_token_probability,min_token_probability,max_token_probability,mean_token_logprob,min_token_logprob,max_token_logprob,sum_token_logprob,negative_mean_logprob,low_confidence_token_ratio,mean_token_entropy,min_token_entropy,max_token_entropy,sum_token_entropy,high_entropy_token_ratio
halueval_qa_000000_supported,halueval,qa,0,right_answer,models/qwen2.5-3b,cpu,3,0.9626696308453878,0.921681821346283,0.9947503209114075,-0.038551248610019684,-0.08155518770217896,-0.005263518542051315,-0.11565374583005905,0.038551248610019684,0.0,0.2180807702243328,0.04719660058617592,0.4492344856262207,0.6542423106729984,0.0
halueval_qa_000000_hallucinated,halueval,qa,1,hallucinated_answer,models/qwen2.5-3b,cpu,7,0.615043546472277,0.04401053488254547,0.9945969581604004,-1.0395779678864139,-3.123326301574707,-0.005417665466666222,-7.277045775204897,1.0395779678864139,0.2857142857142857,0.5765200863991465,0.03772354871034622,1.821471929550171,4.035640604794025,0.0
