model,evaluation,id,dataset,source,label,prediction,score
Logistic Regression,grouped_80_20,truthfulqa_000002_correct_0,truthfulqa,correct_answer,0,0,0.29133745429137614
Logistic Regression,grouped_80_20,truthfulqa_000002_correct_1,truthfulqa,correct_answer,0,1,0.5213271527970247
Logistic Regression,grouped_80_20,truthfulqa_000002_correct_2,truthfulqa,correct_answer,0,0,0.4022336209516365
Logistic Regression,grouped_80_20,truthfulqa_000002_correct_3,truthfulqa,correct_answer,0,0,0.24488911663141646
Logistic Regression,grouped_80_20,truthfulqa_000002_incorrect_0,truthfulqa,incorrect_answer,1,1,0.6975593868163823
Logistic Regression,grouped_80_20,truthfulqa_000002_incorrect_1,truthfulqa,incorrect_answer,1,1,0.7546486809390822
Logistic Regression,grouped_80_20,truthfulqa_000002_incorrect_2,truthfulqa,incorrect_answer,1,0,0.48197070147343174
Logistic Regression,grouped_80_20,truthfulqa_000005_correct_0,truthfulqa,correct_answer,0,1,0.5844569919333994
Logistic Regression,grouped_80_20,truthfulqa_000005_correct_1,truthfulqa,correct_answer,0,1,0.5291662786720276
Logistic Regression,grouped_80_20,truthfulqa_000005_correct_2,truthfulqa,correct_answer,0,1,0.6156821677162626
Logistic Regression,grouped_80_20,truthfulqa_000005_incorrect_0,truthfulqa,incorrect_answer,1,1,0.6516477416743852
Logistic Regression,grouped_80_20,truthfulqa_000005_incorrect_1,truthfulqa,incorrect_answer,1,1,0.5457454883977495
Logistic Regression,grouped_80_20,truthfulqa_000005_incorrect_2,truthfulqa,incorrect_answer,1,1,0.6801892837278117
Logistic Regression,grouped_80_20,truthfulqa_000007_correct_0,truthfulqa,correct_answer,0,1,0.5771850673727411
Logistic Regression,grouped_80_20,truthfulqa_000007_correct_1,truthfulqa,correct_answer,0,0,0.3630106896832749
Logistic Regression,grouped_80_20,truthfulqa_000007_correct_2,truthfulqa,correct_answer,0,0,0.47816636160413206
Logistic Regression,grouped_80_20,truthfulqa_000007_correct_3,truthfulqa,correct_answer,0,0,0.4710575513256484
Logistic Regression,grouped_80_20,truthfulqa_000007_incorrect_0,truthfulqa,incorrect_answer,1,1,0.705894920907752
Logistic Regression,grouped_80_20,truthfulqa_000007_incorrect_1,truthfulqa,incorrect_answer,1,1,0.608217981916178
Logistic Regression,grouped_80_20,truthfulqa_000007_incorrect_2,truthfulqa,incorrect_answer,1,1,0.5893545781697017
Logistic Regression,grouped_80_20,truthfulqa_000007_incorrect_3,truthfulqa,incorrect_answer,1,1,0.64063017289756
Logistic Regression,grouped_80_20,truthfulqa_000010_correct_0,truthfulqa,correct_answer,0,1,0.5213813634716498
Logistic Regression,grouped_80_20,truthfulqa_000010_incorrect_0,truthfulqa,incorrect_answer,1,1,0.56795028988022
Logistic Regression,grouped_80_20,truthfulqa_000010_incorrect_1,truthfulqa,incorrect_answer,1,0,0.48213930181236153
Logistic Regression,grouped_80_20,truthfulqa_000010_incorrect_2,truthfulqa,incorrect_answer,1,1,0.5277994450338247
Logistic Regression,grouped_80_20,truthfulqa_000023_correct_0,truthfulqa,correct_answer,0,1,0.6315958188502292
Logistic Regression,grouped_80_20,truthfulqa_000023_correct_1,truthfulqa,correct_answer,0,0,0.3610424695518686
Logistic Regression,grouped_80_20,truthfulqa_000023_incorrect_0,truthfulqa,incorrect_answer,1,1,0.648207643205406
Logistic Regression,grouped_80_20,truthfulqa_000023_incorrect_1,truthfulqa,incorrect_answer,1,1,0.5195955412466133
Logistic Regression,grouped_80_20,truthfulqa_000029_correct_0,truthfulqa,correct_answer,0,1,0.5968211547221105
Logistic Regression,grouped_80_20,truthfulqa_000029_correct_1,truthfulqa,correct_answer,0,0,0.2771338016064937
Logistic Regression,grouped_80_20,truthfulqa_000029_incorrect_0,truthfulqa,incorrect_answer,1,1,0.6675044752682993
Logistic Regression,grouped_80_20,truthfulqa_000029_incorrect_1,truthfulqa,incorrect_answer,1,1,0.6152029177204553
Logistic Regression,grouped_80_20,truthfulqa_000029_incorrect_2,truthfulqa,incorrect_answer,1,1,0.5695749025900934
Logistic Regression,grouped_80_20,truthfulqa_000029_incorrect_3,truthfulqa,incorrect_answer,1,1,0.5631230311923776
Logistic Regression,grouped_80_20,truthfulqa_000030_correct_0,truthfulqa,correct_answer,0,1,0.5726479931761784
Logistic Regression,grouped_80_20,truthfulqa_000030_correct_1,truthfulqa,correct_answer,0,0,0.2972787585516017
Logistic Regression,grouped_80_20,truthfulqa_000030_incorrect_0,truthfulqa,incorrect_answer,1,1,0.5829227336523358
Logistic Regression,grouped_80_20,truthfulqa_000030_incorrect_1,truthfulqa,incorrect_answer,1,1,0.5670815130281053
Logistic Regression,grouped_80_20,truthfulqa_000030_incorrect_2,truthfulqa,incorrect_answer,1,1,0.7641279978575554
Logistic Regression,grouped_80_20,truthfulqa_000031_correct_0,truthfulqa,correct_answer,0,1,0.6060468044973524
Logistic Regression,grouped_80_20,truthfulqa_000031_correct_1,truthfulqa,correct_answer,0,1,0.5255685519307166
Logistic Regression,grouped_80_20,truthfulqa_000031_incorrect_0,truthfulqa,incorrect_answer,1,1,0.5927991043148093
Logistic Regression,grouped_80_20,truthfulqa_000031_incorrect_1,truthfulqa,incorrect_answer,1,1,0.6050743458290904
Logistic Regression,grouped_80_20,truthfulqa_000031_incorrect_2,truthfulqa,incorrect_answer,1,1,0.5225361139271408
Logistic Regression,grouped_80_20,truthfulqa_000031_incorrect_3,truthfulqa,incorrect_answer,1,1,0.5251331396793305
Logistic Regression,grouped_80_20,truthfulqa_000031_incorrect_4,truthfulqa,incorrect_answer,1,1,0.5432535612299922
Logistic Regression,grouped_80_20,truthfulqa_000031_incorrect_5,truthfulqa,incorrect_answer,1,1,0.5208732580157165
Logistic Regression,grouped_80_20,truthfulqa_000033_correct_0,truthfulqa,correct_answer,0,1,0.6540407801518892
Logistic Regression,grouped_80_20,truthfulqa_000033_correct_1,truthfulqa,correct_answer,0,1,0.8394429809926047
Logistic Regression,grouped_80_20,truthfulqa_000033_correct_2,truthfulqa,correct_answer,0,1,0.8286781013364809
Logistic Regression,grouped_80_20,truthfulqa_000033_correct_3,truthfulqa,correct_answer,0,1,0.6981779279623268
Logistic Regression,grouped_80_20,truthfulqa_000033_correct_4,truthfulqa,correct_answer,0,1,0.5449348119904566
Logistic Regression,grouped_80_20,truthfulqa_000033_correct_5,truthfulqa,correct_answer,0,1,0.5486757818301659
Logistic Regression,grouped_80_20,truthfulqa_000033_correct_6,truthfulqa,correct_answer,0,1,0.5213778472117462
Logistic Regression,grouped_80_20,truthfulqa_000033_incorrect_0,truthfulqa,incorrect_answer,1,1,0.5942780393889138
Logistic Regression,grouped_80_20,truthfulqa_000033_incorrect_1,truthfulqa,incorrect_answer,1,1,0.6252140046094791
Logistic Regression,grouped_80_20,truthfulqa_000033_incorrect_2,truthfulqa,incorrect_answer,1,1,0.5398214510281946
Logistic Regression,grouped_80_20,truthfulqa_000033_incorrect_3,truthfulqa,incorrect_answer,1,1,0.5408717138326438
Logistic Regression,grouped_80_20,truthfulqa_000033_incorrect_4,truthfulqa,incorrect_answer,1,0,0.48957923615279464
Logistic Regression,grouped_80_20,truthfulqa_000033_incorrect_5,truthfulqa,incorrect_answer,1,1,0.5252771509567589
Logistic Regression,grouped_80_20,truthfulqa_000033_incorrect_6,truthfulqa,incorrect_answer,1,1,0.5944324041844498
Logistic Regression,grouped_80_20,truthfulqa_000033_incorrect_7,truthfulqa,incorrect_answer,1,1,0.6133855630408587
Logistic Regression,grouped_80_20,truthfulqa_000033_incorrect_8,truthfulqa,incorrect_answer,1,1,0.8447172690922674
Logistic Regression,grouped_80_20,truthfulqa_000039_correct_0,truthfulqa,correct_answer,0,1,0.6904218105906003
Logistic Regression,grouped_80_20,truthfulqa_000039_correct_1,truthfulqa,correct_answer,0,1,0.7368706897349262
Logistic Regression,grouped_80_20,truthfulqa_000039_correct_2,truthfulqa,correct_answer,0,1,0.8612126593340069
Logistic Regression,grouped_80_20,truthfulqa_000039_correct_3,truthfulqa,correct_answer,0,1,0.727293091660784
Logistic Regression,grouped_80_20,truthfulqa_000039_correct_4,truthfulqa,correct_answer,0,1,0.8071226648994323
Logistic Regression,grouped_80_20,truthfulqa_000039_incorrect_0,truthfulqa,incorrect_answer,1,1,0.8562401760838043
Logistic Regression,grouped_80_20,truthfulqa_000039_incorrect_1,truthfulqa,incorrect_answer,1,1,0.8527673438826879
Logistic Regression,grouped_80_20,truthfulqa_000039_incorrect_2,truthfulqa,incorrect_answer,1,1,0.6879771343016412
Logistic Regression,grouped_80_20,truthfulqa_000039_incorrect_3,truthfulqa,incorrect_answer,1,1,0.8610031844577117
Logistic Regression,grouped_80_20,truthfulqa_000039_incorrect_4,truthfulqa,incorrect_answer,1,1,0.7204039224281367
Logistic Regression,grouped_80_20,truthfulqa_000049_correct_0,truthfulqa,correct_answer,0,0,0.2809986655980839
Logistic Regression,grouped_80_20,truthfulqa_000049_correct_1,truthfulqa,correct_answer,0,0,0.45150051616394693
Logistic Regression,grouped_80_20,truthfulqa_000049_correct_2,truthfulqa,correct_answer,0,0,0.3940347642874466
Logistic Regression,grouped_80_20,truthfulqa_000049_incorrect_0,truthfulqa,incorrect_answer,1,1,0.5924559328497523
Logistic Regression,grouped_80_20,truthfulqa_000049_incorrect_1,truthfulqa,incorrect_answer,1,0,0.43575650020912904
Logistic Regression,grouped_80_20,truthfulqa_000049_incorrect_2,truthfulqa,incorrect_answer,1,0,0.43488281380638527
Logistic Regression,grouped_80_20,truthfulqa_000049_incorrect_3,truthfulqa,incorrect_answer,1,0,0.3901118643976426
Logistic Regression,grouped_80_20,truthfulqa_000054_correct_0,truthfulqa,correct_answer,0,1,0.705683748100828
Logistic Regression,grouped_80_20,truthfulqa_000054_correct_1,truthfulqa,correct_answer,0,1,0.6530041629467338
Logistic Regression,grouped_80_20,truthfulqa_000054_correct_2,truthfulqa,correct_answer,0,1,0.6941064510030972
Logistic Regression,grouped_80_20,truthfulqa_000054_incorrect_0,truthfulqa,incorrect_answer,1,1,0.6522418543426559
Logistic Regression,grouped_80_20,truthfulqa_000054_incorrect_1,truthfulqa,incorrect_answer,1,1,0.5950233610831686
Logistic Regression,grouped_80_20,truthfulqa_000054_incorrect_2,truthfulqa,incorrect_answer,1,1,0.5963233032710918
Logistic Regression,grouped_80_20,truthfulqa_000054_incorrect_3,truthfulqa,incorrect_answer,1,1,0.6061207690932056
Logistic Regression,grouped_80_20,truthfulqa_000063_correct_0,truthfulqa,correct_answer,0,0,0.42806818677114544
Logistic Regression,grouped_80_20,truthfulqa_000063_correct_1,truthfulqa,correct_answer,0,1,0.5411576006335411
Logistic Regression,grouped_80_20,truthfulqa_000063_incorrect_0,truthfulqa,incorrect_answer,1,1,0.7373209559507815
Logistic Regression,grouped_80_20,truthfulqa_000063_incorrect_1,truthfulqa,incorrect_answer,1,1,0.7330743020161682
Logistic Regression,grouped_80_20,truthfulqa_000063_incorrect_2,truthfulqa,incorrect_answer,1,1,0.6547595024285413
Logistic Regression,grouped_80_20,truthfulqa_000063_incorrect_3,truthfulqa,incorrect_answer,1,1,0.66457037370941
Logistic Regression,grouped_80_20,truthfulqa_000065_correct_0,truthfulqa,correct_answer,0,1,0.64340281316665
Logistic Regression,grouped_80_20,truthfulqa_000065_correct_1,truthfulqa,correct_answer,0,1,0.6232513312099162
Logistic Regression,grouped_80_20,truthfulqa_000065_correct_2,truthfulqa,correct_answer,0,0,0.36322473404538125
Logistic Regression,grouped_80_20,truthfulqa_000065_correct_3,truthfulqa,correct_answer,0,0,0.4526145865707401
Logistic Regression,grouped_80_20,truthfulqa_000065_incorrect_0,truthfulqa,incorrect_answer,1,1,0.539290859598797
Logistic Regression,grouped_80_20,truthfulqa_000065_incorrect_1,truthfulqa,incorrect_answer,1,1,0.6287196885225583
Logistic Regression,grouped_80_20,truthfulqa_000065_incorrect_2,truthfulqa,incorrect_answer,1,1,0.6428532908049064
Logistic Regression,grouped_80_20,truthfulqa_000066_correct_0,truthfulqa,correct_answer,0,0,0.2959627294128952
Logistic Regression,grouped_80_20,truthfulqa_000066_correct_1,truthfulqa,correct_answer,0,1,0.745838013675162
Logistic Regression,grouped_80_20,truthfulqa_000066_correct_2,truthfulqa,correct_answer,0,1,0.5255065453791444
Logistic Regression,grouped_80_20,truthfulqa_000066_incorrect_0,truthfulqa,incorrect_answer,1,1,0.6228598065070198
Logistic Regression,grouped_80_20,truthfulqa_000066_incorrect_1,truthfulqa,incorrect_answer,1,1,0.5852320881806883
Logistic Regression,grouped_80_20,truthfulqa_000066_incorrect_2,truthfulqa,incorrect_answer,1,1,0.6289414650260405
Logistic Regression,grouped_80_20,truthfulqa_000067_correct_0,truthfulqa,correct_answer,0,1,0.7521723452186044
Logistic Regression,grouped_80_20,truthfulqa_000067_correct_1,truthfulqa,correct_answer,0,1,0.6501131678372831
Logistic Regression,grouped_80_20,truthfulqa_000067_correct_2,truthfulqa,correct_answer,0,1,0.6718753671505898
Logistic Regression,grouped_80_20,truthfulqa_000067_incorrect_0,truthfulqa,incorrect_answer,1,1,0.7453551926747102
Logistic Regression,grouped_80_20,truthfulqa_000067_incorrect_1,truthfulqa,incorrect_answer,1,1,0.6123688628937323
Logistic Regression,grouped_80_20,truthfulqa_000072_correct_0,truthfulqa,correct_answer,0,1,0.6176589305526247
Logistic Regression,grouped_80_20,truthfulqa_000072_correct_1,truthfulqa,correct_answer,0,1,0.721143472037184
Logistic Regression,grouped_80_20,truthfulqa_000072_correct_2,truthfulqa,correct_answer,0,0,0.4996630296076217
Logistic Regression,grouped_80_20,truthfulqa_000072_correct_3,truthfulqa,correct_answer,0,1,0.6260170746243328
Logistic Regression,grouped_80_20,truthfulqa_000072_incorrect_0,truthfulqa,incorrect_answer,1,0,0.355914030750978
Logistic Regression,grouped_80_20,truthfulqa_000072_incorrect_1,truthfulqa,incorrect_answer,1,1,0.7178134958154371
Logistic Regression,grouped_80_20,truthfulqa_000072_incorrect_2,truthfulqa,incorrect_answer,1,1,0.5109751018419484
Logistic Regression,grouped_80_20,truthfulqa_000072_incorrect_3,truthfulqa,incorrect_answer,1,0,0.4470183598034195
Logistic Regression,grouped_80_20,truthfulqa_000076_correct_0,truthfulqa,correct_answer,0,0,0.49492627299523473
Logistic Regression,grouped_80_20,truthfulqa_000076_correct_1,truthfulqa,correct_answer,0,1,0.7027273549411236
Logistic Regression,grouped_80_20,truthfulqa_000076_correct_2,truthfulqa,correct_answer,0,0,0.4789006726667644
Logistic Regression,grouped_80_20,truthfulqa_000076_incorrect_0,truthfulqa,incorrect_answer,1,1,0.6913090091483428
Logistic Regression,grouped_80_20,truthfulqa_000076_incorrect_1,truthfulqa,incorrect_answer,1,0,0.3070278656387529
Logistic Regression,grouped_80_20,truthfulqa_000076_incorrect_2,truthfulqa,incorrect_answer,1,0,0.4439842834892085
Logistic Regression,grouped_80_20,truthfulqa_000077_correct_0,truthfulqa,correct_answer,0,1,0.5893007234826719
Logistic Regression,grouped_80_20,truthfulqa_000077_correct_1,truthfulqa,correct_answer,0,0,0.3598442583682484
Logistic Regression,grouped_80_20,truthfulqa_000077_correct_2,truthfulqa,correct_answer,0,0,0.3754231422440663
Logistic Regression,grouped_80_20,truthfulqa_000077_incorrect_0,truthfulqa,incorrect_answer,1,1,0.7336149137232787
Logistic Regression,grouped_80_20,truthfulqa_000077_incorrect_1,truthfulqa,incorrect_answer,1,1,0.7567856565424866
Logistic Regression,grouped_80_20,truthfulqa_000077_incorrect_2,truthfulqa,incorrect_answer,1,0,0.4231977301252201
Logistic Regression,grouped_80_20,truthfulqa_000078_correct_0,truthfulqa,correct_answer,0,0,0.45365660838291655
Logistic Regression,grouped_80_20,truthfulqa_000078_correct_1,truthfulqa,correct_answer,0,0,0.4298384152425521
Logistic Regression,grouped_80_20,truthfulqa_000078_correct_2,truthfulqa,correct_answer,0,0,0.3816909304708451
Logistic Regression,grouped_80_20,truthfulqa_000078_correct_3,truthfulqa,correct_answer,0,0,0.337442721724778
Logistic Regression,grouped_80_20,truthfulqa_000078_incorrect_0,truthfulqa,incorrect_answer,1,0,0.3723272510717068
Logistic Regression,grouped_80_20,truthfulqa_000078_incorrect_1,truthfulqa,incorrect_answer,1,0,0.25327059511097716
Logistic Regression,grouped_80_20,truthfulqa_000078_incorrect_2,truthfulqa,incorrect_answer,1,0,0.43606843180550875
Logistic Regression,grouped_80_20,truthfulqa_000078_incorrect_3,truthfulqa,incorrect_answer,1,0,0.26725871990660455
Logistic Regression,grouped_80_20,truthfulqa_000078_incorrect_4,truthfulqa,incorrect_answer,1,1,0.5094845431059442
Logistic Regression,grouped_80_20,truthfulqa_000081_correct_0,truthfulqa,correct_answer,0,0,0.455000119475396
Logistic Regression,grouped_80_20,truthfulqa_000081_correct_1,truthfulqa,correct_answer,0,1,0.5451732571400149
Logistic Regression,grouped_80_20,truthfulqa_000081_correct_2,truthfulqa,correct_answer,0,0,0.44508645804348346
Logistic Regression,grouped_80_20,truthfulqa_000081_correct_3,truthfulqa,correct_answer,0,0,0.3839568213199665
Logistic Regression,grouped_80_20,truthfulqa_000081_incorrect_0,truthfulqa,incorrect_answer,1,0,0.4219926742203081
Logistic Regression,grouped_80_20,truthfulqa_000081_incorrect_1,truthfulqa,incorrect_answer,1,1,0.5723467744765978
Logistic Regression,grouped_80_20,truthfulqa_000081_incorrect_2,truthfulqa,incorrect_answer,1,1,0.582746495286791
Logistic Regression,grouped_80_20,truthfulqa_000081_incorrect_3,truthfulqa,incorrect_answer,1,1,0.6775581945191743
Logistic Regression,grouped_80_20,truthfulqa_000081_incorrect_4,truthfulqa,incorrect_answer,1,0,0.37035957475144815
Logistic Regression,grouped_80_20,truthfulqa_000084_correct_0,truthfulqa,correct_answer,0,1,0.7287001582059505
Logistic Regression,grouped_80_20,truthfulqa_000084_incorrect_0,truthfulqa,incorrect_answer,1,1,0.5169419799929001
Logistic Regression,grouped_80_20,truthfulqa_000084_incorrect_1,truthfulqa,incorrect_answer,1,0,0.4872854321138893
Logistic Regression,grouped_80_20,truthfulqa_000084_incorrect_2,truthfulqa,incorrect_answer,1,0,0.3193035281842588
Logistic Regression,grouped_80_20,truthfulqa_000084_incorrect_3,truthfulqa,incorrect_answer,1,0,0.2600266349690173
Logistic Regression,grouped_80_20,truthfulqa_000084_incorrect_4,truthfulqa,incorrect_answer,1,0,0.45919160818482296
Logistic Regression,grouped_80_20,truthfulqa_000086_correct_0,truthfulqa,correct_answer,0,1,0.6255214356170661
Logistic Regression,grouped_80_20,truthfulqa_000086_incorrect_0,truthfulqa,incorrect_answer,1,1,0.8587496326370698
Logistic Regression,grouped_80_20,truthfulqa_000086_incorrect_1,truthfulqa,incorrect_answer,1,1,0.7440063439580463
Logistic Regression,grouped_80_20,truthfulqa_000086_incorrect_2,truthfulqa,incorrect_answer,1,1,0.7985047287692703
Logistic Regression,grouped_80_20,truthfulqa_000096_correct_0,truthfulqa,correct_answer,0,1,0.5912528635919664
Logistic Regression,grouped_80_20,truthfulqa_000096_correct_1,truthfulqa,correct_answer,0,1,0.6090490659132725
Logistic Regression,grouped_80_20,truthfulqa_000096_correct_2,truthfulqa,correct_answer,0,1,0.5454353518818085
Logistic Regression,grouped_80_20,truthfulqa_000096_incorrect_0,truthfulqa,incorrect_answer,1,0,0.38283320404215715
Logistic Regression,grouped_80_20,truthfulqa_000096_incorrect_1,truthfulqa,incorrect_answer,1,0,0.445815883994722
Logistic Regression,grouped_80_20,truthfulqa_000096_incorrect_2,truthfulqa,incorrect_answer,1,0,0.49419556766260797
Logistic Regression,grouped_80_20,truthfulqa_000097_correct_0,truthfulqa,correct_answer,0,0,0.35772895602526433
Logistic Regression,grouped_80_20,truthfulqa_000097_correct_1,truthfulqa,correct_answer,0,0,0.15649529851277647
Logistic Regression,grouped_80_20,truthfulqa_000097_correct_2,truthfulqa,correct_answer,0,0,0.37057486038321275
Logistic Regression,grouped_80_20,truthfulqa_000097_incorrect_0,truthfulqa,incorrect_answer,1,1,0.6506282457374611
Logistic Regression,grouped_80_20,truthfulqa_000097_incorrect_1,truthfulqa,incorrect_answer,1,0,0.4855817033498064
Logistic Regression,grouped_80_20,truthfulqa_000097_incorrect_2,truthfulqa,incorrect_answer,1,1,0.5827521603672405
Logistic Regression,grouped_80_20,truthfulqa_000097_incorrect_3,truthfulqa,incorrect_answer,1,1,0.7866450617379442
Logistic Regression,grouped_80_20,truthfulqa_000101_correct_0,truthfulqa,correct_answer,0,1,0.6887963539998578
Logistic Regression,grouped_80_20,truthfulqa_000101_correct_1,truthfulqa,correct_answer,0,1,0.5468099923358166
Logistic Regression,grouped_80_20,truthfulqa_000101_correct_2,truthfulqa,correct_answer,0,1,0.5833666081379715
Logistic Regression,grouped_80_20,truthfulqa_000101_correct_3,truthfulqa,correct_answer,0,1,0.57977029763073
Logistic Regression,grouped_80_20,truthfulqa_000101_correct_4,truthfulqa,correct_answer,0,0,0.4950671326468694
Logistic Regression,grouped_80_20,truthfulqa_000101_incorrect_0,truthfulqa,incorrect_answer,1,1,0.7396414052990137
Logistic Regression,grouped_80_20,truthfulqa_000101_incorrect_1,truthfulqa,incorrect_answer,1,1,0.5279461189056501
Logistic Regression,grouped_80_20,truthfulqa_000101_incorrect_2,truthfulqa,incorrect_answer,1,1,0.5843217746408711
Logistic Regression,grouped_80_20,truthfulqa_000109_correct_0,truthfulqa,correct_answer,0,0,0.4117233255278293
Logistic Regression,grouped_80_20,truthfulqa_000109_correct_1,truthfulqa,correct_answer,0,0,0.4503033856000284
Logistic Regression,grouped_80_20,truthfulqa_000109_correct_2,truthfulqa,correct_answer,0,0,0.22909919865473177
Logistic Regression,grouped_80_20,truthfulqa_000109_correct_3,truthfulqa,correct_answer,0,0,0.3553796972364157
Logistic Regression,grouped_80_20,truthfulqa_000109_incorrect_0,truthfulqa,incorrect_answer,1,1,0.7189595661859715
Logistic Regression,grouped_80_20,truthfulqa_000109_incorrect_1,truthfulqa,incorrect_answer,1,1,0.5178944481406846
Logistic Regression,grouped_80_20,truthfulqa_000109_incorrect_2,truthfulqa,incorrect_answer,1,1,0.5590462862185528
Logistic Regression,grouped_80_20,truthfulqa_000110_correct_0,truthfulqa,correct_answer,0,0,0.42388406330597755
Logistic Regression,grouped_80_20,truthfulqa_000110_correct_1,truthfulqa,correct_answer,0,1,0.584546026989006
Logistic Regression,grouped_80_20,truthfulqa_000110_correct_2,truthfulqa,correct_answer,0,0,0.48492058487891226
Logistic Regression,grouped_80_20,truthfulqa_000110_incorrect_0,truthfulqa,incorrect_answer,1,1,0.6295839379356928
Logistic Regression,grouped_80_20,truthfulqa_000110_incorrect_1,truthfulqa,incorrect_answer,1,0,0.3828781066184426
Logistic Regression,grouped_80_20,truthfulqa_000110_incorrect_2,truthfulqa,incorrect_answer,1,0,0.47192044944546496
Logistic Regression,grouped_80_20,truthfulqa_000110_incorrect_3,truthfulqa,incorrect_answer,1,0,0.40928819263370986
Logistic Regression,grouped_80_20,truthfulqa_000118_correct_0,truthfulqa,correct_answer,0,0,0.40875428353670895
Logistic Regression,grouped_80_20,truthfulqa_000118_correct_1,truthfulqa,correct_answer,0,1,0.6004806427339056
Logistic Regression,grouped_80_20,truthfulqa_000118_correct_2,truthfulqa,correct_answer,0,1,0.6086502607656074
Logistic Regression,grouped_80_20,truthfulqa_000118_correct_3,truthfulqa,correct_answer,0,0,0.46284838185806243
Logistic Regression,grouped_80_20,truthfulqa_000118_incorrect_0,truthfulqa,incorrect_answer,1,1,0.7388733053497133
Logistic Regression,grouped_80_20,truthfulqa_000118_incorrect_1,truthfulqa,incorrect_answer,1,1,0.7036714976506987
Logistic Regression,grouped_80_20,truthfulqa_000120_correct_0,truthfulqa,correct_answer,0,0,0.4139153889266749
Logistic Regression,grouped_80_20,truthfulqa_000120_correct_1,truthfulqa,correct_answer,0,0,0.4963078950620976
Logistic Regression,grouped_80_20,truthfulqa_000120_correct_2,truthfulqa,correct_answer,0,1,0.5054951200558322
Logistic Regression,grouped_80_20,truthfulqa_000120_correct_3,truthfulqa,correct_answer,0,0,0.43700906775544524
Logistic Regression,grouped_80_20,truthfulqa_000120_incorrect_0,truthfulqa,incorrect_answer,1,1,0.6134758750871596
Logistic Regression,grouped_80_20,truthfulqa_000120_incorrect_1,truthfulqa,incorrect_answer,1,1,0.5300486168508872
Logistic Regression,grouped_80_20,truthfulqa_000120_incorrect_2,truthfulqa,incorrect_answer,1,1,0.513063710225472
Logistic Regression,grouped_80_20,truthfulqa_000120_incorrect_3,truthfulqa,incorrect_answer,1,1,0.5457461016122309
Logistic Regression,grouped_80_20,truthfulqa_000137_correct_0,truthfulqa,correct_answer,0,0,0.44477938296250286
Logistic Regression,grouped_80_20,truthfulqa_000137_incorrect_0,truthfulqa,incorrect_answer,1,1,0.8077249803022007
Logistic Regression,grouped_80_20,truthfulqa_000137_incorrect_1,truthfulqa,incorrect_answer,1,1,0.7909204393643249
Logistic Regression,grouped_80_20,truthfulqa_000137_incorrect_2,truthfulqa,incorrect_answer,1,1,0.741656748944318
Logistic Regression,grouped_80_20,truthfulqa_000137_incorrect_3,truthfulqa,incorrect_answer,1,1,0.8390047765825352
Logistic Regression,grouped_80_20,truthfulqa_000139_correct_0,truthfulqa,correct_answer,0,0,0.4365808727704046
Logistic Regression,grouped_80_20,truthfulqa_000139_correct_1,truthfulqa,correct_answer,0,1,0.6866162154488774
Logistic Regression,grouped_80_20,truthfulqa_000139_incorrect_0,truthfulqa,incorrect_answer,1,1,0.7940226315552718
Logistic Regression,grouped_80_20,truthfulqa_000139_incorrect_1,truthfulqa,incorrect_answer,1,1,0.7905025313264753
Logistic Regression,grouped_80_20,truthfulqa_000139_incorrect_2,truthfulqa,incorrect_answer,1,1,0.7650298084153448
Logistic Regression,grouped_80_20,truthfulqa_000139_incorrect_3,truthfulqa,incorrect_answer,1,1,0.7213573274801355
Logistic Regression,grouped_80_20,truthfulqa_000139_incorrect_4,truthfulqa,incorrect_answer,1,1,0.7213458144061604
Logistic Regression,grouped_80_20,truthfulqa_000139_incorrect_5,truthfulqa,incorrect_answer,1,1,0.6216583333075663
Logistic Regression,grouped_80_20,truthfulqa_000155_correct_0,truthfulqa,correct_answer,0,0,0.38739063977057475
Logistic Regression,grouped_80_20,truthfulqa_000155_correct_1,truthfulqa,correct_answer,0,0,0.27463800133535204
Logistic Regression,grouped_80_20,truthfulqa_000155_correct_2,truthfulqa,correct_answer,0,1,0.5460843231156287
Logistic Regression,grouped_80_20,truthfulqa_000155_correct_3,truthfulqa,correct_answer,0,0,0.33117738964827836
Logistic Regression,grouped_80_20,truthfulqa_000155_incorrect_0,truthfulqa,incorrect_answer,1,1,0.6089546545665169
Logistic Regression,grouped_80_20,truthfulqa_000155_incorrect_1,truthfulqa,incorrect_answer,1,0,0.3447955415050093
Logistic Regression,grouped_80_20,truthfulqa_000155_incorrect_2,truthfulqa,incorrect_answer,1,1,0.6036091673412617
Logistic Regression,grouped_80_20,truthfulqa_000155_incorrect_3,truthfulqa,incorrect_answer,1,1,0.5862021368772349
Logistic Regression,grouped_80_20,truthfulqa_000168_correct_0,truthfulqa,correct_answer,0,1,0.5957062072592411
Logistic Regression,grouped_80_20,truthfulqa_000168_correct_1,truthfulqa,correct_answer,0,1,0.7857947533506484
Logistic Regression,grouped_80_20,truthfulqa_000168_correct_2,truthfulqa,correct_answer,0,1,0.7830897735448854
Logistic Regression,grouped_80_20,truthfulqa_000168_correct_3,truthfulqa,correct_answer,0,1,0.7110294491278233
Logistic Regression,grouped_80_20,truthfulqa_000168_correct_4,truthfulqa,correct_answer,0,1,0.6416064095679689
Logistic Regression,grouped_80_20,truthfulqa_000168_incorrect_0,truthfulqa,incorrect_answer,1,1,0.7838267821627026
Logistic Regression,grouped_80_20,truthfulqa_000168_incorrect_1,truthfulqa,incorrect_answer,1,1,0.6184066342395146
Logistic Regression,grouped_80_20,truthfulqa_000168_incorrect_2,truthfulqa,incorrect_answer,1,1,0.6281749842292357
Logistic Regression,grouped_80_20,truthfulqa_000168_incorrect_3,truthfulqa,incorrect_answer,1,1,0.6449260636324805
Logistic Regression,grouped_80_20,truthfulqa_000168_incorrect_4,truthfulqa,incorrect_answer,1,1,0.7831059675018499
Logistic Regression,grouped_80_20,truthfulqa_000196_correct_0,truthfulqa,correct_answer,0,1,0.6230102369200501
Logistic Regression,grouped_80_20,truthfulqa_000196_correct_1,truthfulqa,correct_answer,0,0,0.2902859957000192
Logistic Regression,grouped_80_20,truthfulqa_000196_incorrect_0,truthfulqa,incorrect_answer,1,1,0.8695003403500937
Logistic Regression,grouped_80_20,truthfulqa_000198_correct_0,truthfulqa,correct_answer,0,1,0.7225750256322715
Logistic Regression,grouped_80_20,truthfulqa_000198_incorrect_0,truthfulqa,incorrect_answer,1,1,0.676632214153439
Logistic Regression,grouped_80_20,truthfulqa_000199_correct_0,truthfulqa,correct_answer,0,1,0.5623380488279547
Logistic Regression,grouped_80_20,truthfulqa_000199_correct_1,truthfulqa,correct_answer,0,1,0.6479503230514048
Logistic Regression,grouped_80_20,truthfulqa_000199_incorrect_0,truthfulqa,incorrect_answer,1,1,0.6886152699788689
Logistic Regression,grouped_80_20,truthfulqa_000199_incorrect_1,truthfulqa,incorrect_answer,1,1,0.6100131663342578
Logistic Regression,grouped_80_20,truthfulqa_000204_correct_0,truthfulqa,correct_answer,0,0,0.49649736743197026
Logistic Regression,grouped_80_20,truthfulqa_000204_correct_1,truthfulqa,correct_answer,0,1,0.5400346764868476
Logistic Regression,grouped_80_20,truthfulqa_000204_correct_2,truthfulqa,correct_answer,0,0,0.23987556249083872
Logistic Regression,grouped_80_20,truthfulqa_000204_incorrect_0,truthfulqa,incorrect_answer,1,1,0.740516871540301
Logistic Regression,grouped_80_20,truthfulqa_000204_incorrect_1,truthfulqa,incorrect_answer,1,1,0.6622671210614915
Logistic Regression,grouped_80_20,truthfulqa_000204_incorrect_2,truthfulqa,incorrect_answer,1,1,0.591173282349355
Logistic Regression,grouped_80_20,truthfulqa_000208_correct_0,truthfulqa,correct_answer,0,0,0.37655448399218167
Logistic Regression,grouped_80_20,truthfulqa_000208_correct_1,truthfulqa,correct_answer,0,0,0.43163242038465344
Logistic Regression,grouped_80_20,truthfulqa_000208_incorrect_0,truthfulqa,incorrect_answer,1,1,0.5742669356664016
Logistic Regression,grouped_80_20,truthfulqa_000208_incorrect_1,truthfulqa,incorrect_answer,1,1,0.5989143025995088
Logistic Regression,grouped_80_20,truthfulqa_000208_incorrect_2,truthfulqa,incorrect_answer,1,1,0.5752120172266418
Logistic Regression,grouped_80_20,truthfulqa_000209_correct_0,truthfulqa,correct_answer,0,0,0.19497169478294943
Logistic Regression,grouped_80_20,truthfulqa_000209_correct_1,truthfulqa,correct_answer,0,1,0.5554413327976295
Logistic Regression,grouped_80_20,truthfulqa_000209_correct_2,truthfulqa,correct_answer,0,0,0.21924641522756472
Logistic Regression,grouped_80_20,truthfulqa_000209_incorrect_0,truthfulqa,incorrect_answer,1,0,0.4194010168042095
Logistic Regression,grouped_80_20,truthfulqa_000209_incorrect_1,truthfulqa,incorrect_answer,1,0,0.3453035971840255
Logistic Regression,grouped_80_20,truthfulqa_000209_incorrect_2,truthfulqa,incorrect_answer,1,0,0.34608147863469096
Logistic Regression,grouped_80_20,truthfulqa_000210_correct_0,truthfulqa,correct_answer,0,1,0.6835470788016917
Logistic Regression,grouped_80_20,truthfulqa_000210_incorrect_0,truthfulqa,incorrect_answer,1,1,0.7386374315793327
Logistic Regression,grouped_80_20,truthfulqa_000210_incorrect_1,truthfulqa,incorrect_answer,1,1,0.6855519681240207
Logistic Regression,grouped_80_20,truthfulqa_000210_incorrect_2,truthfulqa,incorrect_answer,1,1,0.5714144757329684
Logistic Regression,grouped_80_20,truthfulqa_000210_incorrect_3,truthfulqa,incorrect_answer,1,1,0.5663651700742766
Logistic Regression,grouped_80_20,truthfulqa_000210_incorrect_4,truthfulqa,incorrect_answer,1,1,0.6892561274367479
Logistic Regression,grouped_80_20,truthfulqa_000211_correct_0,truthfulqa,correct_answer,0,0,0.4535573215353978
Logistic Regression,grouped_80_20,truthfulqa_000211_correct_1,truthfulqa,correct_answer,0,1,0.5645787760727685
Logistic Regression,grouped_80_20,truthfulqa_000211_correct_2,truthfulqa,correct_answer,0,0,0.4929705910703447
Logistic Regression,grouped_80_20,truthfulqa_000211_incorrect_0,truthfulqa,incorrect_answer,1,1,0.5735435509859896
Logistic Regression,grouped_80_20,truthfulqa_000211_incorrect_1,truthfulqa,incorrect_answer,1,0,0.29197683905363053
Logistic Regression,grouped_80_20,truthfulqa_000211_incorrect_2,truthfulqa,incorrect_answer,1,0,0.32875870458559503
Logistic Regression,grouped_80_20,truthfulqa_000212_correct_0,truthfulqa,correct_answer,0,0,0.3797757430695597
Logistic Regression,grouped_80_20,truthfulqa_000212_correct_1,truthfulqa,correct_answer,0,1,0.5876240833530441
Logistic Regression,grouped_80_20,truthfulqa_000212_correct_2,truthfulqa,correct_answer,0,0,0.14943726201684912
Logistic Regression,grouped_80_20,truthfulqa_000212_incorrect_0,truthfulqa,incorrect_answer,1,1,0.628385660013689
Logistic Regression,grouped_80_20,truthfulqa_000212_incorrect_1,truthfulqa,incorrect_answer,1,0,0.35604152607725165
Logistic Regression,grouped_80_20,truthfulqa_000212_incorrect_2,truthfulqa,incorrect_answer,1,0,0.2964671942211437
Logistic Regression,grouped_80_20,truthfulqa_000213_correct_0,truthfulqa,correct_answer,0,1,0.5564568323502945
Logistic Regression,grouped_80_20,truthfulqa_000213_correct_1,truthfulqa,correct_answer,0,0,0.40400528496762445
Logistic Regression,grouped_80_20,truthfulqa_000213_correct_2,truthfulqa,correct_answer,0,0,0.44613557166747386
Logistic Regression,grouped_80_20,truthfulqa_000213_incorrect_0,truthfulqa,incorrect_answer,1,1,0.6082336979696155
Logistic Regression,grouped_80_20,truthfulqa_000213_incorrect_1,truthfulqa,incorrect_answer,1,1,0.5986037103044867
Logistic Regression,grouped_80_20,truthfulqa_000213_incorrect_2,truthfulqa,incorrect_answer,1,1,0.611411516393172
Logistic Regression,grouped_80_20,truthfulqa_000213_incorrect_3,truthfulqa,incorrect_answer,1,1,0.6044632831888163
Logistic Regression,grouped_80_20,truthfulqa_000215_correct_0,truthfulqa,correct_answer,0,0,0.4254829278533365
Logistic Regression,grouped_80_20,truthfulqa_000215_correct_1,truthfulqa,correct_answer,0,1,0.5629364949478399
Logistic Regression,grouped_80_20,truthfulqa_000215_correct_2,truthfulqa,correct_answer,0,0,0.4858744361727477
Logistic Regression,grouped_80_20,truthfulqa_000215_correct_3,truthfulqa,correct_answer,0,0,0.36165008189680947
Logistic Regression,grouped_80_20,truthfulqa_000215_correct_4,truthfulqa,correct_answer,0,0,0.3918444248874517
Logistic Regression,grouped_80_20,truthfulqa_000215_incorrect_0,truthfulqa,incorrect_answer,1,1,0.6873048269069393
Logistic Regression,grouped_80_20,truthfulqa_000215_incorrect_1,truthfulqa,incorrect_answer,1,1,0.7087940314793371
Logistic Regression,grouped_80_20,truthfulqa_000215_incorrect_2,truthfulqa,incorrect_answer,1,1,0.7487385175885344
Logistic Regression,grouped_80_20,truthfulqa_000218_correct_0,truthfulqa,correct_answer,0,1,0.6281314436480021
Logistic Regression,grouped_80_20,truthfulqa_000218_correct_1,truthfulqa,correct_answer,0,0,0.42454772874248375
Logistic Regression,grouped_80_20,truthfulqa_000218_correct_2,truthfulqa,correct_answer,0,1,0.5032464323108613
Logistic Regression,grouped_80_20,truthfulqa_000218_correct_3,truthfulqa,correct_answer,0,0,0.2638186069891991
Logistic Regression,grouped_80_20,truthfulqa_000218_correct_4,truthfulqa,correct_answer,0,1,0.5944184046334986
Logistic Regression,grouped_80_20,truthfulqa_000218_correct_5,truthfulqa,correct_answer,0,1,0.5768370394871389
Logistic Regression,grouped_80_20,truthfulqa_000218_incorrect_0,truthfulqa,incorrect_answer,1,1,0.737032207807069
Logistic Regression,grouped_80_20,truthfulqa_000218_incorrect_1,truthfulqa,incorrect_answer,1,1,0.6662290921836851
Logistic Regression,grouped_80_20,truthfulqa_000218_incorrect_2,truthfulqa,incorrect_answer,1,1,0.6955982560434172
Logistic Regression,grouped_80_20,truthfulqa_000218_incorrect_3,truthfulqa,incorrect_answer,1,1,0.6870798565541338
Logistic Regression,grouped_80_20,truthfulqa_000218_incorrect_4,truthfulqa,incorrect_answer,1,1,0.7044949416010532
Logistic Regression,grouped_80_20,truthfulqa_000227_correct_0,truthfulqa,correct_answer,0,1,0.5206424483186006
Logistic Regression,grouped_80_20,truthfulqa_000227_correct_1,truthfulqa,correct_answer,0,0,0.3886518859415964
Logistic Regression,grouped_80_20,truthfulqa_000227_incorrect_0,truthfulqa,incorrect_answer,1,1,0.5345613472691885
Logistic Regression,grouped_80_20,truthfulqa_000227_incorrect_1,truthfulqa,incorrect_answer,1,0,0.37764537335827963
Logistic Regression,grouped_80_20,truthfulqa_000227_incorrect_2,truthfulqa,incorrect_answer,1,0,0.45370236294594296
Logistic Regression,grouped_80_20,truthfulqa_000227_incorrect_3,truthfulqa,incorrect_answer,1,1,0.6362767442246509
Logistic Regression,grouped_80_20,truthfulqa_000227_incorrect_4,truthfulqa,incorrect_answer,1,0,0.4741973805536573
Logistic Regression,grouped_80_20,truthfulqa_000239_correct_0,truthfulqa,correct_answer,0,1,0.6895281437153156
Logistic Regression,grouped_80_20,truthfulqa_000239_incorrect_0,truthfulqa,incorrect_answer,1,1,0.6383305587327347
Logistic Regression,grouped_80_20,truthfulqa_000239_incorrect_1,truthfulqa,incorrect_answer,1,1,0.5563754751464907
Logistic Regression,grouped_80_20,truthfulqa_000239_incorrect_2,truthfulqa,incorrect_answer,1,1,0.6335983723854502
Logistic Regression,grouped_80_20,truthfulqa_000244_correct_0,truthfulqa,correct_answer,0,1,0.774094284359223
Logistic Regression,grouped_80_20,truthfulqa_000244_incorrect_0,truthfulqa,incorrect_answer,1,1,0.7559471815573773
Logistic Regression,grouped_80_20,truthfulqa_000244_incorrect_1,truthfulqa,incorrect_answer,1,1,0.7698756678321885
Logistic Regression,grouped_80_20,truthfulqa_000244_incorrect_2,truthfulqa,incorrect_answer,1,1,0.765178272800101
Logistic Regression,grouped_80_20,truthfulqa_000244_incorrect_3,truthfulqa,incorrect_answer,1,1,0.7394659005972853
Logistic Regression,grouped_80_20,truthfulqa_000247_correct_0,truthfulqa,correct_answer,0,1,0.5164827436293676
Logistic Regression,grouped_80_20,truthfulqa_000247_correct_1,truthfulqa,correct_answer,0,1,0.5034030644524254
Logistic Regression,grouped_80_20,truthfulqa_000247_correct_2,truthfulqa,correct_answer,0,1,0.5890317858172969
Logistic Regression,grouped_80_20,truthfulqa_000247_incorrect_0,truthfulqa,incorrect_answer,1,1,0.6960623466444731
Logistic Regression,grouped_80_20,truthfulqa_000247_incorrect_1,truthfulqa,incorrect_answer,1,1,0.6992005671544262
Logistic Regression,grouped_80_20,truthfulqa_000247_incorrect_2,truthfulqa,incorrect_answer,1,1,0.7123017373381069
Logistic Regression,grouped_80_20,truthfulqa_000250_correct_0,truthfulqa,correct_answer,0,1,0.6969536922022074
Logistic Regression,grouped_80_20,truthfulqa_000250_correct_1,truthfulqa,correct_answer,0,1,0.611253915640684
Logistic Regression,grouped_80_20,truthfulqa_000250_correct_2,truthfulqa,correct_answer,0,0,0.23175763564683932
Logistic Regression,grouped_80_20,truthfulqa_000250_incorrect_0,truthfulqa,incorrect_answer,1,1,0.7741000922708586
Logistic Regression,grouped_80_20,truthfulqa_000254_correct_0,truthfulqa,correct_answer,0,1,0.6394222377550826
Logistic Regression,grouped_80_20,truthfulqa_000254_correct_1,truthfulqa,correct_answer,0,1,0.6378019689749075
Logistic Regression,grouped_80_20,truthfulqa_000254_correct_2,truthfulqa,correct_answer,0,0,0.1806053948804378
Logistic Regression,grouped_80_20,truthfulqa_000254_correct_3,truthfulqa,correct_answer,0,1,0.5325060449592823
Logistic Regression,grouped_80_20,truthfulqa_000254_incorrect_0,truthfulqa,incorrect_answer,1,1,0.6388937676529949
Logistic Regression,grouped_80_20,truthfulqa_000254_incorrect_1,truthfulqa,incorrect_answer,1,1,0.5770456842799769
Logistic Regression,grouped_80_20,truthfulqa_000254_incorrect_2,truthfulqa,incorrect_answer,1,1,0.5893865346353091
Logistic Regression,grouped_80_20,truthfulqa_000254_incorrect_3,truthfulqa,incorrect_answer,1,0,0.2447666472786055
Logistic Regression,grouped_80_20,truthfulqa_000259_correct_0,truthfulqa,correct_answer,0,1,0.6329325216785854
Logistic Regression,grouped_80_20,truthfulqa_000259_correct_1,truthfulqa,correct_answer,0,1,0.5978630955943669
Logistic Regression,grouped_80_20,truthfulqa_000259_incorrect_0,truthfulqa,incorrect_answer,1,1,0.7747666829687473
Logistic Regression,grouped_80_20,truthfulqa_000259_incorrect_1,truthfulqa,incorrect_answer,1,1,0.6650592116848927
Logistic Regression,grouped_80_20,truthfulqa_000260_correct_0,truthfulqa,correct_answer,0,1,0.7227741033066157
Logistic Regression,grouped_80_20,truthfulqa_000260_correct_1,truthfulqa,correct_answer,0,1,0.8057066467432883
Logistic Regression,grouped_80_20,truthfulqa_000260_incorrect_0,truthfulqa,incorrect_answer,1,1,0.7921610925723217
Logistic Regression,grouped_80_20,truthfulqa_000266_correct_0,truthfulqa,correct_answer,0,1,0.6825745109139021
Logistic Regression,grouped_80_20,truthfulqa_000266_correct_1,truthfulqa,correct_answer,0,1,0.6138426315426619
Logistic Regression,grouped_80_20,truthfulqa_000266_correct_2,truthfulqa,correct_answer,0,1,0.6521702385849713
Logistic Regression,grouped_80_20,truthfulqa_000266_incorrect_0,truthfulqa,incorrect_answer,1,1,0.6459365090998992
Logistic Regression,grouped_80_20,truthfulqa_000266_incorrect_1,truthfulqa,incorrect_answer,1,1,0.590292816501633
Logistic Regression,grouped_80_20,truthfulqa_000266_incorrect_2,truthfulqa,incorrect_answer,1,0,0.18491261886361543
Logistic Regression,grouped_80_20,truthfulqa_000275_correct_0,truthfulqa,correct_answer,0,0,0.48835829119752616
Logistic Regression,grouped_80_20,truthfulqa_000275_correct_1,truthfulqa,correct_answer,0,0,0.32262912150545586
Logistic Regression,grouped_80_20,truthfulqa_000275_correct_2,truthfulqa,correct_answer,0,0,0.26856722061619825
Logistic Regression,grouped_80_20,truthfulqa_000275_incorrect_0,truthfulqa,incorrect_answer,1,1,0.5824086105296139
Logistic Regression,grouped_80_20,truthfulqa_000275_incorrect_1,truthfulqa,incorrect_answer,1,1,0.6398553714804207
Logistic Regression,grouped_80_20,truthfulqa_000275_incorrect_2,truthfulqa,incorrect_answer,1,0,0.40018140278896314
Logistic Regression,grouped_80_20,truthfulqa_000281_correct_0,truthfulqa,correct_answer,0,0,0.49464616528120625
Logistic Regression,grouped_80_20,truthfulqa_000281_correct_1,truthfulqa,correct_answer,0,1,0.6316584431119653
Logistic Regression,grouped_80_20,truthfulqa_000281_correct_2,truthfulqa,correct_answer,0,1,0.6612875014307867
Logistic Regression,grouped_80_20,truthfulqa_000281_incorrect_0,truthfulqa,incorrect_answer,1,1,0.7049226821285163
Logistic Regression,grouped_80_20,truthfulqa_000281_incorrect_1,truthfulqa,incorrect_answer,1,1,0.7626019399839407
Logistic Regression,grouped_80_20,truthfulqa_000281_incorrect_2,truthfulqa,incorrect_answer,1,1,0.6439518131517946
Logistic Regression,grouped_80_20,truthfulqa_000281_incorrect_3,truthfulqa,incorrect_answer,1,1,0.7643740208947717
Logistic Regression,grouped_80_20,truthfulqa_000281_incorrect_4,truthfulqa,incorrect_answer,1,1,0.7637355574864858
Logistic Regression,grouped_80_20,truthfulqa_000281_incorrect_5,truthfulqa,incorrect_answer,1,1,0.6977222291788916
Logistic Regression,grouped_80_20,truthfulqa_000285_correct_0,truthfulqa,correct_answer,0,1,0.6029102359731483
Logistic Regression,grouped_80_20,truthfulqa_000285_correct_1,truthfulqa,correct_answer,0,0,0.35793699967178005
Logistic Regression,grouped_80_20,truthfulqa_000285_correct_2,truthfulqa,correct_answer,0,0,0.4564747349468995
Logistic Regression,grouped_80_20,truthfulqa_000285_correct_3,truthfulqa,correct_answer,0,0,0.49884127468762746
Logistic Regression,grouped_80_20,truthfulqa_000285_correct_4,truthfulqa,correct_answer,0,1,0.6604995000085825
Logistic Regression,grouped_80_20,truthfulqa_000285_incorrect_0,truthfulqa,incorrect_answer,1,0,0.41339284301597085
Logistic Regression,grouped_80_20,truthfulqa_000285_incorrect_1,truthfulqa,incorrect_answer,1,0,0.40525214894611716
Logistic Regression,grouped_80_20,truthfulqa_000285_incorrect_2,truthfulqa,incorrect_answer,1,0,0.38816970401172185
Logistic Regression,grouped_80_20,truthfulqa_000285_incorrect_3,truthfulqa,incorrect_answer,1,1,0.5062153888667387
Logistic Regression,grouped_80_20,truthfulqa_000286_correct_0,truthfulqa,correct_answer,0,0,0.4784091887296921
Logistic Regression,grouped_80_20,truthfulqa_000286_correct_1,truthfulqa,correct_answer,0,1,0.6346261471010083
Logistic Regression,grouped_80_20,truthfulqa_000286_correct_2,truthfulqa,correct_answer,0,0,0.21620646610659033
Logistic Regression,grouped_80_20,truthfulqa_000286_incorrect_0,truthfulqa,incorrect_answer,1,1,0.6220596056403644
Logistic Regression,grouped_80_20,truthfulqa_000290_correct_0,truthfulqa,correct_answer,0,1,0.6974116293348142
Logistic Regression,grouped_80_20,truthfulqa_000290_correct_1,truthfulqa,correct_answer,0,0,0.2127715021872636
Logistic Regression,grouped_80_20,truthfulqa_000290_incorrect_0,truthfulqa,incorrect_answer,1,1,0.7069225022952135
Logistic Regression,grouped_80_20,truthfulqa_000290_incorrect_1,truthfulqa,incorrect_answer,1,1,0.6859390594543222
Logistic Regression,grouped_80_20,truthfulqa_000294_correct_0,truthfulqa,correct_answer,0,1,0.5935285684521605
Logistic Regression,grouped_80_20,truthfulqa_000294_correct_1,truthfulqa,correct_answer,0,1,0.5283789958549158
Logistic Regression,grouped_80_20,truthfulqa_000294_correct_2,truthfulqa,correct_answer,0,0,0.38107186113606034
Logistic Regression,grouped_80_20,truthfulqa_000294_incorrect_0,truthfulqa,incorrect_answer,1,0,0.3960804217077834
Logistic Regression,grouped_80_20,truthfulqa_000294_incorrect_1,truthfulqa,incorrect_answer,1,0,0.4895374654380211
Logistic Regression,grouped_80_20,truthfulqa_000294_incorrect_2,truthfulqa,incorrect_answer,1,0,0.3778106894016375
Logistic Regression,grouped_80_20,truthfulqa_000294_incorrect_3,truthfulqa,incorrect_answer,1,0,0.25159581645465817
Logistic Regression,grouped_80_20,truthfulqa_000294_incorrect_4,truthfulqa,incorrect_answer,1,1,0.5380734887351697
Logistic Regression,grouped_80_20,truthfulqa_000294_incorrect_5,truthfulqa,incorrect_answer,1,0,0.45296640507174385
Logistic Regression,grouped_80_20,truthfulqa_000306_correct_0,truthfulqa,correct_answer,0,1,0.6599480985873556
Logistic Regression,grouped_80_20,truthfulqa_000306_correct_1,truthfulqa,correct_answer,0,1,0.6424495151698231
Logistic Regression,grouped_80_20,truthfulqa_000306_correct_2,truthfulqa,correct_answer,0,1,0.5831813277047951
Logistic Regression,grouped_80_20,truthfulqa_000306_correct_3,truthfulqa,correct_answer,0,0,0.39725779265071415
Logistic Regression,grouped_80_20,truthfulqa_000306_correct_4,truthfulqa,correct_answer,0,1,0.5846355372051008
Logistic Regression,grouped_80_20,truthfulqa_000306_incorrect_0,truthfulqa,incorrect_answer,1,1,0.5899102129786966
Logistic Regression,grouped_80_20,truthfulqa_000306_incorrect_1,truthfulqa,incorrect_answer,1,1,0.5805458053671048
Logistic Regression,grouped_80_20,truthfulqa_000306_incorrect_2,truthfulqa,incorrect_answer,1,1,0.5143365372676034
Logistic Regression,grouped_80_20,truthfulqa_000306_incorrect_3,truthfulqa,incorrect_answer,1,1,0.5340186382525784
Logistic Regression,grouped_80_20,truthfulqa_000306_incorrect_4,truthfulqa,incorrect_answer,1,0,0.39615169154803626
Logistic Regression,grouped_80_20,truthfulqa_000306_incorrect_5,truthfulqa,incorrect_answer,1,1,0.5698649339245373
Logistic Regression,grouped_80_20,truthfulqa_000311_correct_0,truthfulqa,correct_answer,0,1,0.7113845959003257
Logistic Regression,grouped_80_20,truthfulqa_000311_correct_1,truthfulqa,correct_answer,0,1,0.6164466178508129
Logistic Regression,grouped_80_20,truthfulqa_000311_correct_2,truthfulqa,correct_answer,0,1,0.5121033721315756
Logistic Regression,grouped_80_20,truthfulqa_000311_correct_3,truthfulqa,correct_answer,0,0,0.4593655755217803
Logistic Regression,grouped_80_20,truthfulqa_000311_incorrect_0,truthfulqa,incorrect_answer,1,1,0.5962312869116696
Logistic Regression,grouped_80_20,truthfulqa_000311_incorrect_1,truthfulqa,incorrect_answer,1,0,0.4162345810842933
Logistic Regression,grouped_80_20,truthfulqa_000311_incorrect_2,truthfulqa,incorrect_answer,1,0,0.4280125528337659
Logistic Regression,grouped_80_20,truthfulqa_000311_incorrect_3,truthfulqa,incorrect_answer,1,1,0.5055358238323662
Logistic Regression,grouped_80_20,truthfulqa_000314_correct_0,truthfulqa,correct_answer,0,1,0.5197824968666532
Logistic Regression,grouped_80_20,truthfulqa_000314_correct_1,truthfulqa,correct_answer,0,1,0.5111505110863392
Logistic Regression,grouped_80_20,truthfulqa_000314_correct_2,truthfulqa,correct_answer,0,0,0.3305373106986576
Logistic Regression,grouped_80_20,truthfulqa_000314_correct_3,truthfulqa,correct_answer,0,0,0.3711271621921878
Logistic Regression,grouped_80_20,truthfulqa_000314_incorrect_0,truthfulqa,incorrect_answer,1,1,0.6928599310596554
Logistic Regression,grouped_80_20,truthfulqa_000314_incorrect_1,truthfulqa,incorrect_answer,1,1,0.5310063360207148
Logistic Regression,grouped_80_20,truthfulqa_000314_incorrect_2,truthfulqa,incorrect_answer,1,0,0.45565176655444267
Logistic Regression,grouped_80_20,truthfulqa_000314_incorrect_3,truthfulqa,incorrect_answer,1,1,0.5366679218629432
Logistic Regression,grouped_80_20,truthfulqa_000323_correct_0,truthfulqa,correct_answer,0,1,0.695859505749183
Logistic Regression,grouped_80_20,truthfulqa_000323_correct_1,truthfulqa,correct_answer,0,0,0.4426230552128395
Logistic Regression,grouped_80_20,truthfulqa_000323_correct_2,truthfulqa,correct_answer,0,0,0.3219598958088948
Logistic Regression,grouped_80_20,truthfulqa_000323_correct_3,truthfulqa,correct_answer,0,1,0.6164574880921757
Logistic Regression,grouped_80_20,truthfulqa_000323_incorrect_0,truthfulqa,incorrect_answer,1,1,0.7346606066526938
Logistic Regression,grouped_80_20,truthfulqa_000323_incorrect_1,truthfulqa,incorrect_answer,1,1,0.6783602211343026
Logistic Regression,grouped_80_20,truthfulqa_000323_incorrect_2,truthfulqa,incorrect_answer,1,1,0.6233608375936193
Logistic Regression,grouped_80_20,truthfulqa_000323_incorrect_3,truthfulqa,incorrect_answer,1,1,0.5348234752178346
Logistic Regression,grouped_80_20,truthfulqa_000323_incorrect_4,truthfulqa,incorrect_answer,1,1,0.5357125053477523
Logistic Regression,grouped_80_20,truthfulqa_000331_correct_0,truthfulqa,correct_answer,0,0,0.4042056763021226
Logistic Regression,grouped_80_20,truthfulqa_000331_correct_1,truthfulqa,correct_answer,0,0,0.3616694846522844
Logistic Regression,grouped_80_20,truthfulqa_000331_correct_2,truthfulqa,correct_answer,0,0,0.41324940981108155
Logistic Regression,grouped_80_20,truthfulqa_000331_correct_3,truthfulqa,correct_answer,0,0,0.2545533350392756
Logistic Regression,grouped_80_20,truthfulqa_000331_correct_4,truthfulqa,correct_answer,0,0,0.2981569070338619
Logistic Regression,grouped_80_20,truthfulqa_000331_correct_5,truthfulqa,correct_answer,0,0,0.396244188343952
Logistic Regression,grouped_80_20,truthfulqa_000331_incorrect_0,truthfulqa,incorrect_answer,1,1,0.5759182911372567
Logistic Regression,grouped_80_20,truthfulqa_000331_incorrect_1,truthfulqa,incorrect_answer,1,0,0.4789511800692614
Logistic Regression,grouped_80_20,truthfulqa_000331_incorrect_2,truthfulqa,incorrect_answer,1,1,0.6017774040630206
Logistic Regression,grouped_80_20,truthfulqa_000331_incorrect_3,truthfulqa,incorrect_answer,1,1,0.7290616901001682
Logistic Regression,grouped_80_20,truthfulqa_000331_incorrect_4,truthfulqa,incorrect_answer,1,0,0.3940375305161571
Logistic Regression,grouped_80_20,truthfulqa_000332_correct_0,truthfulqa,correct_answer,0,1,0.7341246142693655
Logistic Regression,grouped_80_20,truthfulqa_000332_correct_1,truthfulqa,correct_answer,0,1,0.5767334107688119
Logistic Regression,grouped_80_20,truthfulqa_000332_correct_2,truthfulqa,correct_answer,0,1,0.6182602860843559
Logistic Regression,grouped_80_20,truthfulqa_000332_correct_3,truthfulqa,correct_answer,0,0,0.4829623570625831
Logistic Regression,grouped_80_20,truthfulqa_000332_correct_4,truthfulqa,correct_answer,0,1,0.5422467154676449
Logistic Regression,grouped_80_20,truthfulqa_000332_correct_5,truthfulqa,correct_answer,0,0,0.2537641893939991
Logistic Regression,grouped_80_20,truthfulqa_000332_correct_6,truthfulqa,correct_answer,0,0,0.44449476433947843
Logistic Regression,grouped_80_20,truthfulqa_000332_correct_7,truthfulqa,correct_answer,0,0,0.44323288794878696
Logistic Regression,grouped_80_20,truthfulqa_000332_correct_8,truthfulqa,correct_answer,0,0,0.38986560124451963
Logistic Regression,grouped_80_20,truthfulqa_000332_incorrect_0,truthfulqa,incorrect_answer,1,1,0.7895007453258928
Logistic Regression,grouped_80_20,truthfulqa_000332_incorrect_1,truthfulqa,incorrect_answer,1,0,0.48354114862717845
Logistic Regression,grouped_80_20,truthfulqa_000332_incorrect_2,truthfulqa,incorrect_answer,1,1,0.5544558814787446
Logistic Regression,grouped_80_20,truthfulqa_000332_incorrect_3,truthfulqa,incorrect_answer,1,0,0.48355078590638756
Logistic Regression,grouped_80_20,truthfulqa_000332_incorrect_4,truthfulqa,incorrect_answer,1,0,0.38176719260124703
Logistic Regression,grouped_80_20,truthfulqa_000332_incorrect_5,truthfulqa,incorrect_answer,1,1,0.7220037569529398
Logistic Regression,grouped_80_20,truthfulqa_000332_incorrect_6,truthfulqa,incorrect_answer,1,1,0.7405502083634227
Logistic Regression,grouped_80_20,truthfulqa_000332_incorrect_7,truthfulqa,incorrect_answer,1,0,0.40338295854117173
Logistic Regression,grouped_80_20,truthfulqa_000333_correct_0,truthfulqa,correct_answer,0,1,0.6109015173985843
Logistic Regression,grouped_80_20,truthfulqa_000333_correct_1,truthfulqa,correct_answer,0,1,0.5888458070115078
Logistic Regression,grouped_80_20,truthfulqa_000333_correct_2,truthfulqa,correct_answer,0,0,0.47445907542345156
Logistic Regression,grouped_80_20,truthfulqa_000333_correct_3,truthfulqa,correct_answer,0,0,0.34824615031779427
Logistic Regression,grouped_80_20,truthfulqa_000333_correct_4,truthfulqa,correct_answer,0,0,0.4191329422613977
Logistic Regression,grouped_80_20,truthfulqa_000333_correct_5,truthfulqa,correct_answer,0,0,0.49157332025708295
Logistic Regression,grouped_80_20,truthfulqa_000333_incorrect_0,truthfulqa,incorrect_answer,1,1,0.7052360596279501
Logistic Regression,grouped_80_20,truthfulqa_000333_incorrect_1,truthfulqa,incorrect_answer,1,1,0.5356104350311511
Logistic Regression,grouped_80_20,truthfulqa_000333_incorrect_2,truthfulqa,incorrect_answer,1,1,0.6364482953277821
Logistic Regression,grouped_80_20,truthfulqa_000333_incorrect_3,truthfulqa,incorrect_answer,1,0,0.40848638473223325
Logistic Regression,grouped_80_20,truthfulqa_000333_incorrect_4,truthfulqa,incorrect_answer,1,1,0.7386147211629671
Logistic Regression,grouped_80_20,truthfulqa_000334_correct_0,truthfulqa,correct_answer,0,1,0.6070777790352168
Logistic Regression,grouped_80_20,truthfulqa_000334_correct_1,truthfulqa,correct_answer,0,1,0.6043933073263874
Logistic Regression,grouped_80_20,truthfulqa_000334_correct_2,truthfulqa,correct_answer,0,0,0.48818700663778614
Logistic Regression,grouped_80_20,truthfulqa_000334_correct_3,truthfulqa,correct_answer,0,0,0.35182333282959716
Logistic Regression,grouped_80_20,truthfulqa_000334_correct_4,truthfulqa,correct_answer,0,0,0.34767032421562666
Logistic Regression,grouped_80_20,truthfulqa_000334_correct_5,truthfulqa,correct_answer,0,1,0.5326633699187895
Logistic Regression,grouped_80_20,truthfulqa_000334_incorrect_0,truthfulqa,incorrect_answer,1,1,0.7147155353645254
Logistic Regression,grouped_80_20,truthfulqa_000334_incorrect_1,truthfulqa,incorrect_answer,1,1,0.5590120445427187
Logistic Regression,grouped_80_20,truthfulqa_000334_incorrect_2,truthfulqa,incorrect_answer,1,1,0.6425602659582016
Logistic Regression,grouped_80_20,truthfulqa_000334_incorrect_3,truthfulqa,incorrect_answer,1,0,0.4420652025772416
Logistic Regression,grouped_80_20,truthfulqa_000334_incorrect_4,truthfulqa,incorrect_answer,1,1,0.7531759514464023
Logistic Regression,grouped_80_20,truthfulqa_000356_correct_0,truthfulqa,correct_answer,0,1,0.5109363377941176
Logistic Regression,grouped_80_20,truthfulqa_000356_correct_1,truthfulqa,correct_answer,0,1,0.6763905203466608
Logistic Regression,grouped_80_20,truthfulqa_000356_correct_2,truthfulqa,correct_answer,0,0,0.4718924436894711
Logistic Regression,grouped_80_20,truthfulqa_000356_correct_3,truthfulqa,correct_answer,0,0,0.4806074445626872
Logistic Regression,grouped_80_20,truthfulqa_000356_correct_4,truthfulqa,correct_answer,0,1,0.5218338577915673
Logistic Regression,grouped_80_20,truthfulqa_000356_incorrect_0,truthfulqa,incorrect_answer,1,0,0.3380252712371007
Logistic Regression,grouped_80_20,truthfulqa_000356_incorrect_1,truthfulqa,incorrect_answer,1,1,0.7259649893833787
Logistic Regression,grouped_80_20,truthfulqa_000356_incorrect_2,truthfulqa,incorrect_answer,1,0,0.416276266964859
Logistic Regression,grouped_80_20,truthfulqa_000356_incorrect_3,truthfulqa,incorrect_answer,1,0,0.3086327188712454
Logistic Regression,grouped_80_20,truthfulqa_000356_incorrect_4,truthfulqa,incorrect_answer,1,1,0.7082492328965074
Logistic Regression,grouped_80_20,truthfulqa_000356_incorrect_5,truthfulqa,incorrect_answer,1,0,0.396244188343952
Logistic Regression,grouped_80_20,truthfulqa_000357_correct_0,truthfulqa,correct_answer,0,1,0.5023178225379192
Logistic Regression,grouped_80_20,truthfulqa_000357_correct_1,truthfulqa,correct_answer,0,0,0.4482598945892297
Logistic Regression,grouped_80_20,truthfulqa_000357_correct_2,truthfulqa,correct_answer,0,0,0.3757406007410026
Logistic Regression,grouped_80_20,truthfulqa_000357_correct_3,truthfulqa,correct_answer,0,0,0.4289307074825017
Logistic Regression,grouped_80_20,truthfulqa_000357_correct_4,truthfulqa,correct_answer,0,0,0.4410144968207428
Logistic Regression,grouped_80_20,truthfulqa_000357_incorrect_0,truthfulqa,incorrect_answer,1,0,0.18348462071672134
Logistic Regression,grouped_80_20,truthfulqa_000357_incorrect_1,truthfulqa,incorrect_answer,1,1,0.5339986460672117
Logistic Regression,grouped_80_20,truthfulqa_000357_incorrect_2,truthfulqa,incorrect_answer,1,0,0.35053858800963855
Logistic Regression,grouped_80_20,truthfulqa_000357_incorrect_3,truthfulqa,incorrect_answer,1,0,0.2731436227516511
Logistic Regression,grouped_80_20,truthfulqa_000357_incorrect_4,truthfulqa,incorrect_answer,1,1,0.5390638406901422
Logistic Regression,grouped_80_20,truthfulqa_000357_incorrect_5,truthfulqa,incorrect_answer,1,0,0.396244188343952
Logistic Regression,grouped_80_20,truthfulqa_000360_correct_0,truthfulqa,correct_answer,0,1,0.5965080519625201
Logistic Regression,grouped_80_20,truthfulqa_000360_correct_1,truthfulqa,correct_answer,0,0,0.3919085302586604
Logistic Regression,grouped_80_20,truthfulqa_000360_correct_2,truthfulqa,correct_answer,0,0,0.4935401594213353
Logistic Regression,grouped_80_20,truthfulqa_000360_incorrect_0,truthfulqa,incorrect_answer,1,1,0.6926078587326792
Logistic Regression,grouped_80_20,truthfulqa_000360_incorrect_1,truthfulqa,incorrect_answer,1,1,0.5657568146716411
Logistic Regression,grouped_80_20,truthfulqa_000360_incorrect_2,truthfulqa,incorrect_answer,1,1,0.5999936456354255
Logistic Regression,grouped_80_20,truthfulqa_000362_correct_0,truthfulqa,correct_answer,0,1,0.5794120448869906
Logistic Regression,grouped_80_20,truthfulqa_000362_correct_1,truthfulqa,correct_answer,0,1,0.5946659777066233
Logistic Regression,grouped_80_20,truthfulqa_000362_correct_2,truthfulqa,correct_answer,0,1,0.5004513180832407
Logistic Regression,grouped_80_20,truthfulqa_000362_correct_3,truthfulqa,correct_answer,0,1,0.6105864487598418
Logistic Regression,grouped_80_20,truthfulqa_000362_incorrect_0,truthfulqa,incorrect_answer,1,1,0.691261037283366
Logistic Regression,grouped_80_20,truthfulqa_000362_incorrect_1,truthfulqa,incorrect_answer,1,1,0.6595184765182305
Logistic Regression,grouped_80_20,truthfulqa_000362_incorrect_2,truthfulqa,incorrect_answer,1,0,0.447180969750032
Logistic Regression,grouped_80_20,truthfulqa_000362_incorrect_3,truthfulqa,incorrect_answer,1,1,0.5547936365982767
Logistic Regression,grouped_80_20,truthfulqa_000362_incorrect_4,truthfulqa,incorrect_answer,1,1,0.5186486611913228
Logistic Regression,grouped_80_20,truthfulqa_000365_correct_0,truthfulqa,correct_answer,0,0,0.2619689140709612
Logistic Regression,grouped_80_20,truthfulqa_000365_correct_1,truthfulqa,correct_answer,0,1,0.5471113122994659
Logistic Regression,grouped_80_20,truthfulqa_000365_correct_2,truthfulqa,correct_answer,0,0,0.4933460102994964
Logistic Regression,grouped_80_20,truthfulqa_000365_correct_3,truthfulqa,correct_answer,0,0,0.4927214209908388
Logistic Regression,grouped_80_20,truthfulqa_000365_correct_4,truthfulqa,correct_answer,0,0,0.4008941181131736
Logistic Regression,grouped_80_20,truthfulqa_000365_incorrect_0,truthfulqa,incorrect_answer,1,1,0.5414959823954523
Logistic Regression,grouped_80_20,truthfulqa_000365_incorrect_1,truthfulqa,incorrect_answer,1,1,0.5463109826023977
Logistic Regression,grouped_80_20,truthfulqa_000365_incorrect_2,truthfulqa,incorrect_answer,1,1,0.5791499406093553
Logistic Regression,grouped_80_20,truthfulqa_000365_incorrect_3,truthfulqa,incorrect_answer,1,1,0.5864503003479584
Logistic Regression,grouped_80_20,truthfulqa_000365_incorrect_4,truthfulqa,incorrect_answer,1,1,0.5297773448150839
Logistic Regression,grouped_80_20,truthfulqa_000365_incorrect_5,truthfulqa,incorrect_answer,1,1,0.5618264691382687
Logistic Regression,grouped_80_20,truthfulqa_000368_correct_0,truthfulqa,correct_answer,0,1,0.7924108378571657
Logistic Regression,grouped_80_20,truthfulqa_000368_correct_1,truthfulqa,correct_answer,0,1,0.6640337420646564
Logistic Regression,grouped_80_20,truthfulqa_000368_correct_2,truthfulqa,correct_answer,0,0,0.45489437850606423
Logistic Regression,grouped_80_20,truthfulqa_000368_correct_3,truthfulqa,correct_answer,0,1,0.5668086759050707
Logistic Regression,grouped_80_20,truthfulqa_000368_incorrect_0,truthfulqa,incorrect_answer,1,1,0.7496650504437065
Logistic Regression,grouped_80_20,truthfulqa_000368_incorrect_1,truthfulqa,incorrect_answer,1,1,0.6754273692792123
Logistic Regression,grouped_80_20,truthfulqa_000368_incorrect_2,truthfulqa,incorrect_answer,1,1,0.5631288205867019
Logistic Regression,grouped_80_20,truthfulqa_000368_incorrect_3,truthfulqa,incorrect_answer,1,1,0.7185382497427448
Logistic Regression,grouped_80_20,truthfulqa_000368_incorrect_4,truthfulqa,incorrect_answer,1,1,0.6090205256647275
Logistic Regression,grouped_80_20,truthfulqa_000368_incorrect_5,truthfulqa,incorrect_answer,1,0,0.40852849313612727
Logistic Regression,grouped_80_20,truthfulqa_000368_incorrect_6,truthfulqa,incorrect_answer,1,1,0.6458750853199908
Logistic Regression,grouped_80_20,truthfulqa_000368_incorrect_7,truthfulqa,incorrect_answer,1,1,0.7174039942742547
Logistic Regression,grouped_80_20,truthfulqa_000377_correct_0,truthfulqa,correct_answer,0,1,0.6321905922999299
Logistic Regression,grouped_80_20,truthfulqa_000377_correct_1,truthfulqa,correct_answer,0,0,0.3879111605180954
Logistic Regression,grouped_80_20,truthfulqa_000377_correct_2,truthfulqa,correct_answer,0,0,0.4940420975075797
Logistic Regression,grouped_80_20,truthfulqa_000377_correct_3,truthfulqa,correct_answer,0,0,0.4049477161120717
Logistic Regression,grouped_80_20,truthfulqa_000377_correct_4,truthfulqa,correct_answer,0,0,0.49822166014044666
Logistic Regression,grouped_80_20,truthfulqa_000377_incorrect_0,truthfulqa,incorrect_answer,1,1,0.669182701480991
Logistic Regression,grouped_80_20,truthfulqa_000377_incorrect_1,truthfulqa,incorrect_answer,1,1,0.7079963840456581
Logistic Regression,grouped_80_20,truthfulqa_000377_incorrect_2,truthfulqa,incorrect_answer,1,0,0.3413966295703759
Logistic Regression,grouped_80_20,truthfulqa_000377_incorrect_3,truthfulqa,incorrect_answer,1,1,0.6164141154144592
Logistic Regression,grouped_80_20,truthfulqa_000377_incorrect_4,truthfulqa,incorrect_answer,1,0,0.3367630261429883
Logistic Regression,grouped_80_20,truthfulqa_000377_incorrect_5,truthfulqa,incorrect_answer,1,0,0.4825695194020174
Logistic Regression,grouped_80_20,truthfulqa_000396_correct_0,truthfulqa,correct_answer,0,0,0.2293116984423558
Logistic Regression,grouped_80_20,truthfulqa_000396_correct_1,truthfulqa,correct_answer,0,0,0.47393624548807795
Logistic Regression,grouped_80_20,truthfulqa_000396_correct_2,truthfulqa,correct_answer,0,0,0.4566193127033179
Logistic Regression,grouped_80_20,truthfulqa_000396_incorrect_0,truthfulqa,incorrect_answer,1,1,0.6004553102051222
Logistic Regression,grouped_80_20,truthfulqa_000396_incorrect_1,truthfulqa,incorrect_answer,1,0,0.22070011920625726
Logistic Regression,grouped_80_20,truthfulqa_000404_correct_0,truthfulqa,correct_answer,0,1,0.6931868390679298
Logistic Regression,grouped_80_20,truthfulqa_000404_correct_1,truthfulqa,correct_answer,0,1,0.815439304921779
Logistic Regression,grouped_80_20,truthfulqa_000404_correct_2,truthfulqa,correct_answer,0,1,0.8187675700362586
Logistic Regression,grouped_80_20,truthfulqa_000404_incorrect_0,truthfulqa,incorrect_answer,1,1,0.7767217123404028
Logistic Regression,grouped_80_20,truthfulqa_000404_incorrect_1,truthfulqa,incorrect_answer,1,1,0.8144515948731704
Logistic Regression,grouped_80_20,truthfulqa_000404_incorrect_2,truthfulqa,incorrect_answer,1,1,0.8179978038205302
Logistic Regression,grouped_80_20,truthfulqa_000422_correct_0,truthfulqa,correct_answer,0,1,0.55153341675647
Logistic Regression,grouped_80_20,truthfulqa_000422_correct_1,truthfulqa,correct_answer,0,1,0.6888867187918872
Logistic Regression,grouped_80_20,truthfulqa_000422_correct_2,truthfulqa,correct_answer,0,1,0.5365447583091238
Logistic Regression,grouped_80_20,truthfulqa_000422_incorrect_0,truthfulqa,incorrect_answer,1,1,0.6766193156760951
Logistic Regression,grouped_80_20,truthfulqa_000422_incorrect_1,truthfulqa,incorrect_answer,1,1,0.8029677454162649
Logistic Regression,grouped_80_20,truthfulqa_000422_incorrect_2,truthfulqa,incorrect_answer,1,1,0.7034295967403477
Logistic Regression,grouped_80_20,truthfulqa_000428_correct_0,truthfulqa,correct_answer,0,1,0.5357055324158109
Logistic Regression,grouped_80_20,truthfulqa_000428_correct_1,truthfulqa,correct_answer,0,1,0.7572560471726388
Logistic Regression,grouped_80_20,truthfulqa_000428_incorrect_0,truthfulqa,incorrect_answer,1,1,0.5410283156702934
Logistic Regression,grouped_80_20,truthfulqa_000428_incorrect_1,truthfulqa,incorrect_answer,1,1,0.760634034680793
Logistic Regression,grouped_80_20,truthfulqa_000428_incorrect_2,truthfulqa,incorrect_answer,1,1,0.5677798940931142
Logistic Regression,grouped_80_20,truthfulqa_000428_incorrect_3,truthfulqa,incorrect_answer,1,1,0.807091286454706
Logistic Regression,grouped_80_20,truthfulqa_000431_correct_0,truthfulqa,correct_answer,0,1,0.5093671684123117
Logistic Regression,grouped_80_20,truthfulqa_000431_correct_1,truthfulqa,correct_answer,0,1,0.602697417632809
Logistic Regression,grouped_80_20,truthfulqa_000431_correct_2,truthfulqa,correct_answer,0,1,0.5630504231023099
Logistic Regression,grouped_80_20,truthfulqa_000431_incorrect_0,truthfulqa,incorrect_answer,1,0,0.37102147287910314
Logistic Regression,grouped_80_20,truthfulqa_000431_incorrect_1,truthfulqa,incorrect_answer,1,1,0.7039087997150038
Logistic Regression,grouped_80_20,truthfulqa_000431_incorrect_2,truthfulqa,incorrect_answer,1,1,0.6711300510544035
Logistic Regression,grouped_80_20,truthfulqa_000432_correct_0,truthfulqa,correct_answer,0,1,0.518228620111513
Logistic Regression,grouped_80_20,truthfulqa_000432_correct_1,truthfulqa,correct_answer,0,1,0.7105897860099076
Logistic Regression,grouped_80_20,truthfulqa_000432_correct_2,truthfulqa,correct_answer,0,1,0.6863910264278144
Logistic Regression,grouped_80_20,truthfulqa_000432_incorrect_0,truthfulqa,incorrect_answer,1,1,0.5284882010478281
Logistic Regression,grouped_80_20,truthfulqa_000432_incorrect_1,truthfulqa,incorrect_answer,1,1,0.7142683437599534
Logistic Regression,grouped_80_20,truthfulqa_000432_incorrect_2,truthfulqa,incorrect_answer,1,1,0.741371184806886
Logistic Regression,grouped_80_20,truthfulqa_000434_correct_0,truthfulqa,correct_answer,0,1,0.527899657442784
Logistic Regression,grouped_80_20,truthfulqa_000434_correct_1,truthfulqa,correct_answer,0,1,0.7282741991518807
Logistic Regression,grouped_80_20,truthfulqa_000434_correct_2,truthfulqa,correct_answer,0,1,0.5524186721271219
Logistic Regression,grouped_80_20,truthfulqa_000434_incorrect_0,truthfulqa,incorrect_answer,1,1,0.5367409841750702
Logistic Regression,grouped_80_20,truthfulqa_000434_incorrect_1,truthfulqa,incorrect_answer,1,1,0.7483973782712495
Logistic Regression,grouped_80_20,truthfulqa_000434_incorrect_2,truthfulqa,incorrect_answer,1,1,0.667938411486435
Logistic Regression,grouped_80_20,truthfulqa_000440_correct_0,truthfulqa,correct_answer,0,1,0.582859482555358
Logistic Regression,grouped_80_20,truthfulqa_000440_correct_1,truthfulqa,correct_answer,0,1,0.780931449023204
Logistic Regression,grouped_80_20,truthfulqa_000440_incorrect_0,truthfulqa,incorrect_answer,1,1,0.609766400055835
Logistic Regression,grouped_80_20,truthfulqa_000440_incorrect_1,truthfulqa,incorrect_answer,1,1,0.8165787207243821
Logistic Regression,grouped_80_20,truthfulqa_000442_correct_0,truthfulqa,correct_answer,0,1,0.6812973970491953
Logistic Regression,grouped_80_20,truthfulqa_000442_correct_1,truthfulqa,correct_answer,0,1,0.7335748120912808
Logistic Regression,grouped_80_20,truthfulqa_000442_correct_2,truthfulqa,correct_answer,0,1,0.5542632021629602
Logistic Regression,grouped_80_20,truthfulqa_000442_incorrect_0,truthfulqa,incorrect_answer,1,1,0.5387426050651715
Logistic Regression,grouped_80_20,truthfulqa_000442_incorrect_1,truthfulqa,incorrect_answer,1,1,0.5373633610160856
Logistic Regression,grouped_80_20,truthfulqa_000442_incorrect_2,truthfulqa,incorrect_answer,1,1,0.6339486428025298
Logistic Regression,grouped_80_20,truthfulqa_000442_incorrect_3,truthfulqa,incorrect_answer,1,1,0.5389556128704839
Logistic Regression,grouped_80_20,truthfulqa_000444_correct_0,truthfulqa,correct_answer,0,1,0.5693699987481313
Logistic Regression,grouped_80_20,truthfulqa_000444_correct_1,truthfulqa,correct_answer,0,1,0.7468419187008486
Logistic Regression,grouped_80_20,truthfulqa_000444_correct_2,truthfulqa,correct_answer,0,0,0.4993942350019843
Logistic Regression,grouped_80_20,truthfulqa_000444_incorrect_0,truthfulqa,incorrect_answer,1,0,0.37848153687275754
Logistic Regression,grouped_80_20,truthfulqa_000444_incorrect_1,truthfulqa,incorrect_answer,1,0,0.3854656865665457
Logistic Regression,grouped_80_20,truthfulqa_000444_incorrect_2,truthfulqa,incorrect_answer,1,1,0.5157776112022814
Logistic Regression,grouped_80_20,truthfulqa_000457_correct_0,truthfulqa,correct_answer,0,1,0.5174779489840277
Logistic Regression,grouped_80_20,truthfulqa_000457_correct_1,truthfulqa,correct_answer,0,1,0.5435857239269344
Logistic Regression,grouped_80_20,truthfulqa_000457_correct_2,truthfulqa,correct_answer,0,1,0.6282205476976174
Logistic Regression,grouped_80_20,truthfulqa_000457_incorrect_0,truthfulqa,incorrect_answer,1,1,0.6230036674695363
Logistic Regression,grouped_80_20,truthfulqa_000457_incorrect_1,truthfulqa,incorrect_answer,1,1,0.7555459376612512
Logistic Regression,grouped_80_20,truthfulqa_000457_incorrect_2,truthfulqa,incorrect_answer,1,1,0.7805816826154264
Logistic Regression,grouped_80_20,truthfulqa_000457_incorrect_3,truthfulqa,incorrect_answer,1,1,0.629972263547962
Logistic Regression,grouped_80_20,truthfulqa_000457_incorrect_4,truthfulqa,incorrect_answer,1,1,0.7773125054355153
Logistic Regression,grouped_80_20,truthfulqa_000457_incorrect_5,truthfulqa,incorrect_answer,1,1,0.6389224076100634
Logistic Regression,grouped_80_20,truthfulqa_000457_incorrect_6,truthfulqa,incorrect_answer,1,1,0.6641664445088162
Logistic Regression,grouped_80_20,truthfulqa_000457_incorrect_7,truthfulqa,incorrect_answer,1,1,0.6882369355135254
Logistic Regression,grouped_80_20,truthfulqa_000465_correct_0,truthfulqa,correct_answer,0,0,0.3005673853592883
Logistic Regression,grouped_80_20,truthfulqa_000465_correct_1,truthfulqa,correct_answer,0,0,0.40889001130760805
Logistic Regression,grouped_80_20,truthfulqa_000465_correct_2,truthfulqa,correct_answer,0,1,0.5111825593119391
Logistic Regression,grouped_80_20,truthfulqa_000465_correct_3,truthfulqa,correct_answer,0,1,0.5725596966716788
Logistic Regression,grouped_80_20,truthfulqa_000465_incorrect_0,truthfulqa,incorrect_answer,1,1,0.6860877079505209
Logistic Regression,grouped_80_20,truthfulqa_000465_incorrect_1,truthfulqa,incorrect_answer,1,1,0.5896508268207256
Logistic Regression,grouped_80_20,truthfulqa_000465_incorrect_2,truthfulqa,incorrect_answer,1,1,0.6899815355994042
Logistic Regression,grouped_80_20,truthfulqa_000465_incorrect_3,truthfulqa,incorrect_answer,1,1,0.6204890424908626
Logistic Regression,grouped_80_20,truthfulqa_000465_incorrect_4,truthfulqa,incorrect_answer,1,1,0.6444250197574194
Logistic Regression,grouped_80_20,truthfulqa_000465_incorrect_5,truthfulqa,incorrect_answer,1,0,0.396244188343952
Logistic Regression,grouped_80_20,truthfulqa_000467_correct_0,truthfulqa,correct_answer,0,1,0.5667351018894627
Logistic Regression,grouped_80_20,truthfulqa_000467_correct_1,truthfulqa,correct_answer,0,1,0.6751092226213592
Logistic Regression,grouped_80_20,truthfulqa_000467_correct_2,truthfulqa,correct_answer,0,1,0.6945550165715773
Logistic Regression,grouped_80_20,truthfulqa_000467_incorrect_0,truthfulqa,incorrect_answer,1,1,0.6336449117286403
Logistic Regression,grouped_80_20,truthfulqa_000467_incorrect_1,truthfulqa,incorrect_answer,1,1,0.6783433444958151
Logistic Regression,grouped_80_20,truthfulqa_000467_incorrect_2,truthfulqa,incorrect_answer,1,1,0.5980618080241165
Logistic Regression,grouped_80_20,truthfulqa_000467_incorrect_3,truthfulqa,incorrect_answer,1,1,0.5544265363495181
Logistic Regression,grouped_80_20,truthfulqa_000467_incorrect_4,truthfulqa,incorrect_answer,1,1,0.5431159193608402
Logistic Regression,grouped_80_20,truthfulqa_000473_correct_0,truthfulqa,correct_answer,0,1,0.7603444253050915
Logistic Regression,grouped_80_20,truthfulqa_000473_correct_1,truthfulqa,correct_answer,0,1,0.7253452978656926
Logistic Regression,grouped_80_20,truthfulqa_000473_incorrect_0,truthfulqa,incorrect_answer,1,1,0.6711787167288322
Logistic Regression,grouped_80_20,truthfulqa_000473_incorrect_1,truthfulqa,incorrect_answer,1,1,0.768090652129824
Logistic Regression,grouped_80_20,truthfulqa_000473_incorrect_2,truthfulqa,incorrect_answer,1,0,0.4762753630741728
Logistic Regression,grouped_80_20,truthfulqa_000478_correct_0,truthfulqa,correct_answer,0,1,0.7367658434895697
Logistic Regression,grouped_80_20,truthfulqa_000478_correct_1,truthfulqa,correct_answer,0,1,0.6712817414023378
Logistic Regression,grouped_80_20,truthfulqa_000478_correct_2,truthfulqa,correct_answer,0,1,0.7185641713440692
Logistic Regression,grouped_80_20,truthfulqa_000478_incorrect_0,truthfulqa,incorrect_answer,1,1,0.7320646151550698
Logistic Regression,grouped_80_20,truthfulqa_000478_incorrect_1,truthfulqa,incorrect_answer,1,1,0.7254687063298458
Logistic Regression,grouped_80_20,truthfulqa_000478_incorrect_2,truthfulqa,incorrect_answer,1,1,0.6761158749778347
Logistic Regression,grouped_80_20,truthfulqa_000490_correct_0,truthfulqa,correct_answer,0,1,0.6428103973694006
Logistic Regression,grouped_80_20,truthfulqa_000490_correct_1,truthfulqa,correct_answer,0,1,0.7119135740909553
Logistic Regression,grouped_80_20,truthfulqa_000490_correct_2,truthfulqa,correct_answer,0,1,0.6499906780883329
Logistic Regression,grouped_80_20,truthfulqa_000490_incorrect_0,truthfulqa,incorrect_answer,1,1,0.7955346946176738
Logistic Regression,grouped_80_20,truthfulqa_000490_incorrect_1,truthfulqa,incorrect_answer,1,1,0.7250413393322263
Logistic Regression,grouped_80_20,truthfulqa_000490_incorrect_2,truthfulqa,incorrect_answer,1,1,0.8143895651414226
Logistic Regression,grouped_80_20,truthfulqa_000490_incorrect_3,truthfulqa,incorrect_answer,1,1,0.7357797291902736
Logistic Regression,grouped_80_20,truthfulqa_000490_incorrect_4,truthfulqa,incorrect_answer,1,1,0.7827857839946755
Logistic Regression,grouped_80_20,truthfulqa_000494_correct_0,truthfulqa,correct_answer,0,1,0.5925919666536836
Logistic Regression,grouped_80_20,truthfulqa_000494_correct_1,truthfulqa,correct_answer,0,0,0.3515902284617578
Logistic Regression,grouped_80_20,truthfulqa_000494_correct_2,truthfulqa,correct_answer,0,0,0.37765270044676885
Logistic Regression,grouped_80_20,truthfulqa_000494_incorrect_0,truthfulqa,incorrect_answer,1,1,0.606001735448232
Logistic Regression,grouped_80_20,truthfulqa_000494_incorrect_1,truthfulqa,incorrect_answer,1,1,0.5168104405682764
Logistic Regression,grouped_80_20,truthfulqa_000494_incorrect_2,truthfulqa,incorrect_answer,1,1,0.5757977938650798
Logistic Regression,grouped_80_20,truthfulqa_000495_correct_0,truthfulqa,correct_answer,0,0,0.36077425393371465
Logistic Regression,grouped_80_20,truthfulqa_000495_correct_1,truthfulqa,correct_answer,0,0,0.3952146922204899
Logistic Regression,grouped_80_20,truthfulqa_000495_correct_2,truthfulqa,correct_answer,0,0,0.34468788842401626
Logistic Regression,grouped_80_20,truthfulqa_000495_correct_3,truthfulqa,correct_answer,0,0,0.3754206985290755
Logistic Regression,grouped_80_20,truthfulqa_000495_incorrect_0,truthfulqa,incorrect_answer,1,1,0.746101920489494
Logistic Regression,grouped_80_20,truthfulqa_000495_incorrect_1,truthfulqa,incorrect_answer,1,1,0.6592311013344011
Logistic Regression,grouped_80_20,truthfulqa_000495_incorrect_2,truthfulqa,incorrect_answer,1,1,0.6651658052032915
Logistic Regression,grouped_80_20,truthfulqa_000495_incorrect_3,truthfulqa,incorrect_answer,1,1,0.7462730819967828
Logistic Regression,grouped_80_20,truthfulqa_000495_incorrect_4,truthfulqa,incorrect_answer,1,1,0.6558853278853245
Logistic Regression,grouped_80_20,truthfulqa_000499_correct_0,truthfulqa,correct_answer,0,1,0.6620158131096756
Logistic Regression,grouped_80_20,truthfulqa_000499_correct_1,truthfulqa,correct_answer,0,1,0.5800905335283483
Logistic Regression,grouped_80_20,truthfulqa_000499_correct_2,truthfulqa,correct_answer,0,0,0.2583033090901518
Logistic Regression,grouped_80_20,truthfulqa_000499_incorrect_0,truthfulqa,incorrect_answer,1,0,0.49001081081008047
Logistic Regression,grouped_80_20,truthfulqa_000499_incorrect_1,truthfulqa,incorrect_answer,1,1,0.5896148918810178
Logistic Regression,grouped_80_20,truthfulqa_000499_incorrect_2,truthfulqa,incorrect_answer,1,0,0.48745107600046883
Logistic Regression,grouped_80_20,truthfulqa_000499_incorrect_3,truthfulqa,incorrect_answer,1,0,0.3776628811292327
Logistic Regression,grouped_80_20,truthfulqa_000499_incorrect_4,truthfulqa,incorrect_answer,1,1,0.6023977110647913
Logistic Regression,grouped_80_20,truthfulqa_000499_incorrect_5,truthfulqa,incorrect_answer,1,1,0.6421529386719051
Logistic Regression,grouped_80_20,truthfulqa_000501_correct_0,truthfulqa,correct_answer,0,0,0.461186162821955
Logistic Regression,grouped_80_20,truthfulqa_000501_correct_1,truthfulqa,correct_answer,0,1,0.5081809983435082
Logistic Regression,grouped_80_20,truthfulqa_000501_correct_2,truthfulqa,correct_answer,0,1,0.5683653360921322
Logistic Regression,grouped_80_20,truthfulqa_000501_incorrect_0,truthfulqa,incorrect_answer,1,1,0.6148846088284009
Logistic Regression,grouped_80_20,truthfulqa_000501_incorrect_1,truthfulqa,incorrect_answer,1,0,0.424213686031853
Logistic Regression,grouped_80_20,truthfulqa_000501_incorrect_2,truthfulqa,incorrect_answer,1,0,0.4255654441281807
Logistic Regression,grouped_80_20,truthfulqa_000501_incorrect_3,truthfulqa,incorrect_answer,1,0,0.49241249425411626
Logistic Regression,grouped_80_20,truthfulqa_000501_incorrect_4,truthfulqa,incorrect_answer,1,0,0.48813909072031236
Logistic Regression,grouped_80_20,truthfulqa_000506_correct_0,truthfulqa,correct_answer,0,1,0.577518487216914
Logistic Regression,grouped_80_20,truthfulqa_000506_correct_1,truthfulqa,correct_answer,0,0,0.3465410836652542
Logistic Regression,grouped_80_20,truthfulqa_000506_correct_2,truthfulqa,correct_answer,0,0,0.3524790698277797
Logistic Regression,grouped_80_20,truthfulqa_000506_correct_3,truthfulqa,correct_answer,0,0,0.328765854779105
Logistic Regression,grouped_80_20,truthfulqa_000506_incorrect_0,truthfulqa,incorrect_answer,1,1,0.6047379437595874
Logistic Regression,grouped_80_20,truthfulqa_000506_incorrect_1,truthfulqa,incorrect_answer,1,1,0.5463940117754779
Logistic Regression,grouped_80_20,truthfulqa_000506_incorrect_2,truthfulqa,incorrect_answer,1,1,0.5780413485524317
Logistic Regression,grouped_80_20,truthfulqa_000506_incorrect_3,truthfulqa,incorrect_answer,1,1,0.5555266683440591
Logistic Regression,grouped_80_20,truthfulqa_000506_incorrect_4,truthfulqa,incorrect_answer,1,1,0.5030615751864801
Logistic Regression,grouped_80_20,truthfulqa_000506_incorrect_5,truthfulqa,incorrect_answer,1,1,0.6476826053428836
Logistic Regression,grouped_80_20,truthfulqa_000506_incorrect_6,truthfulqa,incorrect_answer,1,0,0.32623817233060326
Logistic Regression,grouped_80_20,truthfulqa_000514_correct_0,truthfulqa,correct_answer,0,1,0.643054144473016
Logistic Regression,grouped_80_20,truthfulqa_000514_correct_1,truthfulqa,correct_answer,0,1,0.6728064326999414
Logistic Regression,grouped_80_20,truthfulqa_000514_correct_2,truthfulqa,correct_answer,0,1,0.5091741327602767
Logistic Regression,grouped_80_20,truthfulqa_000514_correct_3,truthfulqa,correct_answer,0,0,0.47674528644301767
Logistic Regression,grouped_80_20,truthfulqa_000514_incorrect_0,truthfulqa,incorrect_answer,1,1,0.6199961977670749
Logistic Regression,grouped_80_20,truthfulqa_000514_incorrect_1,truthfulqa,incorrect_answer,1,1,0.6787735853253772
Logistic Regression,grouped_80_20,truthfulqa_000514_incorrect_2,truthfulqa,incorrect_answer,1,1,0.512191773224992
Logistic Regression,grouped_80_20,truthfulqa_000514_incorrect_3,truthfulqa,incorrect_answer,1,0,0.4884261223341429
Logistic Regression,grouped_80_20,truthfulqa_000514_incorrect_4,truthfulqa,incorrect_answer,1,0,0.4873537765282103
Logistic Regression,grouped_80_20,truthfulqa_000518_correct_0,truthfulqa,correct_answer,0,1,0.689814569355016
Logistic Regression,grouped_80_20,truthfulqa_000518_correct_1,truthfulqa,correct_answer,0,1,0.6486013656221549
Logistic Regression,grouped_80_20,truthfulqa_000518_incorrect_0,truthfulqa,incorrect_answer,1,1,0.7593109650050599
Logistic Regression,grouped_80_20,truthfulqa_000518_incorrect_1,truthfulqa,incorrect_answer,1,1,0.7492402413682668
Logistic Regression,grouped_80_20,truthfulqa_000518_incorrect_2,truthfulqa,incorrect_answer,1,1,0.7809443075113323
Logistic Regression,grouped_80_20,truthfulqa_000518_incorrect_3,truthfulqa,incorrect_answer,1,1,0.7621303333931686
Logistic Regression,grouped_80_20,truthfulqa_000518_incorrect_4,truthfulqa,incorrect_answer,1,1,0.7626063114235846
Logistic Regression,grouped_80_20,truthfulqa_000518_incorrect_5,truthfulqa,incorrect_answer,1,1,0.7792155658365552
Logistic Regression,grouped_80_20,truthfulqa_000519_correct_0,truthfulqa,correct_answer,0,1,0.511835240343384
Logistic Regression,grouped_80_20,truthfulqa_000519_correct_1,truthfulqa,correct_answer,0,0,0.46302008538907796
Logistic Regression,grouped_80_20,truthfulqa_000519_incorrect_0,truthfulqa,incorrect_answer,1,1,0.7083598781699717
Logistic Regression,grouped_80_20,truthfulqa_000519_incorrect_1,truthfulqa,incorrect_answer,1,1,0.6967500677031105
Logistic Regression,grouped_80_20,truthfulqa_000519_incorrect_2,truthfulqa,incorrect_answer,1,1,0.551531936837697
Logistic Regression,grouped_80_20,truthfulqa_000519_incorrect_3,truthfulqa,incorrect_answer,1,1,0.580640688511655
Logistic Regression,grouped_80_20,truthfulqa_000519_incorrect_4,truthfulqa,incorrect_answer,1,1,0.611476285025374
Logistic Regression,grouped_80_20,truthfulqa_000519_incorrect_5,truthfulqa,incorrect_answer,1,1,0.5602124326286362
Logistic Regression,grouped_80_20,truthfulqa_000521_correct_0,truthfulqa,correct_answer,0,1,0.6222364248833839
Logistic Regression,grouped_80_20,truthfulqa_000521_correct_1,truthfulqa,correct_answer,0,0,0.4265156450383732
Logistic Regression,grouped_80_20,truthfulqa_000521_correct_2,truthfulqa,correct_answer,0,0,0.36833133127860607
Logistic Regression,grouped_80_20,truthfulqa_000521_incorrect_0,truthfulqa,incorrect_answer,1,1,0.5845717912020945
Logistic Regression,grouped_80_20,truthfulqa_000521_incorrect_1,truthfulqa,incorrect_answer,1,0,0.4060939384058556
Logistic Regression,grouped_80_20,truthfulqa_000521_incorrect_2,truthfulqa,incorrect_answer,1,0,0.4052902409344286
Logistic Regression,grouped_80_20,truthfulqa_000526_correct_0,truthfulqa,correct_answer,0,1,0.624116655253949
Logistic Regression,grouped_80_20,truthfulqa_000526_correct_1,truthfulqa,correct_answer,0,0,0.4319284762524637
Logistic Regression,grouped_80_20,truthfulqa_000526_correct_2,truthfulqa,correct_answer,0,0,0.4187510662237808
Logistic Regression,grouped_80_20,truthfulqa_000526_incorrect_0,truthfulqa,incorrect_answer,1,1,0.5487819618313435
Logistic Regression,grouped_80_20,truthfulqa_000526_incorrect_1,truthfulqa,incorrect_answer,1,0,0.47517638555108666
Logistic Regression,grouped_80_20,truthfulqa_000526_incorrect_2,truthfulqa,incorrect_answer,1,0,0.4711961524828424
Logistic Regression,grouped_80_20,truthfulqa_000526_incorrect_3,truthfulqa,incorrect_answer,1,0,0.47117869198385415
Logistic Regression,grouped_80_20,truthfulqa_000528_correct_0,truthfulqa,correct_answer,0,1,0.5027892490977669
Logistic Regression,grouped_80_20,truthfulqa_000528_correct_1,truthfulqa,correct_answer,0,0,0.42145808606630814
Logistic Regression,grouped_80_20,truthfulqa_000528_correct_2,truthfulqa,correct_answer,0,0,0.38651303011361876
Logistic Regression,grouped_80_20,truthfulqa_000528_correct_3,truthfulqa,correct_answer,0,1,0.5066230163236917
Logistic Regression,grouped_80_20,truthfulqa_000528_incorrect_0,truthfulqa,incorrect_answer,1,1,0.5762455722396244
Logistic Regression,grouped_80_20,truthfulqa_000528_incorrect_1,truthfulqa,incorrect_answer,1,0,0.4945825569106971
Logistic Regression,grouped_80_20,truthfulqa_000528_incorrect_2,truthfulqa,incorrect_answer,1,0,0.4613448352147195
Logistic Regression,grouped_80_20,truthfulqa_000528_incorrect_3,truthfulqa,incorrect_answer,1,0,0.39416105870043017
Logistic Regression,grouped_80_20,truthfulqa_000530_correct_0,truthfulqa,correct_answer,0,0,0.24929181378635534
Logistic Regression,grouped_80_20,truthfulqa_000530_correct_1,truthfulqa,correct_answer,0,1,0.5170647844186269
Logistic Regression,grouped_80_20,truthfulqa_000530_correct_2,truthfulqa,correct_answer,0,0,0.40465683630950117
Logistic Regression,grouped_80_20,truthfulqa_000530_correct_3,truthfulqa,correct_answer,0,0,0.23933824936023873
Logistic Regression,grouped_80_20,truthfulqa_000530_correct_4,truthfulqa,correct_answer,0,0,0.48576820112103114
Logistic Regression,grouped_80_20,truthfulqa_000530_incorrect_0,truthfulqa,incorrect_answer,1,1,0.6731414078616537
Logistic Regression,grouped_80_20,truthfulqa_000530_incorrect_1,truthfulqa,incorrect_answer,1,0,0.41803201855595307
Logistic Regression,grouped_80_20,truthfulqa_000530_incorrect_2,truthfulqa,incorrect_answer,1,0,0.4987110568088855
Logistic Regression,grouped_80_20,truthfulqa_000531_correct_0,truthfulqa,correct_answer,0,0,0.490794453226154
Logistic Regression,grouped_80_20,truthfulqa_000531_correct_1,truthfulqa,correct_answer,0,0,0.46184177566398255
Logistic Regression,grouped_80_20,truthfulqa_000531_correct_2,truthfulqa,correct_answer,0,0,0.466522265621396
Logistic Regression,grouped_80_20,truthfulqa_000531_incorrect_0,truthfulqa,incorrect_answer,1,1,0.696880086372176
Logistic Regression,grouped_80_20,truthfulqa_000531_incorrect_1,truthfulqa,incorrect_answer,1,1,0.5746162191468198
Logistic Regression,grouped_80_20,truthfulqa_000531_incorrect_2,truthfulqa,incorrect_answer,1,1,0.5047278692499192
Logistic Regression,grouped_80_20,truthfulqa_000534_correct_0,truthfulqa,correct_answer,0,1,0.5144501438559405
Logistic Regression,grouped_80_20,truthfulqa_000534_correct_1,truthfulqa,correct_answer,0,0,0.4310023916612008
Logistic Regression,grouped_80_20,truthfulqa_000534_correct_2,truthfulqa,correct_answer,0,1,0.549085902957806
Logistic Regression,grouped_80_20,truthfulqa_000534_incorrect_0,truthfulqa,incorrect_answer,1,1,0.6983124860526965
Logistic Regression,grouped_80_20,truthfulqa_000534_incorrect_1,truthfulqa,incorrect_answer,1,1,0.6665726386289137
Logistic Regression,grouped_80_20,truthfulqa_000534_incorrect_2,truthfulqa,incorrect_answer,1,1,0.7627659270639501
Logistic Regression,grouped_80_20,truthfulqa_000535_correct_0,truthfulqa,correct_answer,0,1,0.7645986328642218
Logistic Regression,grouped_80_20,truthfulqa_000535_correct_1,truthfulqa,correct_answer,0,1,0.7760619786647304
Logistic Regression,grouped_80_20,truthfulqa_000535_correct_2,truthfulqa,correct_answer,0,1,0.6099460870406795
Logistic Regression,grouped_80_20,truthfulqa_000535_incorrect_0,truthfulqa,incorrect_answer,1,1,0.7995267831730875
Logistic Regression,grouped_80_20,truthfulqa_000535_incorrect_1,truthfulqa,incorrect_answer,1,1,0.520374850291862
Logistic Regression,grouped_80_20,truthfulqa_000535_incorrect_2,truthfulqa,incorrect_answer,1,1,0.7351043093545293
Logistic Regression,grouped_80_20,truthfulqa_000542_correct_0,truthfulqa,correct_answer,0,1,0.6425786259432542
Logistic Regression,grouped_80_20,truthfulqa_000542_correct_1,truthfulqa,correct_answer,0,1,0.6555089327774322
Logistic Regression,grouped_80_20,truthfulqa_000542_correct_2,truthfulqa,correct_answer,0,1,0.658158311304503
Logistic Regression,grouped_80_20,truthfulqa_000542_correct_3,truthfulqa,correct_answer,0,1,0.6791921247510774
Logistic Regression,grouped_80_20,truthfulqa_000542_incorrect_0,truthfulqa,incorrect_answer,1,1,0.619342112981051
Logistic Regression,grouped_80_20,truthfulqa_000542_incorrect_1,truthfulqa,incorrect_answer,1,1,0.6415157649361894
Logistic Regression,grouped_80_20,truthfulqa_000542_incorrect_2,truthfulqa,incorrect_answer,1,1,0.6782007337916154
Logistic Regression,grouped_80_20,truthfulqa_000542_incorrect_3,truthfulqa,incorrect_answer,1,1,0.6852859125192208
Logistic Regression,grouped_80_20,truthfulqa_000542_incorrect_4,truthfulqa,incorrect_answer,1,1,0.6240829090158758
Logistic Regression,grouped_80_20,truthfulqa_000543_correct_0,truthfulqa,correct_answer,0,1,0.7443584328239495
Logistic Regression,grouped_80_20,truthfulqa_000543_correct_1,truthfulqa,correct_answer,0,1,0.8341536450467641
Logistic Regression,grouped_80_20,truthfulqa_000543_incorrect_0,truthfulqa,incorrect_answer,1,1,0.7956306605872855
Logistic Regression,grouped_80_20,truthfulqa_000543_incorrect_1,truthfulqa,incorrect_answer,1,1,0.7664886495203992
Logistic Regression,grouped_80_20,truthfulqa_000543_incorrect_2,truthfulqa,incorrect_answer,1,1,0.8342495835381659
Logistic Regression,grouped_80_20,truthfulqa_000543_incorrect_3,truthfulqa,incorrect_answer,1,1,0.8342605024938745
Logistic Regression,grouped_80_20,truthfulqa_000543_incorrect_4,truthfulqa,incorrect_answer,1,1,0.636581679297538
Logistic Regression,grouped_80_20,truthfulqa_000554_correct_0,truthfulqa,correct_answer,0,1,0.6414252502866657
Logistic Regression,grouped_80_20,truthfulqa_000554_correct_1,truthfulqa,correct_answer,0,1,0.5651722113930224
Logistic Regression,grouped_80_20,truthfulqa_000554_correct_2,truthfulqa,correct_answer,0,0,0.2698878308947914
Logistic Regression,grouped_80_20,truthfulqa_000554_correct_3,truthfulqa,correct_answer,0,0,0.3074133433516039
Logistic Regression,grouped_80_20,truthfulqa_000554_incorrect_0,truthfulqa,incorrect_answer,1,1,0.5990280520474732
Logistic Regression,grouped_80_20,truthfulqa_000554_incorrect_1,truthfulqa,incorrect_answer,1,1,0.5536497434804356
Logistic Regression,grouped_80_20,truthfulqa_000554_incorrect_2,truthfulqa,incorrect_answer,1,0,0.2435400574886732
Logistic Regression,grouped_80_20,truthfulqa_000554_incorrect_3,truthfulqa,incorrect_answer,1,0,0.40025300925181007
Logistic Regression,grouped_80_20,truthfulqa_000554_incorrect_4,truthfulqa,incorrect_answer,1,1,0.6859352726330491
Logistic Regression,grouped_80_20,truthfulqa_000554_incorrect_5,truthfulqa,incorrect_answer,1,0,0.4440512204983607
Logistic Regression,grouped_80_20,truthfulqa_000578_correct_0,truthfulqa,correct_answer,0,0,0.34671605382227577
Logistic Regression,grouped_80_20,truthfulqa_000578_correct_1,truthfulqa,correct_answer,0,1,0.6653151018635224
Logistic Regression,grouped_80_20,truthfulqa_000578_correct_2,truthfulqa,correct_answer,0,1,0.5109810294240424
Logistic Regression,grouped_80_20,truthfulqa_000578_incorrect_0,truthfulqa,incorrect_answer,1,1,0.6629321104027538
Logistic Regression,grouped_80_20,truthfulqa_000578_incorrect_1,truthfulqa,incorrect_answer,1,1,0.6633016716283479
Logistic Regression,grouped_80_20,truthfulqa_000578_incorrect_2,truthfulqa,incorrect_answer,1,1,0.6631558600335782
Logistic Regression,grouped_80_20,truthfulqa_000578_incorrect_3,truthfulqa,incorrect_answer,1,1,0.6635017286649172
Logistic Regression,grouped_80_20,truthfulqa_000578_incorrect_4,truthfulqa,incorrect_answer,1,1,0.6629379636932639
Logistic Regression,grouped_80_20,truthfulqa_000578_incorrect_5,truthfulqa,incorrect_answer,1,1,0.555483738200491
Logistic Regression,grouped_80_20,truthfulqa_000578_incorrect_6,truthfulqa,incorrect_answer,1,1,0.5628881368469011
Logistic Regression,grouped_80_20,truthfulqa_000578_incorrect_7,truthfulqa,incorrect_answer,1,1,0.5571341252735618
Logistic Regression,grouped_80_20,truthfulqa_000578_incorrect_8,truthfulqa,incorrect_answer,1,1,0.5277942647989
Logistic Regression,grouped_80_20,truthfulqa_000579_correct_0,truthfulqa,correct_answer,0,1,0.5566175262310652
Logistic Regression,grouped_80_20,truthfulqa_000579_correct_1,truthfulqa,correct_answer,0,1,0.6506311470804651
Logistic Regression,grouped_80_20,truthfulqa_000579_correct_2,truthfulqa,correct_answer,0,0,0.3714324763095896
Logistic Regression,grouped_80_20,truthfulqa_000579_incorrect_0,truthfulqa,incorrect_answer,1,1,0.592916226095411
Logistic Regression,grouped_80_20,truthfulqa_000579_incorrect_1,truthfulqa,incorrect_answer,1,1,0.6193553882895377
Logistic Regression,grouped_80_20,truthfulqa_000579_incorrect_2,truthfulqa,incorrect_answer,1,1,0.5905592769510442
Logistic Regression,grouped_80_20,truthfulqa_000579_incorrect_3,truthfulqa,incorrect_answer,1,0,0.4621623765632214
Logistic Regression,grouped_80_20,truthfulqa_000579_incorrect_4,truthfulqa,incorrect_answer,1,1,0.555810157164926
Logistic Regression,grouped_80_20,truthfulqa_000590_correct_0,truthfulqa,correct_answer,0,0,0.4883459454975825
Logistic Regression,grouped_80_20,truthfulqa_000590_correct_1,truthfulqa,correct_answer,0,1,0.5529912636108132
Logistic Regression,grouped_80_20,truthfulqa_000590_correct_2,truthfulqa,correct_answer,0,0,0.4758517953584409
Logistic Regression,grouped_80_20,truthfulqa_000590_incorrect_0,truthfulqa,incorrect_answer,1,1,0.7074433605218166
Logistic Regression,grouped_80_20,truthfulqa_000590_incorrect_1,truthfulqa,incorrect_answer,1,1,0.5388245845666666
Logistic Regression,grouped_80_20,truthfulqa_000590_incorrect_2,truthfulqa,incorrect_answer,1,1,0.5734421861522122
Logistic Regression,grouped_80_20,truthfulqa_000590_incorrect_3,truthfulqa,incorrect_answer,1,1,0.5250210904263102
Logistic Regression,grouped_80_20,truthfulqa_000596_correct_0,truthfulqa,correct_answer,0,0,0.43554372330221097
Logistic Regression,grouped_80_20,truthfulqa_000596_correct_1,truthfulqa,correct_answer,0,0,0.4436571607949169
Logistic Regression,grouped_80_20,truthfulqa_000596_correct_2,truthfulqa,correct_answer,0,1,0.5171556987696897
Logistic Regression,grouped_80_20,truthfulqa_000596_incorrect_0,truthfulqa,incorrect_answer,1,1,0.5530564174070827
Logistic Regression,grouped_80_20,truthfulqa_000596_incorrect_1,truthfulqa,incorrect_answer,1,1,0.7554804282941392
Logistic Regression,grouped_80_20,truthfulqa_000596_incorrect_2,truthfulqa,incorrect_answer,1,1,0.5487127938743304
Logistic Regression,grouped_80_20,truthfulqa_000596_incorrect_3,truthfulqa,incorrect_answer,1,1,0.6101940791521111
Logistic Regression,grouped_80_20,truthfulqa_000596_incorrect_4,truthfulqa,incorrect_answer,1,0,0.43780751583599076
Logistic Regression,grouped_80_20,truthfulqa_000596_incorrect_5,truthfulqa,incorrect_answer,1,1,0.6985909157786793
Logistic Regression,grouped_80_20,truthfulqa_000603_correct_0,truthfulqa,correct_answer,0,0,0.40273786869920125
Logistic Regression,grouped_80_20,truthfulqa_000603_correct_1,truthfulqa,correct_answer,0,1,0.6537992631803151
Logistic Regression,grouped_80_20,truthfulqa_000603_correct_2,truthfulqa,correct_answer,0,0,0.3768110707791658
Logistic Regression,grouped_80_20,truthfulqa_000603_correct_3,truthfulqa,correct_answer,0,0,0.3171397785320618
Logistic Regression,grouped_80_20,truthfulqa_000603_incorrect_0,truthfulqa,incorrect_answer,1,1,0.5869471684075372
Logistic Regression,grouped_80_20,truthfulqa_000603_incorrect_1,truthfulqa,incorrect_answer,1,1,0.525992805659599
Logistic Regression,grouped_80_20,truthfulqa_000603_incorrect_2,truthfulqa,incorrect_answer,1,0,0.49917384883483196
Logistic Regression,grouped_80_20,truthfulqa_000604_correct_0,truthfulqa,correct_answer,0,1,0.5524089706934417
Logistic Regression,grouped_80_20,truthfulqa_000604_correct_1,truthfulqa,correct_answer,0,0,0.47839319925669455
Logistic Regression,grouped_80_20,truthfulqa_000604_correct_2,truthfulqa,correct_answer,0,0,0.46560803258623007
Logistic Regression,grouped_80_20,truthfulqa_000604_incorrect_0,truthfulqa,incorrect_answer,1,1,0.7437835264024867
Logistic Regression,grouped_80_20,truthfulqa_000604_incorrect_1,truthfulqa,incorrect_answer,1,1,0.719601907986894
Logistic Regression,grouped_80_20,truthfulqa_000604_incorrect_2,truthfulqa,incorrect_answer,1,1,0.6896009941191128
Logistic Regression,grouped_80_20,truthfulqa_000605_correct_0,truthfulqa,correct_answer,0,1,0.5423734375591127
Logistic Regression,grouped_80_20,truthfulqa_000605_correct_1,truthfulqa,correct_answer,0,1,0.5017885693000427
Logistic Regression,grouped_80_20,truthfulqa_000605_correct_2,truthfulqa,correct_answer,0,0,0.4175881635462541
Logistic Regression,grouped_80_20,truthfulqa_000605_incorrect_0,truthfulqa,incorrect_answer,1,1,0.7636924921303717
Logistic Regression,grouped_80_20,truthfulqa_000605_incorrect_1,truthfulqa,incorrect_answer,1,1,0.7609839204155916
Logistic Regression,grouped_80_20,truthfulqa_000605_incorrect_2,truthfulqa,incorrect_answer,1,1,0.728665567635326
Logistic Regression,grouped_80_20,truthfulqa_000605_incorrect_3,truthfulqa,incorrect_answer,1,1,0.7505940171343684
Logistic Regression,grouped_80_20,truthfulqa_000610_correct_0,truthfulqa,correct_answer,0,0,0.41097353090402045
Logistic Regression,grouped_80_20,truthfulqa_000610_correct_1,truthfulqa,correct_answer,0,0,0.29002314279910585
Logistic Regression,grouped_80_20,truthfulqa_000610_correct_2,truthfulqa,correct_answer,0,0,0.4379475392152851
Logistic Regression,grouped_80_20,truthfulqa_000610_correct_3,truthfulqa,correct_answer,0,1,0.5251401076251138
Logistic Regression,grouped_80_20,truthfulqa_000610_incorrect_0,truthfulqa,incorrect_answer,1,0,0.48069279890721384
Logistic Regression,grouped_80_20,truthfulqa_000610_incorrect_1,truthfulqa,incorrect_answer,1,1,0.5725652939686352
Logistic Regression,grouped_80_20,truthfulqa_000610_incorrect_2,truthfulqa,incorrect_answer,1,0,0.3756850094604749
Logistic Regression,grouped_80_20,truthfulqa_000613_correct_0,truthfulqa,correct_answer,0,0,0.49506444105943737
Logistic Regression,grouped_80_20,truthfulqa_000613_correct_1,truthfulqa,correct_answer,0,1,0.6606999803447817
Logistic Regression,grouped_80_20,truthfulqa_000613_correct_2,truthfulqa,correct_answer,0,0,0.33804201512618526
Logistic Regression,grouped_80_20,truthfulqa_000613_correct_3,truthfulqa,correct_answer,0,1,0.5480489109264738
Logistic Regression,grouped_80_20,truthfulqa_000613_incorrect_0,truthfulqa,incorrect_answer,1,1,0.688187115290632
Logistic Regression,grouped_80_20,truthfulqa_000613_incorrect_1,truthfulqa,incorrect_answer,1,1,0.5539732275382411
Logistic Regression,grouped_80_20,truthfulqa_000613_incorrect_2,truthfulqa,incorrect_answer,1,1,0.5749276623044814
Logistic Regression,grouped_80_20,truthfulqa_000618_correct_0,truthfulqa,correct_answer,0,0,0.4921494255893024
Logistic Regression,grouped_80_20,truthfulqa_000618_correct_1,truthfulqa,correct_answer,0,1,0.5489894075205052
Logistic Regression,grouped_80_20,truthfulqa_000618_correct_2,truthfulqa,correct_answer,0,1,0.7364248645230564
Logistic Regression,grouped_80_20,truthfulqa_000618_incorrect_0,truthfulqa,incorrect_answer,1,1,0.6995730483005151
Logistic Regression,grouped_80_20,truthfulqa_000618_incorrect_1,truthfulqa,incorrect_answer,1,1,0.6564517397497198
Logistic Regression,grouped_80_20,truthfulqa_000618_incorrect_2,truthfulqa,incorrect_answer,1,1,0.7561984861662643
Logistic Regression,grouped_80_20,truthfulqa_000618_incorrect_3,truthfulqa,incorrect_answer,1,1,0.699199944952114
Logistic Regression,grouped_80_20,truthfulqa_000621_correct_0,truthfulqa,correct_answer,0,0,0.4290192096857275
Logistic Regression,grouped_80_20,truthfulqa_000621_correct_1,truthfulqa,correct_answer,0,0,0.4827262445271422
Logistic Regression,grouped_80_20,truthfulqa_000621_incorrect_0,truthfulqa,incorrect_answer,1,1,0.6966335437432501
Logistic Regression,grouped_80_20,truthfulqa_000621_incorrect_1,truthfulqa,incorrect_answer,1,1,0.7177534898692213
Logistic Regression,grouped_80_20,truthfulqa_000621_incorrect_2,truthfulqa,incorrect_answer,1,1,0.6694866845014439
Logistic Regression,grouped_80_20,truthfulqa_000621_incorrect_3,truthfulqa,incorrect_answer,1,1,0.6677423463850316
Logistic Regression,grouped_80_20,truthfulqa_000625_correct_0,truthfulqa,correct_answer,0,0,0.41206252265922205
Logistic Regression,grouped_80_20,truthfulqa_000625_incorrect_0,truthfulqa,incorrect_answer,1,1,0.8719812797876793
Logistic Regression,grouped_80_20,truthfulqa_000625_incorrect_1,truthfulqa,incorrect_answer,1,1,0.8207885188969324
Logistic Regression,grouped_80_20,truthfulqa_000625_incorrect_2,truthfulqa,incorrect_answer,1,1,0.8709820211242288
Logistic Regression,grouped_80_20,truthfulqa_000625_incorrect_3,truthfulqa,incorrect_answer,1,1,0.8701135035245804
Logistic Regression,grouped_80_20,truthfulqa_000633_correct_0,truthfulqa,correct_answer,0,0,0.4671626235719669
Logistic Regression,grouped_80_20,truthfulqa_000633_correct_1,truthfulqa,correct_answer,0,1,0.5671599637068301
Logistic Regression,grouped_80_20,truthfulqa_000633_incorrect_0,truthfulqa,incorrect_answer,1,1,0.5975352190901826
Logistic Regression,grouped_80_20,truthfulqa_000633_incorrect_1,truthfulqa,incorrect_answer,1,1,0.6545509766356596
Logistic Regression,grouped_80_20,truthfulqa_000633_incorrect_2,truthfulqa,incorrect_answer,1,0,0.4236268121046923
Logistic Regression,grouped_80_20,truthfulqa_000633_incorrect_3,truthfulqa,incorrect_answer,1,1,0.5129327250292094
Logistic Regression,grouped_80_20,truthfulqa_000633_incorrect_4,truthfulqa,incorrect_answer,1,0,0.41100635310952377
Logistic Regression,grouped_80_20,truthfulqa_000637_correct_0,truthfulqa,correct_answer,0,1,0.5816135064253629
Logistic Regression,grouped_80_20,truthfulqa_000637_correct_1,truthfulqa,correct_answer,0,0,0.4771705269433046
Logistic Regression,grouped_80_20,truthfulqa_000637_correct_2,truthfulqa,correct_answer,0,0,0.31377075545934585
Logistic Regression,grouped_80_20,truthfulqa_000637_incorrect_0,truthfulqa,incorrect_answer,1,0,0.32889840140451504
Logistic Regression,grouped_80_20,truthfulqa_000637_incorrect_1,truthfulqa,incorrect_answer,1,0,0.35757354601684266
Logistic Regression,grouped_80_20,truthfulqa_000637_incorrect_2,truthfulqa,incorrect_answer,1,0,0.40599245453337207
Logistic Regression,grouped_80_20,truthfulqa_000641_correct_0,truthfulqa,correct_answer,0,1,0.6590202646149315
Logistic Regression,grouped_80_20,truthfulqa_000641_correct_1,truthfulqa,correct_answer,0,0,0.44658447615877545
Logistic Regression,grouped_80_20,truthfulqa_000641_correct_2,truthfulqa,correct_answer,0,0,0.4428378270690622
Logistic Regression,grouped_80_20,truthfulqa_000641_incorrect_0,truthfulqa,incorrect_answer,1,0,0.36276577787585035
Logistic Regression,grouped_80_20,truthfulqa_000641_incorrect_1,truthfulqa,incorrect_answer,1,0,0.46650927343853305
Logistic Regression,grouped_80_20,truthfulqa_000641_incorrect_2,truthfulqa,incorrect_answer,1,0,0.33998148464174566
Logistic Regression,grouped_80_20,truthfulqa_000641_incorrect_3,truthfulqa,incorrect_answer,1,0,0.417962941664021
Logistic Regression,grouped_80_20,truthfulqa_000643_correct_0,truthfulqa,correct_answer,0,1,0.7097165738749492
Logistic Regression,grouped_80_20,truthfulqa_000643_correct_1,truthfulqa,correct_answer,0,1,0.551285529895903
Logistic Regression,grouped_80_20,truthfulqa_000643_correct_2,truthfulqa,correct_answer,0,1,0.6902698960531257
Logistic Regression,grouped_80_20,truthfulqa_000643_correct_3,truthfulqa,correct_answer,0,1,0.6419724303649234
Logistic Regression,grouped_80_20,truthfulqa_000643_incorrect_0,truthfulqa,incorrect_answer,1,1,0.6402504077999224
Logistic Regression,grouped_80_20,truthfulqa_000643_incorrect_1,truthfulqa,incorrect_answer,1,0,0.4909368523932227
Logistic Regression,grouped_80_20,truthfulqa_000643_incorrect_2,truthfulqa,incorrect_answer,1,0,0.3833213775779689
Logistic Regression,grouped_80_20,truthfulqa_000649_correct_0,truthfulqa,correct_answer,0,1,0.6216153756340189
Logistic Regression,grouped_80_20,truthfulqa_000649_correct_1,truthfulqa,correct_answer,0,0,0.46885101551144076
Logistic Regression,grouped_80_20,truthfulqa_000649_correct_2,truthfulqa,correct_answer,0,0,0.4444636448400245
Logistic Regression,grouped_80_20,truthfulqa_000649_correct_3,truthfulqa,correct_answer,0,0,0.4957389682682896
Logistic Regression,grouped_80_20,truthfulqa_000649_incorrect_0,truthfulqa,incorrect_answer,1,1,0.5179789662082512
Logistic Regression,grouped_80_20,truthfulqa_000649_incorrect_1,truthfulqa,incorrect_answer,1,1,0.5230219613321913
Logistic Regression,grouped_80_20,truthfulqa_000649_incorrect_2,truthfulqa,incorrect_answer,1,1,0.6221606335247893
Logistic Regression,grouped_80_20,truthfulqa_000649_incorrect_3,truthfulqa,incorrect_answer,1,1,0.6389847990835736
Logistic Regression,grouped_80_20,truthfulqa_000651_correct_0,truthfulqa,correct_answer,0,1,0.5650282466020486
Logistic Regression,grouped_80_20,truthfulqa_000651_correct_1,truthfulqa,correct_answer,0,0,0.42137903117095576
Logistic Regression,grouped_80_20,truthfulqa_000651_correct_2,truthfulqa,correct_answer,0,0,0.2156238533801666
Logistic Regression,grouped_80_20,truthfulqa_000651_incorrect_0,truthfulqa,incorrect_answer,1,1,0.7302660699985021
Logistic Regression,grouped_80_20,truthfulqa_000651_incorrect_1,truthfulqa,incorrect_answer,1,1,0.6704273421681876
Logistic Regression,grouped_80_20,truthfulqa_000651_incorrect_2,truthfulqa,incorrect_answer,1,1,0.7445182323858289
Logistic Regression,grouped_80_20,truthfulqa_000652_correct_0,truthfulqa,correct_answer,0,1,0.5704234095357491
Logistic Regression,grouped_80_20,truthfulqa_000652_correct_1,truthfulqa,correct_answer,0,0,0.43310513883116714
Logistic Regression,grouped_80_20,truthfulqa_000652_correct_2,truthfulqa,correct_answer,0,0,0.22136225756859446
Logistic Regression,grouped_80_20,truthfulqa_000652_incorrect_0,truthfulqa,incorrect_answer,1,1,0.7049889375880115
Logistic Regression,grouped_80_20,truthfulqa_000652_incorrect_1,truthfulqa,incorrect_answer,1,1,0.6661547714297601
Logistic Regression,grouped_80_20,truthfulqa_000652_incorrect_2,truthfulqa,incorrect_answer,1,1,0.5216790207156298
Logistic Regression,grouped_80_20,truthfulqa_000656_correct_0,truthfulqa,correct_answer,0,1,0.5932572060965967
Logistic Regression,grouped_80_20,truthfulqa_000656_correct_1,truthfulqa,correct_answer,0,0,0.30958885065386316
Logistic Regression,grouped_80_20,truthfulqa_000656_correct_2,truthfulqa,correct_answer,0,0,0.27238798752792426
Logistic Regression,grouped_80_20,truthfulqa_000656_incorrect_0,truthfulqa,incorrect_answer,1,1,0.7122608873298403
Logistic Regression,grouped_80_20,truthfulqa_000656_incorrect_1,truthfulqa,incorrect_answer,1,1,0.6125101629231441
Logistic Regression,grouped_80_20,truthfulqa_000662_correct_0,truthfulqa,correct_answer,0,1,0.7167889454814147
Logistic Regression,grouped_80_20,truthfulqa_000662_correct_1,truthfulqa,correct_answer,0,0,0.27400726068607006
Logistic Regression,grouped_80_20,truthfulqa_000662_incorrect_0,truthfulqa,incorrect_answer,1,1,0.6983503956121712
Logistic Regression,grouped_80_20,truthfulqa_000662_incorrect_1,truthfulqa,incorrect_answer,1,1,0.5909182162810058
Logistic Regression,grouped_80_20,truthfulqa_000662_incorrect_2,truthfulqa,incorrect_answer,1,1,0.561424508094597
Logistic Regression,grouped_80_20,truthfulqa_000666_correct_0,truthfulqa,correct_answer,0,0,0.2808645657686135
Logistic Regression,grouped_80_20,truthfulqa_000666_correct_1,truthfulqa,correct_answer,0,0,0.3187746997623985
Logistic Regression,grouped_80_20,truthfulqa_000666_correct_2,truthfulqa,correct_answer,0,0,0.20847239255353173
Logistic Regression,grouped_80_20,truthfulqa_000666_correct_3,truthfulqa,correct_answer,0,1,0.6588527976192055
Logistic Regression,grouped_80_20,truthfulqa_000666_incorrect_0,truthfulqa,incorrect_answer,1,1,0.7563782715763804
Logistic Regression,grouped_80_20,truthfulqa_000666_incorrect_1,truthfulqa,incorrect_answer,1,0,0.48760153381539023
Logistic Regression,grouped_80_20,truthfulqa_000667_correct_0,truthfulqa,correct_answer,0,1,0.7932138309715512
Logistic Regression,grouped_80_20,truthfulqa_000667_correct_1,truthfulqa,correct_answer,0,1,0.5025098094126301
Logistic Regression,grouped_80_20,truthfulqa_000667_incorrect_0,truthfulqa,incorrect_answer,1,1,0.79378356670182
Logistic Regression,grouped_80_20,truthfulqa_000667_incorrect_1,truthfulqa,incorrect_answer,1,1,0.5797242415837485
Logistic Regression,grouped_80_20,truthfulqa_000670_correct_0,truthfulqa,correct_answer,0,1,0.6874317995185318
Logistic Regression,grouped_80_20,truthfulqa_000670_correct_1,truthfulqa,correct_answer,0,1,0.6149096255955724
Logistic Regression,grouped_80_20,truthfulqa_000670_correct_2,truthfulqa,correct_answer,0,1,0.5738477079524092
Logistic Regression,grouped_80_20,truthfulqa_000670_correct_3,truthfulqa,correct_answer,0,0,0.47598413128125433
Logistic Regression,grouped_80_20,truthfulqa_000670_correct_4,truthfulqa,correct_answer,0,0,0.4583140807408685
Logistic Regression,grouped_80_20,truthfulqa_000670_incorrect_0,truthfulqa,incorrect_answer,1,1,0.7060092916258534
Logistic Regression,grouped_80_20,truthfulqa_000671_correct_0,truthfulqa,correct_answer,0,0,0.2576685728112646
Logistic Regression,grouped_80_20,truthfulqa_000671_correct_1,truthfulqa,correct_answer,0,0,0.4716049853254617
Logistic Regression,grouped_80_20,truthfulqa_000671_correct_2,truthfulqa,correct_answer,0,0,0.31640047205109806
Logistic Regression,grouped_80_20,truthfulqa_000671_incorrect_0,truthfulqa,incorrect_answer,1,0,0.31751290434701746
Logistic Regression,grouped_80_20,truthfulqa_000675_correct_0,truthfulqa,correct_answer,0,1,0.6424112852411261
Logistic Regression,grouped_80_20,truthfulqa_000675_correct_1,truthfulqa,correct_answer,0,0,0.4234189887393988
Logistic Regression,grouped_80_20,truthfulqa_000675_correct_2,truthfulqa,correct_answer,0,0,0.25205989984966926
Logistic Regression,grouped_80_20,truthfulqa_000675_incorrect_0,truthfulqa,incorrect_answer,1,0,0.4205381241113993
Logistic Regression,grouped_80_20,truthfulqa_000675_incorrect_1,truthfulqa,incorrect_answer,1,1,0.5123392506191832
Logistic Regression,grouped_80_20,truthfulqa_000675_incorrect_2,truthfulqa,incorrect_answer,1,0,0.49554700473421276
Logistic Regression,grouped_80_20,truthfulqa_000678_correct_0,truthfulqa,correct_answer,0,1,0.6192413753144261
Logistic Regression,grouped_80_20,truthfulqa_000678_correct_1,truthfulqa,correct_answer,0,1,0.7418549410698256
Logistic Regression,grouped_80_20,truthfulqa_000678_correct_2,truthfulqa,correct_answer,0,1,0.6773076107747577
Logistic Regression,grouped_80_20,truthfulqa_000678_correct_3,truthfulqa,correct_answer,0,0,0.2864826123089595
Logistic Regression,grouped_80_20,truthfulqa_000678_incorrect_0,truthfulqa,incorrect_answer,1,1,0.7203199293565551
Logistic Regression,grouped_80_20,truthfulqa_000678_incorrect_1,truthfulqa,incorrect_answer,1,1,0.7155696903734222
Logistic Regression,grouped_80_20,truthfulqa_000679_correct_0,truthfulqa,correct_answer,0,0,0.4650501984208306
Logistic Regression,grouped_80_20,truthfulqa_000679_correct_1,truthfulqa,correct_answer,0,1,0.7275830014916345
Logistic Regression,grouped_80_20,truthfulqa_000679_correct_2,truthfulqa,correct_answer,0,1,0.6473544535907397
Logistic Regression,grouped_80_20,truthfulqa_000679_incorrect_0,truthfulqa,incorrect_answer,1,1,0.7021399396936656
Logistic Regression,grouped_80_20,truthfulqa_000679_incorrect_1,truthfulqa,incorrect_answer,1,1,0.6490332884587587
Logistic Regression,grouped_80_20,truthfulqa_000679_incorrect_2,truthfulqa,incorrect_answer,1,1,0.7455298026127805
Logistic Regression,grouped_80_20,truthfulqa_000679_incorrect_3,truthfulqa,incorrect_answer,1,1,0.7263375486170401
Logistic Regression,grouped_80_20,truthfulqa_000679_incorrect_4,truthfulqa,incorrect_answer,1,1,0.7245141220590754
Logistic Regression,grouped_80_20,truthfulqa_000679_incorrect_5,truthfulqa,incorrect_answer,1,1,0.7348647132137286
Logistic Regression,grouped_80_20,truthfulqa_000679_incorrect_6,truthfulqa,incorrect_answer,1,1,0.7251345656222843
Logistic Regression,grouped_80_20,truthfulqa_000688_correct_0,truthfulqa,correct_answer,0,1,0.5662713862650757
Logistic Regression,grouped_80_20,truthfulqa_000688_correct_1,truthfulqa,correct_answer,0,0,0.1260256798215228
Logistic Regression,grouped_80_20,truthfulqa_000688_incorrect_0,truthfulqa,incorrect_answer,1,1,0.5621255964825097
Logistic Regression,grouped_80_20,truthfulqa_000688_incorrect_1,truthfulqa,incorrect_answer,1,1,0.5983685253638236
Logistic Regression,grouped_80_20,truthfulqa_000704_correct_0,truthfulqa,correct_answer,0,1,0.5762892625916745
Logistic Regression,grouped_80_20,truthfulqa_000704_correct_1,truthfulqa,correct_answer,0,0,0.361262213577849
Logistic Regression,grouped_80_20,truthfulqa_000704_incorrect_0,truthfulqa,incorrect_answer,1,1,0.6913947991507426
Logistic Regression,grouped_80_20,truthfulqa_000704_incorrect_1,truthfulqa,incorrect_answer,1,1,0.6516214274479628
Logistic Regression,grouped_80_20,truthfulqa_000704_incorrect_2,truthfulqa,incorrect_answer,1,0,0.2811326487966031
Logistic Regression,grouped_80_20,truthfulqa_000705_correct_0,truthfulqa,correct_answer,0,1,0.5909841365686898
Logistic Regression,grouped_80_20,truthfulqa_000705_incorrect_0,truthfulqa,incorrect_answer,1,1,0.5782941589088215
Logistic Regression,grouped_80_20,truthfulqa_000705_incorrect_1,truthfulqa,incorrect_answer,1,0,0.24042331166763506
Logistic Regression,grouped_80_20,truthfulqa_000709_correct_0,truthfulqa,correct_answer,0,1,0.693261293184034
Logistic Regression,grouped_80_20,truthfulqa_000709_correct_1,truthfulqa,correct_answer,0,1,0.7909025732420518
Logistic Regression,grouped_80_20,truthfulqa_000709_correct_2,truthfulqa,correct_answer,0,0,0.4876484064597085
Logistic Regression,grouped_80_20,truthfulqa_000709_incorrect_0,truthfulqa,incorrect_answer,1,1,0.7722573690702758
Logistic Regression,grouped_80_20,truthfulqa_000709_incorrect_1,truthfulqa,incorrect_answer,1,1,0.7957442937432481
Logistic Regression,grouped_80_20,truthfulqa_000709_incorrect_2,truthfulqa,incorrect_answer,1,1,0.7921944608728462
Logistic Regression,grouped_80_20,truthfulqa_000709_incorrect_3,truthfulqa,incorrect_answer,1,1,0.593833531084739
Logistic Regression,grouped_80_20,truthfulqa_000712_correct_0,truthfulqa,correct_answer,0,1,0.5319360945116896
Logistic Regression,grouped_80_20,truthfulqa_000712_correct_1,truthfulqa,correct_answer,0,1,0.5491273871035144
Logistic Regression,grouped_80_20,truthfulqa_000712_correct_2,truthfulqa,correct_answer,0,1,0.5596291124865367
Logistic Regression,grouped_80_20,truthfulqa_000712_incorrect_0,truthfulqa,incorrect_answer,1,1,0.6342331974626163
Logistic Regression,grouped_80_20,truthfulqa_000712_incorrect_1,truthfulqa,incorrect_answer,1,1,0.6968315264151674
Logistic Regression,grouped_80_20,truthfulqa_000712_incorrect_2,truthfulqa,incorrect_answer,1,1,0.6502397805849093
Logistic Regression,grouped_80_20,truthfulqa_000718_correct_0,truthfulqa,correct_answer,0,1,0.5862615906502923
Logistic Regression,grouped_80_20,truthfulqa_000718_correct_1,truthfulqa,correct_answer,0,0,0.4012363549165395
Logistic Regression,grouped_80_20,truthfulqa_000718_correct_2,truthfulqa,correct_answer,0,1,0.7730054694774282
Logistic Regression,grouped_80_20,truthfulqa_000718_correct_3,truthfulqa,correct_answer,0,0,0.4272257424209756
Logistic Regression,grouped_80_20,truthfulqa_000718_correct_4,truthfulqa,correct_answer,0,0,0.377797692412939
Logistic Regression,grouped_80_20,truthfulqa_000718_incorrect_0,truthfulqa,incorrect_answer,1,1,0.5500584855882337
Logistic Regression,grouped_80_20,truthfulqa_000718_incorrect_1,truthfulqa,incorrect_answer,1,0,0.47855843534629444
Logistic Regression,grouped_80_20,truthfulqa_000720_correct_0,truthfulqa,correct_answer,0,1,0.5670298855374778
Logistic Regression,grouped_80_20,truthfulqa_000720_correct_1,truthfulqa,correct_answer,0,1,0.5427162851652254
Logistic Regression,grouped_80_20,truthfulqa_000720_correct_2,truthfulqa,correct_answer,0,1,0.6502053343582369
Logistic Regression,grouped_80_20,truthfulqa_000720_incorrect_0,truthfulqa,incorrect_answer,1,1,0.5649409118725462
Logistic Regression,grouped_80_20,truthfulqa_000720_incorrect_1,truthfulqa,incorrect_answer,1,1,0.6375553557490294
Logistic Regression,grouped_80_20,truthfulqa_000720_incorrect_2,truthfulqa,incorrect_answer,1,1,0.6446018797847362
Logistic Regression,grouped_80_20,truthfulqa_000728_correct_0,truthfulqa,correct_answer,0,0,0.4669252555857498
Logistic Regression,grouped_80_20,truthfulqa_000728_correct_1,truthfulqa,correct_answer,0,0,0.4526464911780168
Logistic Regression,grouped_80_20,truthfulqa_000728_incorrect_0,truthfulqa,incorrect_answer,1,1,0.666089917156847
Logistic Regression,grouped_80_20,truthfulqa_000728_incorrect_1,truthfulqa,incorrect_answer,1,1,0.6720763381556227
Logistic Regression,grouped_80_20,truthfulqa_000728_incorrect_2,truthfulqa,incorrect_answer,1,1,0.6535851911881209
Logistic Regression,grouped_80_20,truthfulqa_000730_correct_0,truthfulqa,correct_answer,0,1,0.6357664544970898
Logistic Regression,grouped_80_20,truthfulqa_000730_correct_1,truthfulqa,correct_answer,0,1,0.5063177211076796
Logistic Regression,grouped_80_20,truthfulqa_000730_correct_2,truthfulqa,correct_answer,0,1,0.5508537342063283
Logistic Regression,grouped_80_20,truthfulqa_000730_incorrect_0,truthfulqa,incorrect_answer,1,1,0.6385475428641338
Logistic Regression,grouped_80_20,truthfulqa_000730_incorrect_1,truthfulqa,incorrect_answer,1,1,0.6385475428641338
Logistic Regression,grouped_80_20,truthfulqa_000735_correct_0,truthfulqa,correct_answer,0,0,0.45392736539271555
Logistic Regression,grouped_80_20,truthfulqa_000735_correct_1,truthfulqa,correct_answer,0,0,0.17312105770623692
Logistic Regression,grouped_80_20,truthfulqa_000735_correct_2,truthfulqa,correct_answer,0,1,0.6108345254170494
Logistic Regression,grouped_80_20,truthfulqa_000735_incorrect_0,truthfulqa,incorrect_answer,1,1,0.5861609466876708
Logistic Regression,grouped_80_20,truthfulqa_000735_incorrect_1,truthfulqa,incorrect_answer,1,1,0.5524487024350138
Logistic Regression,grouped_80_20,truthfulqa_000737_correct_0,truthfulqa,correct_answer,0,0,0.3409530817865118
Logistic Regression,grouped_80_20,truthfulqa_000737_correct_1,truthfulqa,correct_answer,0,0,0.2298219873708427
Logistic Regression,grouped_80_20,truthfulqa_000737_correct_2,truthfulqa,correct_answer,0,0,0.13807746884430336
Logistic Regression,grouped_80_20,truthfulqa_000737_incorrect_0,truthfulqa,incorrect_answer,1,1,0.6274705441443875
Logistic Regression,grouped_80_20,truthfulqa_000737_incorrect_1,truthfulqa,incorrect_answer,1,0,0.3936628045211357
Logistic Regression,grouped_80_20,truthfulqa_000739_correct_0,truthfulqa,correct_answer,0,1,0.7017486502736495
Logistic Regression,grouped_80_20,truthfulqa_000739_correct_1,truthfulqa,correct_answer,0,1,0.6822006882875458
Logistic Regression,grouped_80_20,truthfulqa_000739_incorrect_0,truthfulqa,incorrect_answer,1,1,0.7608335427970996
Logistic Regression,grouped_80_20,truthfulqa_000739_incorrect_1,truthfulqa,incorrect_answer,1,1,0.6566844485103991
Logistic Regression,grouped_80_20,truthfulqa_000740_correct_0,truthfulqa,correct_answer,0,1,0.6746785710295908
Logistic Regression,grouped_80_20,truthfulqa_000740_incorrect_0,truthfulqa,incorrect_answer,1,1,0.7019194853283804
Logistic Regression,grouped_80_20,truthfulqa_000753_correct_0,truthfulqa,correct_answer,0,0,0.47864758740250213
Logistic Regression,grouped_80_20,truthfulqa_000753_correct_1,truthfulqa,correct_answer,0,0,0.3926162992590053
Logistic Regression,grouped_80_20,truthfulqa_000753_correct_2,truthfulqa,correct_answer,0,0,0.3306859866650759
Logistic Regression,grouped_80_20,truthfulqa_000753_incorrect_0,truthfulqa,incorrect_answer,1,1,0.7765473407638591
Logistic Regression,grouped_80_20,truthfulqa_000761_correct_0,truthfulqa,correct_answer,0,1,0.503424869189522
Logistic Regression,grouped_80_20,truthfulqa_000761_correct_1,truthfulqa,correct_answer,0,1,0.6984055204426024
Logistic Regression,grouped_80_20,truthfulqa_000761_correct_2,truthfulqa,correct_answer,0,0,0.3201072642771443
Logistic Regression,grouped_80_20,truthfulqa_000761_incorrect_0,truthfulqa,incorrect_answer,1,1,0.682944655218188
Logistic Regression,grouped_80_20,truthfulqa_000761_incorrect_1,truthfulqa,incorrect_answer,1,0,0.38795845559853237
Logistic Regression,grouped_80_20,truthfulqa_000761_incorrect_2,truthfulqa,incorrect_answer,1,0,0.32047881300121095
Logistic Regression,grouped_80_20,truthfulqa_000761_incorrect_3,truthfulqa,incorrect_answer,1,0,0.4896492923969763
Logistic Regression,grouped_80_20,truthfulqa_000765_correct_0,truthfulqa,correct_answer,0,1,0.6507689823007669
Logistic Regression,grouped_80_20,truthfulqa_000765_correct_1,truthfulqa,correct_answer,0,0,0.3998779754977333
Logistic Regression,grouped_80_20,truthfulqa_000765_correct_2,truthfulqa,correct_answer,0,0,0.45959911377189394
Logistic Regression,grouped_80_20,truthfulqa_000765_incorrect_0,truthfulqa,incorrect_answer,1,1,0.6506970642423895
Logistic Regression,grouped_80_20,truthfulqa_000765_incorrect_1,truthfulqa,incorrect_answer,1,1,0.6500614684707574
Logistic Regression,grouped_80_20,truthfulqa_000765_incorrect_2,truthfulqa,incorrect_answer,1,1,0.6683300667279711
Logistic Regression,grouped_80_20,truthfulqa_000765_incorrect_3,truthfulqa,incorrect_answer,1,1,0.557221327281729
Logistic Regression,grouped_80_20,truthfulqa_000765_incorrect_4,truthfulqa,incorrect_answer,1,1,0.5380769492984069
Logistic Regression,grouped_80_20,truthfulqa_000767_correct_0,truthfulqa,correct_answer,0,1,0.6029821271993052
Logistic Regression,grouped_80_20,truthfulqa_000767_correct_1,truthfulqa,correct_answer,0,1,0.6301117954402287
Logistic Regression,grouped_80_20,truthfulqa_000767_incorrect_0,truthfulqa,incorrect_answer,1,1,0.5306859368436105
Logistic Regression,grouped_80_20,truthfulqa_000767_incorrect_1,truthfulqa,incorrect_answer,1,0,0.42393772989520934
Logistic Regression,grouped_80_20,truthfulqa_000772_correct_0,truthfulqa,correct_answer,0,1,0.676380112447823
Logistic Regression,grouped_80_20,truthfulqa_000772_incorrect_0,truthfulqa,incorrect_answer,1,1,0.6456999981733927
Logistic Regression,grouped_80_20,truthfulqa_000772_incorrect_1,truthfulqa,incorrect_answer,1,1,0.5459558083694658
Logistic Regression,grouped_80_20,truthfulqa_000775_correct_0,truthfulqa,correct_answer,0,1,0.7139029798051011
Logistic Regression,grouped_80_20,truthfulqa_000775_correct_1,truthfulqa,correct_answer,0,1,0.740473585955929
Logistic Regression,grouped_80_20,truthfulqa_000775_correct_2,truthfulqa,correct_answer,0,1,0.6832993077365862
Logistic Regression,grouped_80_20,truthfulqa_000775_correct_3,truthfulqa,correct_answer,0,1,0.6456811422808001
Logistic Regression,grouped_80_20,truthfulqa_000775_incorrect_0,truthfulqa,incorrect_answer,1,1,0.6551460121609533
Logistic Regression,grouped_80_20,truthfulqa_000775_incorrect_1,truthfulqa,incorrect_answer,1,1,0.7053177867681426
Logistic Regression,grouped_80_20,truthfulqa_000775_incorrect_2,truthfulqa,incorrect_answer,1,1,0.5881547286924815
Logistic Regression,grouped_80_20,truthfulqa_000775_incorrect_3,truthfulqa,incorrect_answer,1,1,0.589552616498456
Logistic Regression,grouped_80_20,truthfulqa_000777_correct_0,truthfulqa,correct_answer,0,1,0.5388655812244383
Logistic Regression,grouped_80_20,truthfulqa_000777_correct_1,truthfulqa,correct_answer,0,0,0.4235025387181215
Logistic Regression,grouped_80_20,truthfulqa_000777_correct_2,truthfulqa,correct_answer,0,0,0.3983620614705354
Logistic Regression,grouped_80_20,truthfulqa_000777_correct_3,truthfulqa,correct_answer,0,1,0.5967981531246718
Logistic Regression,grouped_80_20,truthfulqa_000777_incorrect_0,truthfulqa,incorrect_answer,1,1,0.6050146942815419
Logistic Regression,grouped_80_20,truthfulqa_000777_incorrect_1,truthfulqa,incorrect_answer,1,1,0.5037956905916366
Logistic Regression,grouped_80_20,truthfulqa_000777_incorrect_2,truthfulqa,incorrect_answer,1,1,0.5257438947815994
Logistic Regression,grouped_80_20,truthfulqa_000777_incorrect_3,truthfulqa,incorrect_answer,1,1,0.5257438947815994
Logistic Regression,grouped_80_20,truthfulqa_000781_correct_0,truthfulqa,correct_answer,0,0,0.49198338066600733
Logistic Regression,grouped_80_20,truthfulqa_000781_correct_1,truthfulqa,correct_answer,0,1,0.733371755758216
Logistic Regression,grouped_80_20,truthfulqa_000781_incorrect_0,truthfulqa,incorrect_answer,1,1,0.7357741841506038
Logistic Regression,grouped_80_20,truthfulqa_000793_correct_0,truthfulqa,correct_answer,0,1,0.5473146514822749
Logistic Regression,grouped_80_20,truthfulqa_000793_correct_1,truthfulqa,correct_answer,0,0,0.4535984425790687
Logistic Regression,grouped_80_20,truthfulqa_000793_correct_2,truthfulqa,correct_answer,0,1,0.510873580311917
Logistic Regression,grouped_80_20,truthfulqa_000793_incorrect_0,truthfulqa,incorrect_answer,1,1,0.7927464097471875
Logistic Regression,grouped_80_20,truthfulqa_000793_incorrect_1,truthfulqa,incorrect_answer,1,1,0.8369518580295544
Logistic Regression,grouped_80_20,truthfulqa_000793_incorrect_2,truthfulqa,incorrect_answer,1,1,0.8562105871054808
Logistic Regression,grouped_80_20,truthfulqa_000793_incorrect_3,truthfulqa,incorrect_answer,1,1,0.8425295616757945
Logistic Regression,grouped_80_20,truthfulqa_000803_correct_0,truthfulqa,correct_answer,0,1,0.6954458611856937
Logistic Regression,grouped_80_20,truthfulqa_000803_correct_1,truthfulqa,correct_answer,0,1,0.5587029966488224
Logistic Regression,grouped_80_20,truthfulqa_000803_incorrect_0,truthfulqa,incorrect_answer,1,1,0.6228943330051023
Logistic Regression,grouped_80_20,truthfulqa_000803_incorrect_1,truthfulqa,incorrect_answer,1,1,0.5230496948083316
Logistic Regression,grouped_80_20,truthfulqa_000803_incorrect_2,truthfulqa,incorrect_answer,1,0,0.40080916012708173
Logistic Regression,grouped_80_20,truthfulqa_000804_correct_0,truthfulqa,correct_answer,0,1,0.5516706488330735
Logistic Regression,grouped_80_20,truthfulqa_000804_correct_1,truthfulqa,correct_answer,0,1,0.527542046066035
Logistic Regression,grouped_80_20,truthfulqa_000804_correct_2,truthfulqa,correct_answer,0,0,0.48403321897449636
Logistic Regression,grouped_80_20,truthfulqa_000804_correct_3,truthfulqa,correct_answer,0,1,0.5488709837902025
Logistic Regression,grouped_80_20,truthfulqa_000804_incorrect_0,truthfulqa,incorrect_answer,1,1,0.5535165344523985
Logistic Regression,grouped_80_20,truthfulqa_000804_incorrect_1,truthfulqa,incorrect_answer,1,1,0.5207993501295269
Logistic Regression,grouped_80_20,truthfulqa_000804_incorrect_2,truthfulqa,incorrect_answer,1,1,0.528994757485739
Logistic Regression,grouped_80_20,truthfulqa_000804_incorrect_3,truthfulqa,incorrect_answer,1,0,0.49939104503499343
Logistic Regression,grouped_80_20,truthfulqa_000804_incorrect_4,truthfulqa,incorrect_answer,1,1,0.5295041719239322
Logistic Regression,grouped_80_20,truthfulqa_000812_correct_0,truthfulqa,correct_answer,0,0,0.3788802882194801
Logistic Regression,grouped_80_20,truthfulqa_000812_incorrect_0,truthfulqa,incorrect_answer,1,0,0.39475422903734947
Logistic Regression,grouped_80_20,truthfulqa_000812_incorrect_1,truthfulqa,incorrect_answer,1,0,0.4401901263839789
Logistic Regression,grouped_80_20,truthfulqa_000812_incorrect_2,truthfulqa,incorrect_answer,1,0,0.4001151414160965
Logistic Regression,grouped_80_20,truthfulqa_000812_incorrect_3,truthfulqa,incorrect_answer,1,0,0.37010287124310853
Logistic Regression,grouped_80_20,truthfulqa_000812_incorrect_4,truthfulqa,incorrect_answer,1,0,0.47185277374746065
Logistic Regression,grouped_80_20,truthfulqa_000813_correct_0,truthfulqa,correct_answer,0,1,0.6016775658135234
Logistic Regression,grouped_80_20,truthfulqa_000813_incorrect_0,truthfulqa,incorrect_answer,1,1,0.6174345623302641
Logistic Regression,grouped_80_20,truthfulqa_000813_incorrect_1,truthfulqa,incorrect_answer,1,1,0.6099755789121584
Logistic Regression,grouped_80_20,truthfulqa_000813_incorrect_2,truthfulqa,incorrect_answer,1,1,0.6120576004075292
Logistic Regression,grouped_80_20,truthfulqa_000813_incorrect_3,truthfulqa,incorrect_answer,1,1,0.5878195255337206
Logistic Regression,grouped_80_20,truthfulqa_000813_incorrect_4,truthfulqa,incorrect_answer,1,1,0.6240957635888162
Logistic Regression,grouped_80_20,truthfulqa_000813_incorrect_5,truthfulqa,incorrect_answer,1,1,0.6160193538435542
Linear SVM,grouped_80_20,truthfulqa_000002_correct_0,truthfulqa,correct_answer,0,0,-0.40211810481954957
Linear SVM,grouped_80_20,truthfulqa_000002_correct_1,truthfulqa,correct_answer,0,1,0.04620185805067638
Linear SVM,grouped_80_20,truthfulqa_000002_correct_2,truthfulqa,correct_answer,0,0,-0.17281309751433124
Linear SVM,grouped_80_20,truthfulqa_000002_correct_3,truthfulqa,correct_answer,0,0,-0.5000906020604967
Linear SVM,grouped_80_20,truthfulqa_000002_incorrect_0,truthfulqa,incorrect_answer,1,1,0.3795457068313107
Linear SVM,grouped_80_20,truthfulqa_000002_incorrect_1,truthfulqa,incorrect_answer,1,1,0.5088762761406718
Linear SVM,grouped_80_20,truthfulqa_000002_incorrect_2,truthfulqa,incorrect_answer,1,0,-0.0335659040669572
Linear SVM,grouped_80_20,truthfulqa_000005_correct_0,truthfulqa,correct_answer,0,1,0.15264065163905466
Linear SVM,grouped_80_20,truthfulqa_000005_correct_1,truthfulqa,correct_answer,0,1,0.058159415469454065
Linear SVM,grouped_80_20,truthfulqa_000005_correct_2,truthfulqa,correct_answer,0,1,0.20653002771426404
Linear SVM,grouped_80_20,truthfulqa_000005_incorrect_0,truthfulqa,incorrect_answer,1,1,0.28186032603853844
Linear SVM,grouped_80_20,truthfulqa_000005_incorrect_1,truthfulqa,incorrect_answer,1,1,0.08775676786107138
Linear SVM,grouped_80_20,truthfulqa_000005_incorrect_2,truthfulqa,incorrect_answer,1,1,0.3377770796129673
Linear SVM,grouped_80_20,truthfulqa_000007_correct_0,truthfulqa,correct_answer,0,1,0.14466382486160861
Linear SVM,grouped_80_20,truthfulqa_000007_correct_1,truthfulqa,correct_answer,0,0,-0.25357222810314983
Linear SVM,grouped_80_20,truthfulqa_000007_correct_2,truthfulqa,correct_answer,0,0,-0.03794785583856225
Linear SVM,grouped_80_20,truthfulqa_000007_correct_3,truthfulqa,correct_answer,0,0,-0.05153763825699681
Linear SVM,grouped_80_20,truthfulqa_000007_incorrect_0,truthfulqa,incorrect_answer,1,1,0.3902061089981579
Linear SVM,grouped_80_20,truthfulqa_000007_incorrect_1,truthfulqa,incorrect_answer,1,1,0.20220972279458937
Linear SVM,grouped_80_20,truthfulqa_000007_incorrect_2,truthfulqa,incorrect_answer,1,1,0.16250060108929432
Linear SVM,grouped_80_20,truthfulqa_000007_incorrect_3,truthfulqa,incorrect_answer,1,1,0.2545937459157839
Linear SVM,grouped_80_20,truthfulqa_000010_correct_0,truthfulqa,correct_answer,0,1,0.05107873867465658
Linear SVM,grouped_80_20,truthfulqa_000010_incorrect_0,truthfulqa,incorrect_answer,1,1,0.1367601576240153
Linear SVM,grouped_80_20,truthfulqa_000010_incorrect_1,truthfulqa,incorrect_answer,1,0,-0.02723853268503315
Linear SVM,grouped_80_20,truthfulqa_000010_incorrect_2,truthfulqa,incorrect_answer,1,1,0.058745372543462515
Linear SVM,grouped_80_20,truthfulqa_000023_correct_0,truthfulqa,correct_answer,0,1,0.23619772863266658
Linear SVM,grouped_80_20,truthfulqa_000023_correct_1,truthfulqa,correct_answer,0,0,-0.2607575406817987
Linear SVM,grouped_80_20,truthfulqa_000023_incorrect_0,truthfulqa,incorrect_answer,1,1,0.2745644139997737
Linear SVM,grouped_80_20,truthfulqa_000023_incorrect_1,truthfulqa,incorrect_answer,1,1,0.04439576404612773
Linear SVM,grouped_80_20,truthfulqa_000029_correct_0,truthfulqa,correct_answer,0,1,0.17525175274888555
Linear SVM,grouped_80_20,truthfulqa_000029_correct_1,truthfulqa,correct_answer,0,0,-0.4221792225591381
Linear SVM,grouped_80_20,truthfulqa_000029_incorrect_0,truthfulqa,incorrect_answer,1,1,0.30587592222258364
Linear SVM,grouped_80_20,truthfulqa_000029_incorrect_1,truthfulqa,incorrect_answer,1,1,0.20384526282356474
Linear SVM,grouped_80_20,truthfulqa_000029_incorrect_2,truthfulqa,incorrect_answer,1,1,0.12054358720274423
Linear SVM,grouped_80_20,truthfulqa_000029_incorrect_3,truthfulqa,incorrect_answer,1,1,0.1105389145219718
Linear SVM,grouped_80_20,truthfulqa_000030_correct_0,truthfulqa,correct_answer,0,1,0.12155965114611743
Linear SVM,grouped_80_20,truthfulqa_000030_correct_1,truthfulqa,correct_answer,0,0,-0.39177397566991967
Linear SVM,grouped_80_20,truthfulqa_000030_incorrect_0,truthfulqa,incorrect_answer,1,1,0.15650830365687735
Linear SVM,grouped_80_20,truthfulqa_000030_incorrect_1,truthfulqa,incorrect_answer,1,1,0.12586173121117378
Linear SVM,grouped_80_20,truthfulqa_000030_incorrect_2,truthfulqa,incorrect_answer,1,1,0.5184075971683015
Linear SVM,grouped_80_20,truthfulqa_000031_correct_0,truthfulqa,correct_answer,0,1,0.20772479356961487
Linear SVM,grouped_80_20,truthfulqa_000031_correct_1,truthfulqa,correct_answer,0,1,0.047063043786078715
Linear SVM,grouped_80_20,truthfulqa_000031_incorrect_0,truthfulqa,incorrect_answer,1,1,0.18239623670816923
Linear SVM,grouped_80_20,truthfulqa_000031_incorrect_1,truthfulqa,incorrect_answer,1,1,0.18737843132171783
Linear SVM,grouped_80_20,truthfulqa_000031_incorrect_2,truthfulqa,incorrect_answer,1,1,0.033501863596957226
Linear SVM,grouped_80_20,truthfulqa_000031_incorrect_3,truthfulqa,incorrect_answer,1,1,0.0413158165563986
Linear SVM,grouped_80_20,truthfulqa_000031_incorrect_4,truthfulqa,incorrect_answer,1,1,0.0787803553635674
Linear SVM,grouped_80_20,truthfulqa_000031_incorrect_5,truthfulqa,incorrect_answer,1,1,0.030177577841894898
Linear SVM,grouped_80_20,truthfulqa_000033_correct_0,truthfulqa,correct_answer,0,1,0.2814177331507278
Linear SVM,grouped_80_20,truthfulqa_000033_correct_1,truthfulqa,correct_answer,0,1,0.7429819925741651
Linear SVM,grouped_80_20,truthfulqa_000033_correct_2,truthfulqa,correct_answer,0,1,0.7091461785973215
Linear SVM,grouped_80_20,truthfulqa_000033_correct_3,truthfulqa,correct_answer,0,1,0.38099383763214245
Linear SVM,grouped_80_20,truthfulqa_000033_correct_4,truthfulqa,correct_answer,0,1,0.08304617154762667
Linear SVM,grouped_80_20,truthfulqa_000033_correct_5,truthfulqa,correct_answer,0,1,0.09053736723823062
Linear SVM,grouped_80_20,truthfulqa_000033_correct_6,truthfulqa,correct_answer,0,1,0.04101055864412627
Linear SVM,grouped_80_20,truthfulqa_000033_incorrect_0,truthfulqa,incorrect_answer,1,1,0.1616558838181102
Linear SVM,grouped_80_20,truthfulqa_000033_incorrect_1,truthfulqa,incorrect_answer,1,1,0.22354746486298754
Linear SVM,grouped_80_20,truthfulqa_000033_incorrect_2,truthfulqa,incorrect_answer,1,1,0.07002410187990984
Linear SVM,grouped_80_20,truthfulqa_000033_incorrect_3,truthfulqa,incorrect_answer,1,1,0.07210184550826389
Linear SVM,grouped_80_20,truthfulqa_000033_incorrect_4,truthfulqa,incorrect_answer,1,0,-0.017941270313363455
Linear SVM,grouped_80_20,truthfulqa_000033_incorrect_5,truthfulqa,incorrect_answer,1,1,0.0464145854331971
Linear SVM,grouped_80_20,truthfulqa_000033_incorrect_6,truthfulqa,incorrect_answer,1,1,0.16748808899775475
Linear SVM,grouped_80_20,truthfulqa_000033_incorrect_7,truthfulqa,incorrect_answer,1,1,0.2045612248521841
Linear SVM,grouped_80_20,truthfulqa_000033_incorrect_8,truthfulqa,incorrect_answer,1,1,0.7615142913771771
Linear SVM,grouped_80_20,truthfulqa_000039_correct_0,truthfulqa,correct_answer,0,1,0.3611325488230263
Linear SVM,grouped_80_20,truthfulqa_000039_correct_1,truthfulqa,correct_answer,0,1,0.46228454704160993
Linear SVM,grouped_80_20,truthfulqa_000039_correct_2,truthfulqa,correct_answer,0,1,0.8188525195287522
Linear SVM,grouped_80_20,truthfulqa_000039_correct_3,truthfulqa,correct_answer,0,1,0.4418027089350024
Linear SVM,grouped_80_20,truthfulqa_000039_correct_4,truthfulqa,correct_answer,0,1,0.6432889814244109
Linear SVM,grouped_80_20,truthfulqa_000039_incorrect_0,truthfulqa,incorrect_answer,1,1,0.7998578327750546
Linear SVM,grouped_80_20,truthfulqa_000039_incorrect_1,truthfulqa,incorrect_answer,1,1,0.7869962440482594
Linear SVM,grouped_80_20,truthfulqa_000039_incorrect_2,truthfulqa,incorrect_answer,1,1,0.3620063415254473
Linear SVM,grouped_80_20,truthfulqa_000039_incorrect_3,truthfulqa,incorrect_answer,1,1,0.818523707095013
Linear SVM,grouped_80_20,truthfulqa_000039_incorrect_4,truthfulqa,incorrect_answer,1,1,0.43145439097845906
Linear SVM,grouped_80_20,truthfulqa_000049_correct_0,truthfulqa,correct_answer,0,0,-0.4207482557322727
Linear SVM,grouped_80_20,truthfulqa_000049_correct_1,truthfulqa,correct_answer,0,0,-0.08867398626289666
Linear SVM,grouped_80_20,truthfulqa_000049_correct_2,truthfulqa,correct_answer,0,0,-0.2021836439795027
Linear SVM,grouped_80_20,truthfulqa_000049_incorrect_0,truthfulqa,incorrect_answer,1,1,0.17013618151950924
Linear SVM,grouped_80_20,truthfulqa_000049_incorrect_1,truthfulqa,incorrect_answer,1,0,-0.11891122196548845
Linear SVM,grouped_80_20,truthfulqa_000049_incorrect_2,truthfulqa,incorrect_answer,1,0,-0.12195032733933472
Linear SVM,grouped_80_20,truthfulqa_000049_incorrect_3,truthfulqa,incorrect_answer,1,0,-0.1996168974618829
Linear SVM,grouped_80_20,truthfulqa_000054_correct_0,truthfulqa,correct_answer,0,1,0.3856330089540895
Linear SVM,grouped_80_20,truthfulqa_000054_correct_1,truthfulqa,correct_answer,0,1,0.28242763090624634
Linear SVM,grouped_80_20,truthfulqa_000054_correct_2,truthfulqa,correct_answer,0,1,0.36501073204137247
Linear SVM,grouped_80_20,truthfulqa_000054_incorrect_0,truthfulqa,incorrect_answer,1,1,0.29615453547615017
Linear SVM,grouped_80_20,truthfulqa_000054_incorrect_1,truthfulqa,incorrect_answer,1,1,0.17486070997238196
Linear SVM,grouped_80_20,truthfulqa_000054_incorrect_2,truthfulqa,incorrect_answer,1,1,0.1771290557969028
Linear SVM,grouped_80_20,truthfulqa_000054_incorrect_3,truthfulqa,incorrect_answer,1,1,0.2005125076279492
Linear SVM,grouped_80_20,truthfulqa_000063_correct_0,truthfulqa,correct_answer,0,0,-0.13103071789083645
Linear SVM,grouped_80_20,truthfulqa_000063_correct_1,truthfulqa,correct_answer,0,1,0.0748317605877113
Linear SVM,grouped_80_20,truthfulqa_000063_incorrect_0,truthfulqa,incorrect_answer,1,1,0.46866236355331237
Linear SVM,grouped_80_20,truthfulqa_000063_incorrect_1,truthfulqa,incorrect_answer,1,1,0.46235053003067905
Linear SVM,grouped_80_20,truthfulqa_000063_incorrect_2,truthfulqa,incorrect_answer,1,1,0.2923891295515163
Linear SVM,grouped_80_20,truthfulqa_000063_incorrect_3,truthfulqa,incorrect_answer,1,1,0.3131979272514571
Linear SVM,grouped_80_20,truthfulqa_000065_correct_0,truthfulqa,correct_answer,0,1,0.27464628959466886
Linear SVM,grouped_80_20,truthfulqa_000065_correct_1,truthfulqa,correct_answer,0,1,0.23587687040827143
Linear SVM,grouped_80_20,truthfulqa_000065_correct_2,truthfulqa,correct_answer,0,0,-0.24982323241213125
Linear SVM,grouped_80_20,truthfulqa_000065_correct_3,truthfulqa,correct_answer,0,0,-0.08632474457306968
Linear SVM,grouped_80_20,truthfulqa_000065_incorrect_0,truthfulqa,incorrect_answer,1,1,0.0797284295393954
Linear SVM,grouped_80_20,truthfulqa_000065_incorrect_1,truthfulqa,incorrect_answer,1,1,0.24691345622429456
Linear SVM,grouped_80_20,truthfulqa_000065_incorrect_2,truthfulqa,incorrect_answer,1,1,0.27387551766248985
Linear SVM,grouped_80_20,truthfulqa_000066_correct_0,truthfulqa,correct_answer,0,0,-0.38537732633368216
Linear SVM,grouped_80_20,truthfulqa_000066_correct_1,truthfulqa,correct_answer,0,1,0.49381307684157927
Linear SVM,grouped_80_20,truthfulqa_000066_correct_2,truthfulqa,correct_answer,0,1,0.0505718330383613
Linear SVM,grouped_80_20,truthfulqa_000066_incorrect_0,truthfulqa,incorrect_answer,1,1,0.23364103874892245
Linear SVM,grouped_80_20,truthfulqa_000066_incorrect_1,truthfulqa,incorrect_answer,1,1,0.16156676057105107
Linear SVM,grouped_80_20,truthfulqa_000066_incorrect_2,truthfulqa,incorrect_answer,1,1,0.24034271262428608
Linear SVM,grouped_80_20,truthfulqa_000067_correct_0,truthfulqa,correct_answer,0,1,0.5123279480694914
Linear SVM,grouped_80_20,truthfulqa_000067_correct_1,truthfulqa,correct_answer,0,1,0.285329083672715
Linear SVM,grouped_80_20,truthfulqa_000067_correct_2,truthfulqa,correct_answer,0,1,0.3300258102667272
Linear SVM,grouped_80_20,truthfulqa_000067_incorrect_0,truthfulqa,incorrect_answer,1,1,0.4959498811730795
Linear SVM,grouped_80_20,truthfulqa_000067_incorrect_1,truthfulqa,incorrect_answer,1,1,0.21026301773411016
Linear SVM,grouped_80_20,truthfulqa_000072_correct_0,truthfulqa,correct_answer,0,1,0.22358097439564772
Linear SVM,grouped_80_20,truthfulqa_000072_correct_1,truthfulqa,correct_answer,0,1,0.4309841054250938
Linear SVM,grouped_80_20,truthfulqa_000072_correct_2,truthfulqa,correct_answer,0,1,0.0034057414008973885
Linear SVM,grouped_80_20,truthfulqa_000072_correct_3,truthfulqa,correct_answer,0,1,0.23889220865000055
Linear SVM,grouped_80_20,truthfulqa_000072_incorrect_0,truthfulqa,incorrect_answer,1,0,-0.2713015150118172
Linear SVM,grouped_80_20,truthfulqa_000072_incorrect_1,truthfulqa,incorrect_answer,1,1,0.43240652591145534
Linear SVM,grouped_80_20,truthfulqa_000072_incorrect_2,truthfulqa,incorrect_answer,1,1,0.01942975139062346
Linear SVM,grouped_80_20,truthfulqa_000072_incorrect_3,truthfulqa,incorrect_answer,1,0,-0.10333445500697103
Linear SVM,grouped_80_20,truthfulqa_000076_correct_0,truthfulqa,correct_answer,0,0,-0.00026437726266856365
Linear SVM,grouped_80_20,truthfulqa_000076_correct_1,truthfulqa,correct_answer,0,1,0.4020029558013323
Linear SVM,grouped_80_20,truthfulqa_000076_correct_2,truthfulqa,correct_answer,0,0,-0.028983364161005387
Linear SVM,grouped_80_20,truthfulqa_000076_incorrect_0,truthfulqa,incorrect_answer,1,1,0.378697103376769
Linear SVM,grouped_80_20,truthfulqa_000076_incorrect_1,truthfulqa,incorrect_answer,1,0,-0.36171951827267246
Linear SVM,grouped_80_20,truthfulqa_000076_incorrect_2,truthfulqa,incorrect_answer,1,0,-0.10767529751222019
Linear SVM,grouped_80_20,truthfulqa_000077_correct_0,truthfulqa,correct_answer,0,1,0.16618719999473416
Linear SVM,grouped_80_20,truthfulqa_000077_correct_1,truthfulqa,correct_answer,0,0,-0.25420967308134235
Linear SVM,grouped_80_20,truthfulqa_000077_correct_2,truthfulqa,correct_answer,0,0,-0.22548514578928738
Linear SVM,grouped_80_20,truthfulqa_000077_incorrect_0,truthfulqa,incorrect_answer,1,1,0.45583422333326495
Linear SVM,grouped_80_20,truthfulqa_000077_incorrect_1,truthfulqa,incorrect_answer,1,1,0.5107716195890653
Linear SVM,grouped_80_20,truthfulqa_000077_incorrect_2,truthfulqa,incorrect_answer,1,0,-0.1360010145542471
Linear SVM,grouped_80_20,truthfulqa_000078_correct_0,truthfulqa,correct_answer,0,0,-0.0792853142235809
Linear SVM,grouped_80_20,truthfulqa_000078_correct_1,truthfulqa,correct_answer,0,0,-0.12956415152227738
Linear SVM,grouped_80_20,truthfulqa_000078_correct_2,truthfulqa,correct_answer,0,0,-0.22862015165586871
Linear SVM,grouped_80_20,truthfulqa_000078_correct_3,truthfulqa,correct_answer,0,0,-0.3099966563150206
Linear SVM,grouped_80_20,truthfulqa_000078_incorrect_0,truthfulqa,incorrect_answer,1,0,-0.23730637922236839
Linear SVM,grouped_80_20,truthfulqa_000078_incorrect_1,truthfulqa,incorrect_answer,1,0,-0.4868242238481617
Linear SVM,grouped_80_20,truthfulqa_000078_incorrect_2,truthfulqa,incorrect_answer,1,0,-0.1194063893679721
Linear SVM,grouped_80_20,truthfulqa_000078_incorrect_3,truthfulqa,incorrect_answer,1,0,-0.46021692894036514
Linear SVM,grouped_80_20,truthfulqa_000078_incorrect_4,truthfulqa,incorrect_answer,1,1,0.016775959008945962
Linear SVM,grouped_80_20,truthfulqa_000081_correct_0,truthfulqa,correct_answer,0,0,-0.0772375261644202
Linear SVM,grouped_80_20,truthfulqa_000081_correct_1,truthfulqa,correct_answer,0,1,0.08118222323158639
Linear SVM,grouped_80_20,truthfulqa_000081_correct_2,truthfulqa,correct_answer,0,0,-0.10391142821951099
Linear SVM,grouped_80_20,truthfulqa_000081_correct_3,truthfulqa,correct_answer,0,0,-0.20862301225960714
Linear SVM,grouped_80_20,truthfulqa_000081_incorrect_0,truthfulqa,incorrect_answer,1,0,-0.13530855912035347
Linear SVM,grouped_80_20,truthfulqa_000081_incorrect_1,truthfulqa,incorrect_answer,1,1,0.12984584734046348
Linear SVM,grouped_80_20,truthfulqa_000081_incorrect_2,truthfulqa,incorrect_answer,1,1,0.14058049754596388
Linear SVM,grouped_80_20,truthfulqa_000081_incorrect_3,truthfulqa,incorrect_answer,1,1,0.330075447704756
Linear SVM,grouped_80_20,truthfulqa_000081_incorrect_4,truthfulqa,incorrect_answer,1,0,-0.2359742533928226
Linear SVM,grouped_80_20,truthfulqa_000084_correct_0,truthfulqa,correct_answer,0,1,0.4536516788088253
Linear SVM,grouped_80_20,truthfulqa_000084_incorrect_0,truthfulqa,incorrect_answer,1,1,0.04319793021569136
Linear SVM,grouped_80_20,truthfulqa_000084_incorrect_1,truthfulqa,incorrect_answer,1,0,-0.015634950170671208
Linear SVM,grouped_80_20,truthfulqa_000084_incorrect_2,truthfulqa,incorrect_answer,1,0,-0.3342265042227186
Linear SVM,grouped_80_20,truthfulqa_000084_incorrect_3,truthfulqa,incorrect_answer,1,0,-0.4671960660609473
Linear SVM,grouped_80_20,truthfulqa_000084_incorrect_4,truthfulqa,incorrect_answer,1,0,-0.06850805013351988
Linear SVM,grouped_80_20,truthfulqa_000086_correct_0,truthfulqa,correct_answer,0,1,0.2357948118056057
Linear SVM,grouped_80_20,truthfulqa_000086_incorrect_0,truthfulqa,incorrect_answer,1,1,0.8036810040372329
Linear SVM,grouped_80_20,truthfulqa_000086_incorrect_1,truthfulqa,incorrect_answer,1,1,0.4886409765045566
Linear SVM,grouped_80_20,truthfulqa_000086_incorrect_2,truthfulqa,incorrect_answer,1,1,0.6187864666790894
Linear SVM,grouped_80_20,truthfulqa_000096_correct_0,truthfulqa,correct_answer,0,1,0.1692363095644729
Linear SVM,grouped_80_20,truthfulqa_000096_correct_1,truthfulqa,correct_answer,0,1,0.20590187346741518
Linear SVM,grouped_80_20,truthfulqa_000096_correct_2,truthfulqa,correct_answer,0,1,0.08338958469901964
Linear SVM,grouped_80_20,truthfulqa_000096_incorrect_0,truthfulqa,incorrect_answer,1,0,-0.21259559990142854
Linear SVM,grouped_80_20,truthfulqa_000096_incorrect_1,truthfulqa,incorrect_answer,1,0,-0.10250410515278807
Linear SVM,grouped_80_20,truthfulqa_000096_incorrect_2,truthfulqa,incorrect_answer,1,0,-0.01613463309475463
Linear SVM,grouped_80_20,truthfulqa_000097_correct_0,truthfulqa,correct_answer,0,0,-0.26445795593774
Linear SVM,grouped_80_20,truthfulqa_000097_correct_1,truthfulqa,correct_answer,0,0,-0.7557249488455675
Linear SVM,grouped_80_20,truthfulqa_000097_correct_2,truthfulqa,correct_answer,0,0,-0.23128479589411446
Linear SVM,grouped_80_20,truthfulqa_000097_incorrect_0,truthfulqa,incorrect_answer,1,1,0.2897203216036349
Linear SVM,grouped_80_20,truthfulqa_000097_incorrect_1,truthfulqa,incorrect_answer,1,0,-0.017527126392760495
Linear SVM,grouped_80_20,truthfulqa_000097_incorrect_2,truthfulqa,incorrect_answer,1,1,0.1526347249333081
Linear SVM,grouped_80_20,truthfulqa_000097_incorrect_3,truthfulqa,incorrect_answer,1,1,0.581363054419635
Linear SVM,grouped_80_20,truthfulqa_000101_correct_0,truthfulqa,correct_answer,0,1,0.36945550924395815
Linear SVM,grouped_80_20,truthfulqa_000101_correct_1,truthfulqa,correct_answer,0,1,0.09087558539673635
Linear SVM,grouped_80_20,truthfulqa_000101_correct_2,truthfulqa,correct_answer,0,1,0.15828273793737677
Linear SVM,grouped_80_20,truthfulqa_000101_correct_3,truthfulqa,correct_answer,0,1,0.15139635890603256
Linear SVM,grouped_80_20,truthfulqa_000101_correct_4,truthfulqa,correct_answer,0,0,-0.0038120241804319166
Linear SVM,grouped_80_20,truthfulqa_000101_incorrect_0,truthfulqa,incorrect_answer,1,1,0.48541401366506076
Linear SVM,grouped_80_20,truthfulqa_000101_incorrect_1,truthfulqa,incorrect_answer,1,1,0.055727197583121155
Linear SVM,grouped_80_20,truthfulqa_000101_incorrect_2,truthfulqa,incorrect_answer,1,1,0.15604104373541458
Linear SVM,grouped_80_20,truthfulqa_000109_correct_0,truthfulqa,correct_answer,0,0,-0.16264975199358614
Linear SVM,grouped_80_20,truthfulqa_000109_correct_1,truthfulqa,correct_answer,0,0,-0.0990268334087811
Linear SVM,grouped_80_20,truthfulqa_000109_correct_2,truthfulqa,correct_answer,0,0,-0.5454488422053979
Linear SVM,grouped_80_20,truthfulqa_000109_correct_3,truthfulqa,correct_answer,0,0,-0.26196647190456557
Linear SVM,grouped_80_20,truthfulqa_000109_incorrect_0,truthfulqa,incorrect_answer,1,1,0.43748676113433005
Linear SVM,grouped_80_20,truthfulqa_000109_incorrect_1,truthfulqa,incorrect_answer,1,1,0.03988261917622274
Linear SVM,grouped_80_20,truthfulqa_000109_incorrect_2,truthfulqa,incorrect_answer,1,1,0.1121537691088362
Linear SVM,grouped_80_20,truthfulqa_000110_correct_0,truthfulqa,correct_answer,0,0,-0.14732861100372466
Linear SVM,grouped_80_20,truthfulqa_000110_correct_1,truthfulqa,correct_answer,0,1,0.14890737918081215
Linear SVM,grouped_80_20,truthfulqa_000110_correct_2,truthfulqa,correct_answer,0,0,-0.034258017754244446
Linear SVM,grouped_80_20,truthfulqa_000110_incorrect_0,truthfulqa,incorrect_answer,1,1,0.2420855732476624
Linear SVM,grouped_80_20,truthfulqa_000110_incorrect_1,truthfulqa,incorrect_answer,1,0,-0.2166583697304564
Linear SVM,grouped_80_20,truthfulqa_000110_incorrect_2,truthfulqa,incorrect_answer,1,0,-0.03809929175567364
Linear SVM,grouped_80_20,truthfulqa_000110_incorrect_3,truthfulqa,incorrect_answer,1,0,-0.1613562215988016
Linear SVM,grouped_80_20,truthfulqa_000118_correct_0,truthfulqa,correct_answer,0,0,-0.17530535439716413
Linear SVM,grouped_80_20,truthfulqa_000118_correct_1,truthfulqa,correct_answer,0,1,0.1880825312354025
Linear SVM,grouped_80_20,truthfulqa_000118_correct_2,truthfulqa,correct_answer,0,1,0.20375496524537587
Linear SVM,grouped_80_20,truthfulqa_000118_correct_3,truthfulqa,correct_answer,0,0,-0.0644474645728805
Linear SVM,grouped_80_20,truthfulqa_000118_incorrect_0,truthfulqa,incorrect_answer,1,1,0.4827401262975589
Linear SVM,grouped_80_20,truthfulqa_000118_incorrect_1,truthfulqa,incorrect_answer,1,1,0.4011044494120255
Linear SVM,grouped_80_20,truthfulqa_000120_correct_0,truthfulqa,correct_answer,0,0,-0.16425162158671966
Linear SVM,grouped_80_20,truthfulqa_000120_correct_1,truthfulqa,correct_answer,0,0,-0.002254847571821428
Linear SVM,grouped_80_20,truthfulqa_000120_correct_2,truthfulqa,correct_answer,0,1,0.017696220103477656
Linear SVM,grouped_80_20,truthfulqa_000120_correct_3,truthfulqa,correct_answer,0,0,-0.10809471133682197
Linear SVM,grouped_80_20,truthfulqa_000120_incorrect_0,truthfulqa,incorrect_answer,1,1,0.2157789976568043
Linear SVM,grouped_80_20,truthfulqa_000120_incorrect_1,truthfulqa,incorrect_answer,1,1,0.05897897041890392
Linear SVM,grouped_80_20,truthfulqa_000120_incorrect_2,truthfulqa,incorrect_answer,1,1,0.027999705806527997
Linear SVM,grouped_80_20,truthfulqa_000120_incorrect_3,truthfulqa,incorrect_answer,1,1,0.08571453204804386
Linear SVM,grouped_80_20,truthfulqa_000137_correct_0,truthfulqa,correct_answer,0,0,-0.0956485450899405
Linear SVM,grouped_80_20,truthfulqa_000137_incorrect_0,truthfulqa,incorrect_answer,1,1,0.6471208018586138
Linear SVM,grouped_80_20,truthfulqa_000137_incorrect_1,truthfulqa,incorrect_answer,1,1,0.5923226358942322
Linear SVM,grouped_80_20,truthfulqa_000137_incorrect_2,truthfulqa,incorrect_answer,1,1,0.4768885590024593
Linear SVM,grouped_80_20,truthfulqa_000137_incorrect_3,truthfulqa,incorrect_answer,1,1,0.7320777624950805
Linear SVM,grouped_80_20,truthfulqa_000139_correct_0,truthfulqa,correct_answer,0,0,-0.12194616118723281
Linear SVM,grouped_80_20,truthfulqa_000139_correct_1,truthfulqa,correct_answer,0,1,0.3553150049972056
Linear SVM,grouped_80_20,truthfulqa_000139_incorrect_0,truthfulqa,incorrect_answer,1,1,0.6151562527458975
Linear SVM,grouped_80_20,truthfulqa_000139_incorrect_1,truthfulqa,incorrect_answer,1,1,0.6043433478344978
Linear SVM,grouped_80_20,truthfulqa_000139_incorrect_2,truthfulqa,incorrect_answer,1,1,0.5332550146093286
Linear SVM,grouped_80_20,truthfulqa_000139_incorrect_3,truthfulqa,incorrect_answer,1,1,0.4416463551911868
Linear SVM,grouped_80_20,truthfulqa_000139_incorrect_4,truthfulqa,incorrect_answer,1,1,0.4416222980287581
Linear SVM,grouped_80_20,truthfulqa_000139_incorrect_5,truthfulqa,incorrect_answer,1,1,0.2332200745866344
Linear SVM,grouped_80_20,truthfulqa_000155_correct_0,truthfulqa,correct_answer,0,0,-0.21062857772345442
Linear SVM,grouped_80_20,truthfulqa_000155_correct_1,truthfulqa,correct_answer,0,0,-0.43428096153323137
Linear SVM,grouped_80_20,truthfulqa_000155_correct_2,truthfulqa,correct_answer,0,1,0.08841242005871702
Linear SVM,grouped_80_20,truthfulqa_000155_correct_3,truthfulqa,correct_answer,0,0,-0.31973100019656076
Linear SVM,grouped_80_20,truthfulqa_000155_incorrect_0,truthfulqa,incorrect_answer,1,1,0.2073035914211575
Linear SVM,grouped_80_20,truthfulqa_000155_incorrect_1,truthfulqa,incorrect_answer,1,0,-0.2845249856688653
Linear SVM,grouped_80_20,truthfulqa_000155_incorrect_2,truthfulqa,incorrect_answer,1,1,0.1921651461468682
Linear SVM,grouped_80_20,truthfulqa_000155_incorrect_3,truthfulqa,incorrect_answer,1,1,0.1650563892691799
Linear SVM,grouped_80_20,truthfulqa_000168_correct_0,truthfulqa,correct_answer,0,1,0.18390252747739022
Linear SVM,grouped_80_20,truthfulqa_000168_correct_1,truthfulqa,correct_answer,0,1,0.5725272380537926
Linear SVM,grouped_80_20,truthfulqa_000168_correct_2,truthfulqa,correct_answer,0,1,0.5651702384385704
Linear SVM,grouped_80_20,truthfulqa_000168_correct_3,truthfulqa,correct_answer,0,1,0.3904032787145385
Linear SVM,grouped_80_20,truthfulqa_000168_correct_4,truthfulqa,correct_answer,0,1,0.2715484767375531
Linear SVM,grouped_80_20,truthfulqa_000168_incorrect_0,truthfulqa,incorrect_answer,1,1,0.5669441425918305
Linear SVM,grouped_80_20,truthfulqa_000168_incorrect_1,truthfulqa,incorrect_answer,1,1,0.22591787274180086
Linear SVM,grouped_80_20,truthfulqa_000168_incorrect_2,truthfulqa,incorrect_answer,1,1,0.23061201554648236
Linear SVM,grouped_80_20,truthfulqa_000168_incorrect_3,truthfulqa,incorrect_answer,1,1,0.2721966286512121
Linear SVM,grouped_80_20,truthfulqa_000168_incorrect_4,truthfulqa,incorrect_answer,1,1,0.5652176518451041
Linear SVM,grouped_80_20,truthfulqa_000196_correct_0,truthfulqa,correct_answer,0,1,0.2273117225883441
Linear SVM,grouped_80_20,truthfulqa_000196_correct_1,truthfulqa,correct_answer,0,0,-0.39995595534880213
Linear SVM,grouped_80_20,truthfulqa_000196_incorrect_0,truthfulqa,incorrect_answer,1,1,0.851850799376447
Linear SVM,grouped_80_20,truthfulqa_000198_correct_0,truthfulqa,correct_answer,0,1,0.44871584818018984
Linear SVM,grouped_80_20,truthfulqa_000198_incorrect_0,truthfulqa,incorrect_answer,1,1,0.348133624969899
Linear SVM,grouped_80_20,truthfulqa_000199_correct_0,truthfulqa,correct_answer,0,1,0.12583577337031232
Linear SVM,grouped_80_20,truthfulqa_000199_correct_1,truthfulqa,correct_answer,0,1,0.29031995744446193
Linear SVM,grouped_80_20,truthfulqa_000199_incorrect_0,truthfulqa,incorrect_answer,1,1,0.3749300688502786
Linear SVM,grouped_80_20,truthfulqa_000199_incorrect_1,truthfulqa,incorrect_answer,1,1,0.2158045228797537
Linear SVM,grouped_80_20,truthfulqa_000204_correct_0,truthfulqa,correct_answer,0,0,-0.0012924231404492503
Linear SVM,grouped_80_20,truthfulqa_000204_correct_1,truthfulqa,correct_answer,0,1,0.07757042891789984
Linear SVM,grouped_80_20,truthfulqa_000204_correct_2,truthfulqa,correct_answer,0,0,-0.520236590581711
Linear SVM,grouped_80_20,truthfulqa_000204_incorrect_0,truthfulqa,incorrect_answer,1,1,0.46826343266786874
Linear SVM,grouped_80_20,truthfulqa_000204_incorrect_1,truthfulqa,incorrect_answer,1,1,0.305857460589254
Linear SVM,grouped_80_20,truthfulqa_000204_incorrect_2,truthfulqa,incorrect_answer,1,1,0.1604580697075509
Linear SVM,grouped_80_20,truthfulqa_000208_correct_0,truthfulqa,correct_answer,0,0,-0.22205206154233678
Linear SVM,grouped_80_20,truthfulqa_000208_correct_1,truthfulqa,correct_answer,0,0,-0.11620373828649469
Linear SVM,grouped_80_20,truthfulqa_000208_incorrect_0,truthfulqa,incorrect_answer,1,1,0.1427359300444946
Linear SVM,grouped_80_20,truthfulqa_000208_incorrect_1,truthfulqa,incorrect_answer,1,1,0.18870327696068617
Linear SVM,grouped_80_20,truthfulqa_000208_incorrect_2,truthfulqa,incorrect_answer,1,1,0.13839561632477743
Linear SVM,grouped_80_20,truthfulqa_000209_correct_0,truthfulqa,correct_answer,0,0,-0.6368698099359703
Linear SVM,grouped_80_20,truthfulqa_000209_correct_1,truthfulqa,correct_answer,0,1,0.10973803577934871
Linear SVM,grouped_80_20,truthfulqa_000209_correct_2,truthfulqa,correct_answer,0,0,-0.570730751307686
Linear SVM,grouped_80_20,truthfulqa_000209_incorrect_0,truthfulqa,incorrect_answer,1,0,-0.14090698581451758
Linear SVM,grouped_80_20,truthfulqa_000209_incorrect_1,truthfulqa,incorrect_answer,1,0,-0.2839030397393735
Linear SVM,grouped_80_20,truthfulqa_000209_incorrect_2,truthfulqa,incorrect_answer,1,0,-0.28249835602142237
Linear SVM,grouped_80_20,truthfulqa_000210_correct_0,truthfulqa,correct_answer,0,1,0.35012424385250807
Linear SVM,grouped_80_20,truthfulqa_000210_incorrect_0,truthfulqa,incorrect_answer,1,1,0.4722603337881298
Linear SVM,grouped_80_20,truthfulqa_000210_incorrect_1,truthfulqa,incorrect_answer,1,1,0.35358055546805794
Linear SVM,grouped_80_20,truthfulqa_000210_incorrect_2,truthfulqa,incorrect_answer,1,1,0.13388350581816416
Linear SVM,grouped_80_20,truthfulqa_000210_incorrect_3,truthfulqa,incorrect_answer,1,1,0.12508683260049283
Linear SVM,grouped_80_20,truthfulqa_000210_incorrect_4,truthfulqa,incorrect_answer,1,1,0.36174927760682163
Linear SVM,grouped_80_20,truthfulqa_000211_correct_0,truthfulqa,correct_answer,0,0,-0.0827811050493431
Linear SVM,grouped_80_20,truthfulqa_000211_correct_1,truthfulqa,correct_answer,0,1,0.12795175096251127
Linear SVM,grouped_80_20,truthfulqa_000211_correct_2,truthfulqa,correct_answer,0,0,-0.011624699168759495
Linear SVM,grouped_80_20,truthfulqa_000211_incorrect_0,truthfulqa,incorrect_answer,1,1,0.14617501951492454
Linear SVM,grouped_80_20,truthfulqa_000211_incorrect_1,truthfulqa,incorrect_answer,1,0,-0.3913985230892836
Linear SVM,grouped_80_20,truthfulqa_000211_incorrect_2,truthfulqa,incorrect_answer,1,0,-0.31597830316172504
Linear SVM,grouped_80_20,truthfulqa_000212_correct_0,truthfulqa,correct_answer,0,0,-0.21297174193169763
Linear SVM,grouped_80_20,truthfulqa_000212_correct_1,truthfulqa,correct_answer,0,1,0.17084954346546416
Linear SVM,grouped_80_20,truthfulqa_000212_correct_2,truthfulqa,correct_answer,0,0,-0.7758185584476135
Linear SVM,grouped_80_20,truthfulqa_000212_incorrect_0,truthfulqa,incorrect_answer,1,1,0.24977671289675435
Linear SVM,grouped_80_20,truthfulqa_000212_incorrect_1,truthfulqa,incorrect_answer,1,0,-0.2645385595988943
Linear SVM,grouped_80_20,truthfulqa_000212_incorrect_2,truthfulqa,incorrect_answer,1,0,-0.3920757685658507
Linear SVM,grouped_80_20,truthfulqa_000213_correct_0,truthfulqa,correct_answer,0,1,0.1025792084042395
Linear SVM,grouped_80_20,truthfulqa_000213_correct_1,truthfulqa,correct_answer,0,0,-0.17218230901529838
Linear SVM,grouped_80_20,truthfulqa_000213_correct_2,truthfulqa,correct_answer,0,0,-0.08819331113496526
Linear SVM,grouped_80_20,truthfulqa_000213_incorrect_0,truthfulqa,incorrect_answer,1,1,0.2113173216352766
Linear SVM,grouped_80_20,truthfulqa_000213_incorrect_1,truthfulqa,incorrect_answer,1,1,0.1911276062791663
Linear SVM,grouped_80_20,truthfulqa_000213_incorrect_2,truthfulqa,incorrect_answer,1,1,0.21543491580068302
Linear SVM,grouped_80_20,truthfulqa_000213_incorrect_3,truthfulqa,incorrect_answer,1,1,0.2021918260147802
Linear SVM,grouped_80_20,truthfulqa_000215_correct_0,truthfulqa,correct_answer,0,0,-0.13160456348816726
Linear SVM,grouped_80_20,truthfulqa_000215_correct_1,truthfulqa,correct_answer,0,1,0.12171499733284889
Linear SVM,grouped_80_20,truthfulqa_000215_correct_2,truthfulqa,correct_answer,0,0,-0.019495178651419115
Linear SVM,grouped_80_20,truthfulqa_000215_correct_3,truthfulqa,correct_answer,0,0,-0.25897495566847395
Linear SVM,grouped_80_20,truthfulqa_000215_correct_4,truthfulqa,correct_answer,0,0,-0.1987012878760994
Linear SVM,grouped_80_20,truthfulqa_000215_incorrect_0,truthfulqa,incorrect_answer,1,1,0.35885762906777274
Linear SVM,grouped_80_20,truthfulqa_000215_incorrect_1,truthfulqa,incorrect_answer,1,1,0.40068992290677474
Linear SVM,grouped_80_20,truthfulqa_000215_incorrect_2,truthfulqa,incorrect_answer,1,1,0.4882998197580445
Linear SVM,grouped_80_20,truthfulqa_000218_correct_0,truthfulqa,correct_answer,0,1,0.24263884009641673
Linear SVM,grouped_80_20,truthfulqa_000218_correct_1,truthfulqa,correct_answer,0,0,-0.13161505073898952
Linear SVM,grouped_80_20,truthfulqa_000218_correct_2,truthfulqa,correct_answer,0,1,0.01454029895589952
Linear SVM,grouped_80_20,truthfulqa_000218_correct_3,truthfulqa,correct_answer,0,0,-0.44780917023897626
Linear SVM,grouped_80_20,truthfulqa_000218_correct_4,truthfulqa,correct_answer,0,1,0.17626523317801226
Linear SVM,grouped_80_20,truthfulqa_000218_correct_5,truthfulqa,correct_answer,0,1,0.14489871894642486
Linear SVM,grouped_80_20,truthfulqa_000218_incorrect_0,truthfulqa,incorrect_answer,1,1,0.47641104233279086
Linear SVM,grouped_80_20,truthfulqa_000218_incorrect_1,truthfulqa,incorrect_answer,1,1,0.3187168642540852
Linear SVM,grouped_80_20,truthfulqa_000218_incorrect_2,truthfulqa,incorrect_answer,1,1,0.37252716803716257
Linear SVM,grouped_80_20,truthfulqa_000218_incorrect_3,truthfulqa,incorrect_answer,1,1,0.3632049056437834
Linear SVM,grouped_80_20,truthfulqa_000218_incorrect_4,truthfulqa,incorrect_answer,1,1,0.3945960704889965
Linear SVM,grouped_80_20,truthfulqa_000227_correct_0,truthfulqa,correct_answer,0,1,0.04815659815428275
Linear SVM,grouped_80_20,truthfulqa_000227_correct_1,truthfulqa,correct_answer,0,0,-0.19750060738401556
Linear SVM,grouped_80_20,truthfulqa_000227_incorrect_0,truthfulqa,incorrect_answer,1,1,0.0739083823187659
Linear SVM,grouped_80_20,truthfulqa_000227_incorrect_1,truthfulqa,incorrect_answer,1,0,-0.21868137298932414
Linear SVM,grouped_80_20,truthfulqa_000227_incorrect_2,truthfulqa,incorrect_answer,1,0,-0.07481813185720282
Linear SVM,grouped_80_20,truthfulqa_000227_incorrect_3,truthfulqa,incorrect_answer,1,1,0.2547465251571722
Linear SVM,grouped_80_20,truthfulqa_000227_incorrect_4,truthfulqa,incorrect_answer,1,0,-0.037075870792890625
Linear SVM,grouped_80_20,truthfulqa_000239_correct_0,truthfulqa,correct_answer,0,1,0.3726814115812815
Linear SVM,grouped_80_20,truthfulqa_000239_incorrect_0,truthfulqa,incorrect_answer,1,1,0.2679476335328108
Linear SVM,grouped_80_20,truthfulqa_000239_incorrect_1,truthfulqa,incorrect_answer,1,1,0.1106480529331319
Linear SVM,grouped_80_20,truthfulqa_000239_incorrect_2,truthfulqa,incorrect_answer,1,1,0.2584984005342915
Linear SVM,grouped_80_20,truthfulqa_000244_correct_0,truthfulqa,correct_answer,0,1,0.5643129331900394
Linear SVM,grouped_80_20,truthfulqa_000244_incorrect_0,truthfulqa,incorrect_answer,1,1,0.5180276650406577
Linear SVM,grouped_80_20,truthfulqa_000244_incorrect_1,truthfulqa,incorrect_answer,1,1,0.5536024036825983
Linear SVM,grouped_80_20,truthfulqa_000244_incorrect_2,truthfulqa,incorrect_answer,1,1,0.541587166510819
Linear SVM,grouped_80_20,truthfulqa_000244_incorrect_3,truthfulqa,incorrect_answer,1,1,0.48111124764135305
Linear SVM,grouped_80_20,truthfulqa_000247_correct_0,truthfulqa,correct_answer,0,1,0.035424793507904645
Linear SVM,grouped_80_20,truthfulqa_000247_correct_1,truthfulqa,correct_answer,0,1,0.009729425345619214
Linear SVM,grouped_80_20,truthfulqa_000247_correct_2,truthfulqa,correct_answer,0,1,0.16611793996837426
Linear SVM,grouped_80_20,truthfulqa_000247_incorrect_0,truthfulqa,incorrect_answer,1,1,0.3773013036430888
Linear SVM,grouped_80_20,truthfulqa_000247_incorrect_1,truthfulqa,incorrect_answer,1,1,0.3849325353865869
Linear SVM,grouped_80_20,truthfulqa_000247_incorrect_2,truthfulqa,incorrect_answer,1,1,0.39817692099213
Linear SVM,grouped_80_20,truthfulqa_000250_correct_0,truthfulqa,correct_answer,0,1,0.3698438892642525
Linear SVM,grouped_80_20,truthfulqa_000250_correct_1,truthfulqa,correct_answer,0,1,0.19724902529135874
Linear SVM,grouped_80_20,truthfulqa_000250_correct_2,truthfulqa,correct_answer,0,0,-0.5383505197766132
Linear SVM,grouped_80_20,truthfulqa_000250_incorrect_0,truthfulqa,incorrect_answer,1,1,0.5479375012894406
Linear SVM,grouped_80_20,truthfulqa_000254_correct_0,truthfulqa,correct_answer,0,1,0.26110131814371224
Linear SVM,grouped_80_20,truthfulqa_000254_correct_1,truthfulqa,correct_answer,0,1,0.26588323084911425
Linear SVM,grouped_80_20,truthfulqa_000254_correct_2,truthfulqa,correct_answer,0,0,-0.6790468683154887
Linear SVM,grouped_80_20,truthfulqa_000254_correct_3,truthfulqa,correct_answer,0,1,0.0673777635847953
Linear SVM,grouped_80_20,truthfulqa_000254_incorrect_0,truthfulqa,incorrect_answer,1,1,0.26682553921951435
Linear SVM,grouped_80_20,truthfulqa_000254_incorrect_1,truthfulqa,incorrect_answer,1,1,0.1486298018791227
Linear SVM,grouped_80_20,truthfulqa_000254_incorrect_2,truthfulqa,incorrect_answer,1,1,0.1655098738238187
Linear SVM,grouped_80_20,truthfulqa_000254_incorrect_3,truthfulqa,incorrect_answer,1,0,-0.5035001245106346
Linear SVM,grouped_80_20,truthfulqa_000259_correct_0,truthfulqa,correct_answer,0,1,0.2631288894831561
Linear SVM,grouped_80_20,truthfulqa_000259_correct_1,truthfulqa,correct_answer,0,1,0.1829703989799433
Linear SVM,grouped_80_20,truthfulqa_000259_incorrect_0,truthfulqa,incorrect_answer,1,1,0.5668365753418111
Linear SVM,grouped_80_20,truthfulqa_000259_incorrect_1,truthfulqa,incorrect_answer,1,1,0.3132761350381744
Linear SVM,grouped_80_20,truthfulqa_000260_correct_0,truthfulqa,correct_answer,0,1,0.4443705533935147
Linear SVM,grouped_80_20,truthfulqa_000260_correct_1,truthfulqa,correct_answer,0,1,0.6418747190016257
Linear SVM,grouped_80_20,truthfulqa_000260_incorrect_0,truthfulqa,incorrect_answer,1,1,0.6206698749645694
Linear SVM,grouped_80_20,truthfulqa_000266_correct_0,truthfulqa,correct_answer,0,1,0.35985662374053895
Linear SVM,grouped_80_20,truthfulqa_000266_correct_1,truthfulqa,correct_answer,0,1,0.20234040759337102
Linear SVM,grouped_80_20,truthfulqa_000266_correct_2,truthfulqa,correct_answer,0,1,0.28073759716831037
Linear SVM,grouped_80_20,truthfulqa_000266_incorrect_0,truthfulqa,incorrect_answer,1,1,0.2841973773904807
Linear SVM,grouped_80_20,truthfulqa_000266_incorrect_1,truthfulqa,incorrect_answer,1,1,0.17606689632009215
Linear SVM,grouped_80_20,truthfulqa_000266_incorrect_2,truthfulqa,incorrect_answer,1,0,-0.6605758058567353
Linear SVM,grouped_80_20,truthfulqa_000275_correct_0,truthfulqa,correct_answer,0,0,-0.01337043356165818
Linear SVM,grouped_80_20,truthfulqa_000275_correct_1,truthfulqa,correct_answer,0,0,-0.33524327376831975
Linear SVM,grouped_80_20,truthfulqa_000275_correct_2,truthfulqa,correct_answer,0,0,-0.4484360423384456
Linear SVM,grouped_80_20,truthfulqa_000275_incorrect_0,truthfulqa,incorrect_answer,1,1,0.1591843931904327
Linear SVM,grouped_80_20,truthfulqa_000275_incorrect_1,truthfulqa,incorrect_answer,1,1,0.2518011439329371
Linear SVM,grouped_80_20,truthfulqa_000275_incorrect_2,truthfulqa,incorrect_answer,1,0,-0.17911893002416515
Linear SVM,grouped_80_20,truthfulqa_000281_correct_0,truthfulqa,correct_answer,0,0,-0.0012799036809954256
Linear SVM,grouped_80_20,truthfulqa_000281_correct_1,truthfulqa,correct_answer,0,1,0.24908762896349484
Linear SVM,grouped_80_20,truthfulqa_000281_correct_2,truthfulqa,correct_answer,0,1,0.3101139246158586
Linear SVM,grouped_80_20,truthfulqa_000281_incorrect_0,truthfulqa,incorrect_answer,1,1,0.3981203314686239
Linear SVM,grouped_80_20,truthfulqa_000281_incorrect_1,truthfulqa,incorrect_answer,1,1,0.5333273427724814
Linear SVM,grouped_80_20,truthfulqa_000281_incorrect_2,truthfulqa,incorrect_answer,1,1,0.27068357702276835
Linear SVM,grouped_80_20,truthfulqa_000281_incorrect_3,truthfulqa,incorrect_answer,1,1,0.5378117055511911
Linear SVM,grouped_80_20,truthfulqa_000281_incorrect_4,truthfulqa,incorrect_answer,1,1,0.5360693050554985
Linear SVM,grouped_80_20,truthfulqa_000281_incorrect_5,truthfulqa,incorrect_answer,1,1,0.37659009339681737
Linear SVM,grouped_80_20,truthfulqa_000285_correct_0,truthfulqa,correct_answer,0,1,0.19177082995645478
Linear SVM,grouped_80_20,truthfulqa_000285_correct_1,truthfulqa,correct_answer,0,0,-0.25852041789973135
Linear SVM,grouped_80_20,truthfulqa_000285_correct_2,truthfulqa,correct_answer,0,0,-0.07576776238032171
Linear SVM,grouped_80_20,truthfulqa_000285_correct_3,truthfulqa,correct_answer,0,1,0.003845350420284388
Linear SVM,grouped_80_20,truthfulqa_000285_correct_4,truthfulqa,correct_answer,0,1,0.2961879497763655
Linear SVM,grouped_80_20,truthfulqa_000285_incorrect_0,truthfulqa,incorrect_answer,1,0,-0.15806264246660254
Linear SVM,grouped_80_20,truthfulqa_000285_incorrect_1,truthfulqa,incorrect_answer,1,0,-0.16945671622952638
Linear SVM,grouped_80_20,truthfulqa_000285_incorrect_2,truthfulqa,incorrect_answer,1,0,-0.2074535398301748
Linear SVM,grouped_80_20,truthfulqa_000285_incorrect_3,truthfulqa,incorrect_answer,1,1,0.005471244228598293
Linear SVM,grouped_80_20,truthfulqa_000286_correct_0,truthfulqa,correct_answer,0,0,-0.03581287173134545
Linear SVM,grouped_80_20,truthfulqa_000286_correct_1,truthfulqa,correct_answer,0,1,0.2607059553737996
Linear SVM,grouped_80_20,truthfulqa_000286_correct_2,truthfulqa,correct_answer,0,0,-0.5719441509544138
Linear SVM,grouped_80_20,truthfulqa_000286_incorrect_0,truthfulqa,incorrect_answer,1,1,0.23799170194672725
Linear SVM,grouped_80_20,truthfulqa_000290_correct_0,truthfulqa,correct_answer,0,1,0.38796129234626575
Linear SVM,grouped_80_20,truthfulqa_000290_correct_1,truthfulqa,correct_answer,0,0,-0.5847666280241965
Linear SVM,grouped_80_20,truthfulqa_000290_incorrect_0,truthfulqa,incorrect_answer,1,1,0.41031369838583065
Linear SVM,grouped_80_20,truthfulqa_000290_incorrect_1,truthfulqa,incorrect_answer,1,1,0.3585239708942991
Linear SVM,grouped_80_20,truthfulqa_000294_correct_0,truthfulqa,correct_answer,0,1,0.1728863771856294
Linear SVM,grouped_80_20,truthfulqa_000294_correct_1,truthfulqa,correct_answer,0,1,0.04280207278198128
Linear SVM,grouped_80_20,truthfulqa_000294_correct_2,truthfulqa,correct_answer,0,0,-0.21494073206982875
Linear SVM,grouped_80_20,truthfulqa_000294_incorrect_0,truthfulqa,incorrect_answer,1,0,-0.191866449712937
Linear SVM,grouped_80_20,truthfulqa_000294_incorrect_1,truthfulqa,incorrect_answer,1,0,-0.022438220536777215
Linear SVM,grouped_80_20,truthfulqa_000294_incorrect_2,truthfulqa,incorrect_answer,1,0,-0.22533513111399353
Linear SVM,grouped_80_20,truthfulqa_000294_incorrect_3,truthfulqa,incorrect_answer,1,0,-0.4878550291806908
Linear SVM,grouped_80_20,truthfulqa_000294_incorrect_4,truthfulqa,incorrect_answer,1,1,0.072193644925965
Linear SVM,grouped_80_20,truthfulqa_000294_incorrect_5,truthfulqa,incorrect_answer,1,0,-0.0825711246112778
Linear SVM,grouped_80_20,truthfulqa_000306_correct_0,truthfulqa,correct_answer,0,1,0.2984847227183324
Linear SVM,grouped_80_20,truthfulqa_000306_correct_1,truthfulqa,correct_answer,0,1,0.2740768424085002
Linear SVM,grouped_80_20,truthfulqa_000306_correct_2,truthfulqa,correct_answer,0,1,0.1580706853427553
Linear SVM,grouped_80_20,truthfulqa_000306_correct_3,truthfulqa,correct_answer,0,0,-0.20225774121480403
Linear SVM,grouped_80_20,truthfulqa_000306_correct_4,truthfulqa,correct_answer,0,1,0.1561167158734335
Linear SVM,grouped_80_20,truthfulqa_000306_incorrect_0,truthfulqa,incorrect_answer,1,1,0.17411386325374273
Linear SVM,grouped_80_20,truthfulqa_000306_incorrect_1,truthfulqa,incorrect_answer,1,1,0.15612104571338548
Linear SVM,grouped_80_20,truthfulqa_000306_incorrect_2,truthfulqa,incorrect_answer,1,1,0.03392113275110491
Linear SVM,grouped_80_20,truthfulqa_000306_incorrect_3,truthfulqa,incorrect_answer,1,1,0.06388842742844894
Linear SVM,grouped_80_20,truthfulqa_000306_incorrect_4,truthfulqa,incorrect_answer,1,0,-0.1837812202429914
Linear SVM,grouped_80_20,truthfulqa_000306_incorrect_5,truthfulqa,incorrect_answer,1,1,0.13464951433568734
Linear SVM,grouped_80_20,truthfulqa_000311_correct_0,truthfulqa,correct_answer,0,1,0.4221786466917894
Linear SVM,grouped_80_20,truthfulqa_000311_correct_1,truthfulqa,correct_answer,0,1,0.22436933519530866
Linear SVM,grouped_80_20,truthfulqa_000311_correct_2,truthfulqa,correct_answer,0,1,0.029188647708809273
Linear SVM,grouped_80_20,truthfulqa_000311_correct_3,truthfulqa,correct_answer,0,0,-0.06641422149800283
Linear SVM,grouped_80_20,truthfulqa_000311_incorrect_0,truthfulqa,incorrect_answer,1,1,0.18653822103101436
Linear SVM,grouped_80_20,truthfulqa_000311_incorrect_1,truthfulqa,incorrect_answer,1,0,-0.16473500507380598
Linear SVM,grouped_80_20,truthfulqa_000311_incorrect_2,truthfulqa,incorrect_answer,1,0,-0.1290461940957838
Linear SVM,grouped_80_20,truthfulqa_000311_incorrect_3,truthfulqa,incorrect_answer,1,1,0.01716775963973692
Linear SVM,grouped_80_20,truthfulqa_000314_correct_0,truthfulqa,correct_answer,0,1,0.04423542695521564
Linear SVM,grouped_80_20,truthfulqa_000314_correct_1,truthfulqa,correct_answer,0,1,0.0170298619678831
Linear SVM,grouped_80_20,truthfulqa_000314_correct_2,truthfulqa,correct_answer,0,0,-0.31935697933253826
Linear SVM,grouped_80_20,truthfulqa_000314_correct_3,truthfulqa,correct_answer,0,0,-0.24512739108482248
Linear SVM,grouped_80_20,truthfulqa_000314_incorrect_0,truthfulqa,incorrect_answer,1,1,0.37091811197372415
Linear SVM,grouped_80_20,truthfulqa_000314_incorrect_1,truthfulqa,incorrect_answer,1,1,0.0650505706435648
Linear SVM,grouped_80_20,truthfulqa_000314_incorrect_2,truthfulqa,incorrect_answer,1,0,-0.07099194374211518
Linear SVM,grouped_80_20,truthfulqa_000314_incorrect_3,truthfulqa,incorrect_answer,1,1,0.06896169408923356
Linear SVM,grouped_80_20,truthfulqa_000323_correct_0,truthfulqa,correct_answer,0,1,0.3831940189933747
Linear SVM,grouped_80_20,truthfulqa_000323_correct_1,truthfulqa,correct_answer,0,0,-0.1026092877341655
Linear SVM,grouped_80_20,truthfulqa_000323_correct_2,truthfulqa,correct_answer,0,0,-0.3337305027665024
Linear SVM,grouped_80_20,truthfulqa_000323_correct_3,truthfulqa,correct_answer,0,1,0.22490817783301476
Linear SVM,grouped_80_20,truthfulqa_000323_incorrect_0,truthfulqa,incorrect_answer,1,1,0.4672878835075912
Linear SVM,grouped_80_20,truthfulqa_000323_incorrect_1,truthfulqa,incorrect_answer,1,1,0.3425523535737447
Linear SVM,grouped_80_20,truthfulqa_000323_incorrect_2,truthfulqa,incorrect_answer,1,1,0.2322551867060074
Linear SVM,grouped_80_20,truthfulqa_000323_incorrect_3,truthfulqa,incorrect_answer,1,1,0.06556183899135601
Linear SVM,grouped_80_20,truthfulqa_000323_incorrect_4,truthfulqa,incorrect_answer,1,1,0.06751312984898325
Linear SVM,grouped_80_20,truthfulqa_000331_correct_0,truthfulqa,correct_answer,0,0,-0.1692472213316548
Linear SVM,grouped_80_20,truthfulqa_000331_correct_1,truthfulqa,correct_answer,0,0,-0.24976912042384355
Linear SVM,grouped_80_20,truthfulqa_000331_correct_2,truthfulqa,correct_answer,0,0,-0.17074439161146213
Linear SVM,grouped_80_20,truthfulqa_000331_correct_3,truthfulqa,correct_answer,0,0,-0.4856197714438737
Linear SVM,grouped_80_20,truthfulqa_000331_correct_4,truthfulqa,correct_answer,0,0,-0.38285609654437125
Linear SVM,grouped_80_20,truthfulqa_000331_correct_5,truthfulqa,correct_answer,0,0,-0.20635132376713597
Linear SVM,grouped_80_20,truthfulqa_000331_incorrect_0,truthfulqa,incorrect_answer,1,1,0.1435338888493209
Linear SVM,grouped_80_20,truthfulqa_000331_incorrect_1,truthfulqa,incorrect_answer,1,0,-0.03210751249962232
Linear SVM,grouped_80_20,truthfulqa_000331_incorrect_2,truthfulqa,incorrect_answer,1,1,0.193912968496544
Linear SVM,grouped_80_20,truthfulqa_000331_incorrect_3,truthfulqa,incorrect_answer,1,1,0.45868847014997993
Linear SVM,grouped_80_20,truthfulqa_000331_incorrect_4,truthfulqa,incorrect_answer,1,0,-0.19044764766180963
Linear SVM,grouped_80_20,truthfulqa_000332_correct_0,truthfulqa,correct_answer,0,1,0.45706453081674425
Linear SVM,grouped_80_20,truthfulqa_000332_correct_1,truthfulqa,correct_answer,0,1,0.13564301872060064
Linear SVM,grouped_80_20,truthfulqa_000332_correct_2,truthfulqa,correct_answer,0,1,0.21729731799728563
Linear SVM,grouped_80_20,truthfulqa_000332_correct_3,truthfulqa,correct_answer,0,0,-0.043710873466354966
Linear SVM,grouped_80_20,truthfulqa_000332_correct_4,truthfulqa,correct_answer,0,1,0.06628013310323175
Linear SVM,grouped_80_20,truthfulqa_000332_correct_5,truthfulqa,correct_answer,0,0,-0.49656797741334824
Linear SVM,grouped_80_20,truthfulqa_000332_correct_6,truthfulqa,correct_answer,0,0,-0.1004802103665193
Linear SVM,grouped_80_20,truthfulqa_000332_correct_7,truthfulqa,correct_answer,0,0,-0.1027618572416337
Linear SVM,grouped_80_20,truthfulqa_000332_correct_8,truthfulqa,correct_answer,0,0,-0.19597549553330504
Linear SVM,grouped_80_20,truthfulqa_000332_incorrect_0,truthfulqa,incorrect_answer,1,1,0.598850799155368
Linear SVM,grouped_80_20,truthfulqa_000332_incorrect_1,truthfulqa,incorrect_answer,1,0,-0.04081619976573547
Linear SVM,grouped_80_20,truthfulqa_000332_incorrect_2,truthfulqa,incorrect_answer,1,1,0.10550704820287614
Linear SVM,grouped_80_20,truthfulqa_000332_incorrect_3,truthfulqa,incorrect_answer,1,0,-0.041082859177830305
Linear SVM,grouped_80_20,truthfulqa_000332_incorrect_4,truthfulqa,incorrect_answer,1,0,-0.22855399902804494
Linear SVM,grouped_80_20,truthfulqa_000332_incorrect_5,truthfulqa,incorrect_answer,1,1,0.4277475782962825
Linear SVM,grouped_80_20,truthfulqa_000332_incorrect_6,truthfulqa,incorrect_answer,1,1,0.46982352927154747
Linear SVM,grouped_80_20,truthfulqa_000332_incorrect_7,truthfulqa,incorrect_answer,1,0,-0.16999060630692867
Linear SVM,grouped_80_20,truthfulqa_000333_correct_0,truthfulqa,correct_answer,0,1,0.19939140513392278
Linear SVM,grouped_80_20,truthfulqa_000333_correct_1,truthfulqa,correct_answer,0,1,0.1617135786163617
Linear SVM,grouped_80_20,truthfulqa_000333_correct_2,truthfulqa,correct_answer,0,0,-0.0387905740841937
Linear SVM,grouped_80_20,truthfulqa_000333_correct_3,truthfulqa,correct_answer,0,0,-0.27902186173854415
Linear SVM,grouped_80_20,truthfulqa_000333_correct_4,truthfulqa,correct_answer,0,0,-0.14240328043737108
Linear SVM,grouped_80_20,truthfulqa_000333_correct_5,truthfulqa,correct_answer,0,0,-0.005571881148979552
Linear SVM,grouped_80_20,truthfulqa_000333_incorrect_0,truthfulqa,incorrect_answer,1,1,0.4142310866451798
Linear SVM,grouped_80_20,truthfulqa_000333_incorrect_1,truthfulqa,incorrect_answer,1,1,0.07509428167183035
Linear SVM,grouped_80_20,truthfulqa_000333_incorrect_2,truthfulqa,incorrect_answer,1,1,0.2447579642458637
Linear SVM,grouped_80_20,truthfulqa_000333_incorrect_3,truthfulqa,incorrect_answer,1,0,-0.1803798187825056
Linear SVM,grouped_80_20,truthfulqa_000333_incorrect_4,truthfulqa,incorrect_answer,1,1,0.4673072067581847
Linear SVM,grouped_80_20,truthfulqa_000334_correct_0,truthfulqa,correct_answer,0,1,0.19446538132682845
Linear SVM,grouped_80_20,truthfulqa_000334_correct_1,truthfulqa,correct_answer,0,1,0.19112118533216083
Linear SVM,grouped_80_20,truthfulqa_000334_correct_2,truthfulqa,correct_answer,0,0,-0.015576590125637363
Linear SVM,grouped_80_20,truthfulqa_000334_correct_3,truthfulqa,correct_answer,0,0,-0.27348376708099054
Linear SVM,grouped_80_20,truthfulqa_000334_correct_4,truthfulqa,correct_answer,0,0,-0.27796298539790265
Linear SVM,grouped_80_20,truthfulqa_000334_correct_5,truthfulqa,correct_answer,0,1,0.06793757528655309
Linear SVM,grouped_80_20,truthfulqa_000334_incorrect_0,truthfulqa,incorrect_answer,1,1,0.4336681220672104
Linear SVM,grouped_80_20,truthfulqa_000334_incorrect_1,truthfulqa,incorrect_answer,1,1,0.11558373608785977
Linear SVM,grouped_80_20,truthfulqa_000334_incorrect_2,truthfulqa,incorrect_answer,1,1,0.25616967773471655
Linear SVM,grouped_80_20,truthfulqa_000334_incorrect_3,truthfulqa,incorrect_answer,1,0,-0.10856260140017865
Linear SVM,grouped_80_20,truthfulqa_000334_incorrect_4,truthfulqa,incorrect_answer,1,1,0.49911114173237603
Linear SVM,grouped_80_20,truthfulqa_000356_correct_0,truthfulqa,correct_answer,0,1,0.01588718739171241
Linear SVM,grouped_80_20,truthfulqa_000356_correct_1,truthfulqa,correct_answer,0,1,0.32776581698599716
Linear SVM,grouped_80_20,truthfulqa_000356_correct_2,truthfulqa,correct_answer,0,0,-0.06275694080358332
Linear SVM,grouped_80_20,truthfulqa_000356_correct_3,truthfulqa,correct_answer,0,0,-0.0431945463748776
Linear SVM,grouped_80_20,truthfulqa_000356_correct_4,truthfulqa,correct_answer,0,1,0.015589145699291776
Linear SVM,grouped_80_20,truthfulqa_000356_incorrect_0,truthfulqa,incorrect_answer,1,0,-0.3045674620529413
Linear SVM,grouped_80_20,truthfulqa_000356_incorrect_1,truthfulqa,incorrect_answer,1,1,0.4358215656077816
Linear SVM,grouped_80_20,truthfulqa_000356_incorrect_2,truthfulqa,incorrect_answer,1,0,-0.15242595300645898
Linear SVM,grouped_80_20,truthfulqa_000356_incorrect_3,truthfulqa,incorrect_answer,1,0,-0.36568400991835603
Linear SVM,grouped_80_20,truthfulqa_000356_incorrect_4,truthfulqa,incorrect_answer,1,1,0.39668184897782
Linear SVM,grouped_80_20,truthfulqa_000356_incorrect_5,truthfulqa,incorrect_answer,1,0,-0.20635132376713597
Linear SVM,grouped_80_20,truthfulqa_000357_correct_0,truthfulqa,correct_answer,0,1,0.003961573489933742
Linear SVM,grouped_80_20,truthfulqa_000357_correct_1,truthfulqa,correct_answer,0,0,-0.09709204088987752
Linear SVM,grouped_80_20,truthfulqa_000357_correct_2,truthfulqa,correct_answer,0,0,-0.23520713912455074
Linear SVM,grouped_80_20,truthfulqa_000357_correct_3,truthfulqa,correct_answer,0,0,-0.1472739432396539
Linear SVM,grouped_80_20,truthfulqa_000357_correct_4,truthfulqa,correct_answer,0,0,-0.11103064385048342
Linear SVM,grouped_80_20,truthfulqa_000357_incorrect_0,truthfulqa,incorrect_answer,1,0,-0.6721418813150299
Linear SVM,grouped_80_20,truthfulqa_000357_incorrect_1,truthfulqa,incorrect_answer,1,1,0.06360490935879229
Linear SVM,grouped_80_20,truthfulqa_000357_incorrect_2,truthfulqa,incorrect_answer,1,0,-0.2771033014823864
Linear SVM,grouped_80_20,truthfulqa_000357_incorrect_3,truthfulqa,incorrect_answer,1,0,-0.4503190516197222
Linear SVM,grouped_80_20,truthfulqa_000357_incorrect_4,truthfulqa,incorrect_answer,1,1,0.06893278439624198
Linear SVM,grouped_80_20,truthfulqa_000357_incorrect_5,truthfulqa,incorrect_answer,1,0,-0.20635132376713597
Linear SVM,grouped_80_20,truthfulqa_000360_correct_0,truthfulqa,correct_answer,0,1,0.18590458152914274
Linear SVM,grouped_80_20,truthfulqa_000360_correct_1,truthfulqa,correct_answer,0,0,-0.21176466786487227
Linear SVM,grouped_80_20,truthfulqa_000360_correct_2,truthfulqa,correct_answer,0,0,-0.0035650055189590524
Linear SVM,grouped_80_20,truthfulqa_000360_incorrect_0,truthfulqa,incorrect_answer,1,1,0.3797659658054643
Linear SVM,grouped_80_20,truthfulqa_000360_incorrect_1,truthfulqa,incorrect_answer,1,1,0.12375380047993721
Linear SVM,grouped_80_20,truthfulqa_000360_incorrect_2,truthfulqa,incorrect_answer,1,1,0.19147985425983943
Linear SVM,grouped_80_20,truthfulqa_000362_correct_0,truthfulqa,correct_answer,0,1,0.14877960302597526
Linear SVM,grouped_80_20,truthfulqa_000362_correct_1,truthfulqa,correct_answer,0,1,0.18670477415641606
Linear SVM,grouped_80_20,truthfulqa_000362_correct_2,truthfulqa,correct_answer,0,1,0.008141642793616427
Linear SVM,grouped_80_20,truthfulqa_000362_correct_3,truthfulqa,correct_answer,0,1,0.2051967660967724
Linear SVM,grouped_80_20,truthfulqa_000362_incorrect_0,truthfulqa,incorrect_answer,1,1,0.36948805763403725
Linear SVM,grouped_80_20,truthfulqa_000362_incorrect_1,truthfulqa,incorrect_answer,1,1,0.30940660177594026
Linear SVM,grouped_80_20,truthfulqa_000362_incorrect_2,truthfulqa,incorrect_answer,1,0,-0.09478024578211369
Linear SVM,grouped_80_20,truthfulqa_000362_incorrect_3,truthfulqa,incorrect_answer,1,1,0.10683944036537951
Linear SVM,grouped_80_20,truthfulqa_000362_incorrect_4,truthfulqa,incorrect_answer,1,1,0.04530480178653333
Linear SVM,grouped_80_20,truthfulqa_000365_correct_0,truthfulqa,correct_answer,0,0,-0.4544775934673495
Linear SVM,grouped_80_20,truthfulqa_000365_correct_1,truthfulqa,correct_answer,0,1,0.0923739162523253
Linear SVM,grouped_80_20,truthfulqa_000365_correct_2,truthfulqa,correct_answer,0,0,-0.015228540637035909
Linear SVM,grouped_80_20,truthfulqa_000365_correct_3,truthfulqa,correct_answer,0,0,-0.016318911521739615
Linear SVM,grouped_80_20,truthfulqa_000365_correct_4,truthfulqa,correct_answer,0,0,-0.17547862735301098
Linear SVM,grouped_80_20,truthfulqa_000365_incorrect_0,truthfulqa,incorrect_answer,1,1,0.07843366308835024
Linear SVM,grouped_80_20,truthfulqa_000365_incorrect_1,truthfulqa,incorrect_answer,1,1,0.08156888020934341
Linear SVM,grouped_80_20,truthfulqa_000365_incorrect_2,truthfulqa,incorrect_answer,1,1,0.14957618528853195
Linear SVM,grouped_80_20,truthfulqa_000365_incorrect_3,truthfulqa,incorrect_answer,1,1,0.15811093726779227
Linear SVM,grouped_80_20,truthfulqa_000365_incorrect_4,truthfulqa,incorrect_answer,1,1,0.0553500538181612
Linear SVM,grouped_80_20,truthfulqa_000365_incorrect_5,truthfulqa,incorrect_answer,1,1,0.1161469901021972
Linear SVM,grouped_80_20,truthfulqa_000368_correct_0,truthfulqa,correct_answer,0,1,0.6112893105279813
Linear SVM,grouped_80_20,truthfulqa_000368_correct_1,truthfulqa,correct_answer,0,1,0.3171967937545007
Linear SVM,grouped_80_20,truthfulqa_000368_correct_2,truthfulqa,correct_answer,0,0,-0.07402507771012437
Linear SVM,grouped_80_20,truthfulqa_000368_correct_3,truthfulqa,correct_answer,0,1,0.13134354300213788
Linear SVM,grouped_80_20,truthfulqa_000368_incorrect_0,truthfulqa,incorrect_answer,1,1,0.5063426570728
Linear SVM,grouped_80_20,truthfulqa_000368_incorrect_1,truthfulqa,incorrect_answer,1,1,0.32934142307969894
Linear SVM,grouped_80_20,truthfulqa_000368_incorrect_2,truthfulqa,incorrect_answer,1,1,0.1184430875749581
Linear SVM,grouped_80_20,truthfulqa_000368_incorrect_3,truthfulqa,incorrect_answer,1,1,0.42451002117056424
Linear SVM,grouped_80_20,truthfulqa_000368_incorrect_4,truthfulqa,incorrect_answer,1,1,0.20777530712423403
Linear SVM,grouped_80_20,truthfulqa_000368_incorrect_5,truthfulqa,incorrect_answer,1,0,-0.15345399117597922
Linear SVM,grouped_80_20,truthfulqa_000368_incorrect_6,truthfulqa,incorrect_answer,1,1,0.2636687362180289
Linear SVM,grouped_80_20,truthfulqa_000368_incorrect_7,truthfulqa,incorrect_answer,1,1,0.4268969696237894
Linear SVM,grouped_80_20,truthfulqa_000377_correct_0,truthfulqa,correct_answer,0,1,0.24650089412691142
Linear SVM,grouped_80_20,truthfulqa_000377_correct_1,truthfulqa,correct_answer,0,0,-0.2194244628984345
Linear SVM,grouped_80_20,truthfulqa_000377_correct_2,truthfulqa,correct_answer,0,0,-0.011007443463175032
Linear SVM,grouped_80_20,truthfulqa_000377_correct_3,truthfulqa,correct_answer,0,0,-0.17294981749576646
Linear SVM,grouped_80_20,truthfulqa_000377_correct_4,truthfulqa,correct_answer,0,1,0.006100145324211548
Linear SVM,grouped_80_20,truthfulqa_000377_incorrect_0,truthfulqa,incorrect_answer,1,1,0.32520360803480874
Linear SVM,grouped_80_20,truthfulqa_000377_incorrect_1,truthfulqa,incorrect_answer,1,1,0.4216543793725024
Linear SVM,grouped_80_20,truthfulqa_000377_incorrect_2,truthfulqa,incorrect_answer,1,0,-0.291748024498773
Linear SVM,grouped_80_20,truthfulqa_000377_incorrect_3,truthfulqa,incorrect_answer,1,1,0.22276151655150822
Linear SVM,grouped_80_20,truthfulqa_000377_incorrect_4,truthfulqa,incorrect_answer,1,0,-0.3026279538194284
Linear SVM,grouped_80_20,truthfulqa_000377_incorrect_5,truthfulqa,incorrect_answer,1,0,-0.02801239403661207
Linear SVM,grouped_80_20,truthfulqa_000396_correct_0,truthfulqa,correct_answer,0,0,-0.5435821092587707
Linear SVM,grouped_80_20,truthfulqa_000396_correct_1,truthfulqa,correct_answer,0,0,-0.0410462911056832
Linear SVM,grouped_80_20,truthfulqa_000396_correct_2,truthfulqa,correct_answer,0,0,-0.07334262010519324
Linear SVM,grouped_80_20,truthfulqa_000396_incorrect_0,truthfulqa,incorrect_answer,1,1,0.1878644705112406
Linear SVM,grouped_80_20,truthfulqa_000396_incorrect_1,truthfulqa,incorrect_answer,1,0,-0.5584426884321201
Linear SVM,grouped_80_20,truthfulqa_000404_correct_0,truthfulqa,correct_answer,0,1,0.3725279229377837
Linear SVM,grouped_80_20,truthfulqa_000404_correct_1,truthfulqa,correct_answer,0,1,0.6768017420478661
Linear SVM,grouped_80_20,truthfulqa_000404_correct_2,truthfulqa,correct_answer,0,1,0.686081732457517
Linear SVM,grouped_80_20,truthfulqa_000404_incorrect_0,truthfulqa,incorrect_answer,1,1,0.5679268581960345
Linear SVM,grouped_80_20,truthfulqa_000404_incorrect_1,truthfulqa,incorrect_answer,1,1,0.6741276235428846
Linear SVM,grouped_80_20,truthfulqa_000404_incorrect_2,truthfulqa,incorrect_answer,1,1,0.6854570925070719
Linear SVM,grouped_80_20,truthfulqa_000422_correct_0,truthfulqa,correct_answer,0,1,0.10021307460508275
Linear SVM,grouped_80_20,truthfulqa_000422_correct_1,truthfulqa,correct_answer,0,1,0.36974354886051614
Linear SVM,grouped_80_20,truthfulqa_000422_correct_2,truthfulqa,correct_answer,0,1,0.07304496797106727
Linear SVM,grouped_80_20,truthfulqa_000422_incorrect_0,truthfulqa,incorrect_answer,1,1,0.34652408955925884
Linear SVM,grouped_80_20,truthfulqa_000422_incorrect_1,truthfulqa,incorrect_answer,1,1,0.6542343033599638
Linear SVM,grouped_80_20,truthfulqa_000422_incorrect_2,truthfulqa,incorrect_answer,1,1,0.4011423172717379
Linear SVM,grouped_80_20,truthfulqa_000428_correct_0,truthfulqa,correct_answer,0,1,0.06128126184495894
Linear SVM,grouped_80_20,truthfulqa_000428_correct_1,truthfulqa,correct_answer,0,1,0.5218313392575795
Linear SVM,grouped_80_20,truthfulqa_000428_incorrect_0,truthfulqa,incorrect_answer,1,1,0.07858395376350083
Linear SVM,grouped_80_20,truthfulqa_000428_incorrect_1,truthfulqa,incorrect_answer,1,1,0.5319539771906344
Linear SVM,grouped_80_20,truthfulqa_000428_incorrect_2,truthfulqa,incorrect_answer,1,1,0.12928159283986104
Linear SVM,grouped_80_20,truthfulqa_000428_incorrect_3,truthfulqa,incorrect_answer,1,1,0.6540011176091373
Linear SVM,grouped_80_20,truthfulqa_000431_correct_0,truthfulqa,correct_answer,0,1,0.025775621670445822
Linear SVM,grouped_80_20,truthfulqa_000431_correct_1,truthfulqa,correct_answer,0,1,0.19979490062043825
Linear SVM,grouped_80_20,truthfulqa_000431_correct_2,truthfulqa,correct_answer,0,1,0.12517304951667552
Linear SVM,grouped_80_20,truthfulqa_000431_incorrect_0,truthfulqa,incorrect_answer,1,0,-0.25322933463492003
Linear SVM,grouped_80_20,truthfulqa_000431_incorrect_1,truthfulqa,incorrect_answer,1,1,0.4116100734935979
Linear SVM,grouped_80_20,truthfulqa_000431_incorrect_2,truthfulqa,incorrect_answer,1,1,0.3359584877790164
Linear SVM,grouped_80_20,truthfulqa_000432_correct_0,truthfulqa,correct_answer,0,1,0.03518560972752641
Linear SVM,grouped_80_20,truthfulqa_000432_correct_1,truthfulqa,correct_answer,0,1,0.40926341863858684
Linear SVM,grouped_80_20,truthfulqa_000432_correct_2,truthfulqa,correct_answer,0,1,0.3576231043142344
Linear SVM,grouped_80_20,truthfulqa_000432_incorrect_0,truthfulqa,incorrect_answer,1,1,0.052826141711905666
Linear SVM,grouped_80_20,truthfulqa_000432_incorrect_1,truthfulqa,incorrect_answer,1,1,0.4274983478152732
Linear SVM,grouped_80_20,truthfulqa_000432_incorrect_2,truthfulqa,incorrect_answer,1,1,0.48100422374572427
Linear SVM,grouped_80_20,truthfulqa_000434_correct_0,truthfulqa,correct_answer,0,1,0.061232236125272135
Linear SVM,grouped_80_20,truthfulqa_000434_correct_1,truthfulqa,correct_answer,0,1,0.4546372034160925
Linear SVM,grouped_80_20,truthfulqa_000434_correct_2,truthfulqa,correct_answer,0,1,0.09996206833389676
Linear SVM,grouped_80_20,truthfulqa_000434_incorrect_0,truthfulqa,incorrect_answer,1,1,0.06939170700802874
Linear SVM,grouped_80_20,truthfulqa_000434_incorrect_1,truthfulqa,incorrect_answer,1,1,0.5089710749594527
Linear SVM,grouped_80_20,truthfulqa_000434_incorrect_2,truthfulqa,incorrect_answer,1,1,0.32223397299774187
Linear SVM,grouped_80_20,truthfulqa_000440_correct_0,truthfulqa,correct_answer,0,1,0.14002833292131348
Linear SVM,grouped_80_20,truthfulqa_000440_correct_1,truthfulqa,correct_answer,0,1,0.5766161719518159
Linear SVM,grouped_80_20,truthfulqa_000440_incorrect_0,truthfulqa,incorrect_answer,1,1,0.1963594604948056
Linear SVM,grouped_80_20,truthfulqa_000440_incorrect_1,truthfulqa,incorrect_answer,1,1,0.6804463647442933
Linear SVM,grouped_80_20,truthfulqa_000442_correct_0,truthfulqa,correct_answer,0,1,0.35550569445487024
Linear SVM,grouped_80_20,truthfulqa_000442_correct_1,truthfulqa,correct_answer,0,1,0.46518738170489615
Linear SVM,grouped_80_20,truthfulqa_000442_correct_2,truthfulqa,correct_answer,0,1,0.10263470048006457
Linear SVM,grouped_80_20,truthfulqa_000442_incorrect_0,truthfulqa,incorrect_answer,1,1,0.07350458215018815
Linear SVM,grouped_80_20,truthfulqa_000442_incorrect_1,truthfulqa,incorrect_answer,1,1,0.07044568765223538
Linear SVM,grouped_80_20,truthfulqa_000442_incorrect_2,truthfulqa,incorrect_answer,1,1,0.2616329868924248
Linear SVM,grouped_80_20,truthfulqa_000442_incorrect_3,truthfulqa,incorrect_answer,1,1,0.07296395561012278
Linear SVM,grouped_80_20,truthfulqa_000444_correct_0,truthfulqa,correct_answer,0,1,0.12895186460635372
Linear SVM,grouped_80_20,truthfulqa_000444_correct_1,truthfulqa,correct_answer,0,1,0.5158348824637824
Linear SVM,grouped_80_20,truthfulqa_000444_correct_2,truthfulqa,correct_answer,0,1,0.004323827284378981
Linear SVM,grouped_80_20,truthfulqa_000444_incorrect_0,truthfulqa,incorrect_answer,1,0,-0.23766604833510993
Linear SVM,grouped_80_20,truthfulqa_000444_incorrect_1,truthfulqa,incorrect_answer,1,0,-0.20905020651523679
Linear SVM,grouped_80_20,truthfulqa_000444_incorrect_2,truthfulqa,incorrect_answer,1,1,0.03765676652911723
Linear SVM,grouped_80_20,truthfulqa_000457_correct_0,truthfulqa,correct_answer,0,1,0.031743761317181096
Linear SVM,grouped_80_20,truthfulqa_000457_correct_1,truthfulqa,correct_answer,0,1,0.08961401089394763
Linear SVM,grouped_80_20,truthfulqa_000457_correct_2,truthfulqa,correct_answer,0,1,0.22620482837240452
Linear SVM,grouped_80_20,truthfulqa_000457_incorrect_0,truthfulqa,incorrect_answer,1,1,0.22962750136105498
Linear SVM,grouped_80_20,truthfulqa_000457_incorrect_1,truthfulqa,incorrect_answer,1,1,0.5013379536117861
Linear SVM,grouped_80_20,truthfulqa_000457_incorrect_2,truthfulqa,incorrect_answer,1,1,0.5641581652405516
Linear SVM,grouped_80_20,truthfulqa_000457_incorrect_3,truthfulqa,incorrect_answer,1,1,0.2506801408535348
Linear SVM,grouped_80_20,truthfulqa_000457_incorrect_4,truthfulqa,incorrect_answer,1,1,0.572992963117052
Linear SVM,grouped_80_20,truthfulqa_000457_incorrect_5,truthfulqa,incorrect_answer,1,1,0.2692709999813294
Linear SVM,grouped_80_20,truthfulqa_000457_incorrect_6,truthfulqa,incorrect_answer,1,1,0.3116074271050375
Linear SVM,grouped_80_20,truthfulqa_000457_incorrect_7,truthfulqa,incorrect_answer,1,1,0.36597130737747985
Linear SVM,grouped_80_20,truthfulqa_000465_correct_0,truthfulqa,correct_answer,0,0,-0.37912279041532015
Linear SVM,grouped_80_20,truthfulqa_000465_correct_1,truthfulqa,correct_answer,0,0,-0.16689445623155005
Linear SVM,grouped_80_20,truthfulqa_000465_correct_2,truthfulqa,correct_answer,0,1,0.023665409463476325
Linear SVM,grouped_80_20,truthfulqa_000465_correct_3,truthfulqa,correct_answer,0,1,0.1309722215399197
Linear SVM,grouped_80_20,truthfulqa_000465_incorrect_0,truthfulqa,incorrect_answer,1,1,0.3548880461077157
Linear SVM,grouped_80_20,truthfulqa_000465_incorrect_1,truthfulqa,incorrect_answer,1,1,0.1630232035851188
Linear SVM,grouped_80_20,truthfulqa_000465_incorrect_2,truthfulqa,incorrect_answer,1,1,0.3627498075631763
Linear SVM,grouped_80_20,truthfulqa_000465_incorrect_3,truthfulqa,incorrect_answer,1,1,0.2233403410090477
Linear SVM,grouped_80_20,truthfulqa_000465_incorrect_4,truthfulqa,incorrect_answer,1,1,0.26810871957411025
Linear SVM,grouped_80_20,truthfulqa_000465_incorrect_5,truthfulqa,incorrect_answer,1,0,-0.20635132376713597
Linear SVM,grouped_80_20,truthfulqa_000467_correct_0,truthfulqa,correct_answer,0,1,0.12834563575270236
Linear SVM,grouped_80_20,truthfulqa_000467_correct_1,truthfulqa,correct_answer,0,1,0.3374513578987859
Linear SVM,grouped_80_20,truthfulqa_000467_correct_2,truthfulqa,correct_answer,0,1,0.3754218228150058
Linear SVM,grouped_80_20,truthfulqa_000467_incorrect_0,truthfulqa,incorrect_answer,1,1,0.258047498691931
Linear SVM,grouped_80_20,truthfulqa_000467_incorrect_1,truthfulqa,incorrect_answer,1,1,0.3441701960168106
Linear SVM,grouped_80_20,truthfulqa_000467_incorrect_2,truthfulqa,incorrect_answer,1,1,0.1911943436863178
Linear SVM,grouped_80_20,truthfulqa_000467_incorrect_3,truthfulqa,incorrect_answer,1,1,0.10430562868716955
Linear SVM,grouped_80_20,truthfulqa_000467_incorrect_4,truthfulqa,incorrect_answer,1,1,0.08289057023840093
Linear SVM,grouped_80_20,truthfulqa_000473_correct_0,truthfulqa,correct_answer,0,1,0.526739011377284
Linear SVM,grouped_80_20,truthfulqa_000473_correct_1,truthfulqa,correct_answer,0,1,0.4490837120438813
Linear SVM,grouped_80_20,truthfulqa_000473_incorrect_0,truthfulqa,incorrect_answer,1,1,0.3248018404226428
Linear SVM,grouped_80_20,truthfulqa_000473_incorrect_1,truthfulqa,incorrect_answer,1,1,0.5465450342680838
Linear SVM,grouped_80_20,truthfulqa_000473_incorrect_2,truthfulqa,incorrect_answer,1,0,-0.05277394307389796
Linear SVM,grouped_80_20,truthfulqa_000478_correct_0,truthfulqa,correct_answer,0,1,0.4616961565100891
Linear SVM,grouped_80_20,truthfulqa_000478_correct_1,truthfulqa,correct_answer,0,1,0.32674906008600646
Linear SVM,grouped_80_20,truthfulqa_000478_correct_2,truthfulqa,correct_answer,0,1,0.4250012131540827
Linear SVM,grouped_80_20,truthfulqa_000478_incorrect_0,truthfulqa,incorrect_answer,1,1,0.4497056983338187
Linear SVM,grouped_80_20,truthfulqa_000478_incorrect_1,truthfulqa,incorrect_answer,1,1,0.4383665080278669
Linear SVM,grouped_80_20,truthfulqa_000478_incorrect_2,truthfulqa,incorrect_answer,1,1,0.3316897693256651
Linear SVM,grouped_80_20,truthfulqa_000490_correct_0,truthfulqa,correct_answer,0,1,0.26470981307241537
Linear SVM,grouped_80_20,truthfulqa_000490_correct_1,truthfulqa,correct_answer,0,1,0.40927999202174137
Linear SVM,grouped_80_20,truthfulqa_000490_correct_2,truthfulqa,correct_answer,0,1,0.27896975753439673
Linear SVM,grouped_80_20,truthfulqa_000490_incorrect_0,truthfulqa,incorrect_answer,1,1,0.6125475281135285
Linear SVM,grouped_80_20,truthfulqa_000490_incorrect_1,truthfulqa,incorrect_answer,1,1,0.43721434836900974
Linear SVM,grouped_80_20,truthfulqa_000490_incorrect_2,truthfulqa,incorrect_answer,1,1,0.6695010758104158
Linear SVM,grouped_80_20,truthfulqa_000490_incorrect_3,truthfulqa,incorrect_answer,1,1,0.4649148282607124
Linear SVM,grouped_80_20,truthfulqa_000490_incorrect_4,truthfulqa,incorrect_answer,1,1,0.5768312336745455
Linear SVM,grouped_80_20,truthfulqa_000494_correct_0,truthfulqa,correct_answer,0,1,0.17970104061290026
Linear SVM,grouped_80_20,truthfulqa_000494_correct_1,truthfulqa,correct_answer,0,0,-0.26862254480896064
Linear SVM,grouped_80_20,truthfulqa_000494_correct_2,truthfulqa,correct_answer,0,0,-0.23786278437045869
Linear SVM,grouped_80_20,truthfulqa_000494_incorrect_0,truthfulqa,incorrect_answer,1,1,0.19724723929359597
Linear SVM,grouped_80_20,truthfulqa_000494_incorrect_1,truthfulqa,incorrect_answer,1,1,0.03000228771034308
Linear SVM,grouped_80_20,truthfulqa_000494_incorrect_2,truthfulqa,incorrect_answer,1,1,0.12794190609098985
Linear SVM,grouped_80_20,truthfulqa_000495_correct_0,truthfulqa,correct_answer,0,0,-0.2465289196557869
Linear SVM,grouped_80_20,truthfulqa_000495_correct_1,truthfulqa,correct_answer,0,0,-0.17945615406178198
Linear SVM,grouped_80_20,truthfulqa_000495_correct_2,truthfulqa,correct_answer,0,0,-0.2740714553165402
Linear SVM,grouped_80_20,truthfulqa_000495_correct_3,truthfulqa,correct_answer,0,0,-0.21979257415055473
Linear SVM,grouped_80_20,truthfulqa_000495_incorrect_0,truthfulqa,incorrect_answer,1,1,0.4878030929148687
Linear SVM,grouped_80_20,truthfulqa_000495_incorrect_1,truthfulqa,incorrect_answer,1,1,0.3001569504157338
Linear SVM,grouped_80_20,truthfulqa_000495_incorrect_2,truthfulqa,incorrect_answer,1,1,0.31326646767509336
Linear SVM,grouped_80_20,truthfulqa_000495_incorrect_3,truthfulqa,incorrect_answer,1,1,0.4883162903928341
Linear SVM,grouped_80_20,truthfulqa_000495_incorrect_4,truthfulqa,incorrect_answer,1,1,0.29454248995744015
Linear SVM,grouped_80_20,truthfulqa_000499_correct_0,truthfulqa,correct_answer,0,1,0.30852325496045874
Linear SVM,grouped_80_20,truthfulqa_000499_correct_1,truthfulqa,correct_answer,0,1,0.1553783278082579
Linear SVM,grouped_80_20,truthfulqa_000499_correct_2,truthfulqa,correct_answer,0,0,-0.4641556552671683
Linear SVM,grouped_80_20,truthfulqa_000499_incorrect_0,truthfulqa,incorrect_answer,1,0,-0.013249574946116616
Linear SVM,grouped_80_20,truthfulqa_000499_incorrect_1,truthfulqa,incorrect_answer,1,1,0.15632797294858952
Linear SVM,grouped_80_20,truthfulqa_000499_incorrect_2,truthfulqa,incorrect_answer,1,0,-0.021287502802566
Linear SVM,grouped_80_20,truthfulqa_000499_incorrect_3,truthfulqa,incorrect_answer,1,0,-0.22785628048000786
Linear SVM,grouped_80_20,truthfulqa_000499_incorrect_4,truthfulqa,incorrect_answer,1,1,0.1823245061466523
Linear SVM,grouped_80_20,truthfulqa_000499_incorrect_5,truthfulqa,incorrect_answer,1,1,0.2679762032434795
Linear SVM,grouped_80_20,truthfulqa_000501_correct_0,truthfulqa,correct_answer,0,0,-0.08191340530055602
Linear SVM,grouped_80_20,truthfulqa_000501_correct_1,truthfulqa,correct_answer,0,1,0.017412068220841986
Linear SVM,grouped_80_20,truthfulqa_000501_correct_2,truthfulqa,correct_answer,0,1,0.131383977182055
Linear SVM,grouped_80_20,truthfulqa_000501_incorrect_0,truthfulqa,incorrect_answer,1,1,0.20859444600663807
Linear SVM,grouped_80_20,truthfulqa_000501_incorrect_1,truthfulqa,incorrect_answer,1,0,-0.1360552385864022
Linear SVM,grouped_80_20,truthfulqa_000501_incorrect_2,truthfulqa,incorrect_answer,1,0,-0.13271552063618144
Linear SVM,grouped_80_20,truthfulqa_000501_incorrect_3,truthfulqa,incorrect_answer,1,0,-0.011403211866023971
Linear SVM,grouped_80_20,truthfulqa_000501_incorrect_4,truthfulqa,incorrect_answer,1,0,-0.015457897913628671
Linear SVM,grouped_80_20,truthfulqa_000506_correct_0,truthfulqa,correct_answer,0,1,0.14668105057455147
Linear SVM,grouped_80_20,truthfulqa_000506_correct_1,truthfulqa,correct_answer,0,0,-0.2808480670247244
Linear SVM,grouped_80_20,truthfulqa_000506_correct_2,truthfulqa,correct_answer,0,0,-0.27457695508586843
Linear SVM,grouped_80_20,truthfulqa_000506_correct_3,truthfulqa,correct_answer,0,0,-0.32061636780534053
Linear SVM,grouped_80_20,truthfulqa_000506_incorrect_0,truthfulqa,incorrect_answer,1,1,0.1889020359702262
Linear SVM,grouped_80_20,truthfulqa_000506_incorrect_1,truthfulqa,incorrect_answer,1,1,0.09077023037459836
Linear SVM,grouped_80_20,truthfulqa_000506_incorrect_2,truthfulqa,incorrect_answer,1,1,0.14212238319505582
Linear SVM,grouped_80_20,truthfulqa_000506_incorrect_3,truthfulqa,incorrect_answer,1,1,0.10157766534166707
Linear SVM,grouped_80_20,truthfulqa_000506_incorrect_4,truthfulqa,incorrect_answer,1,1,0.007758985254241665
Linear SVM,grouped_80_20,truthfulqa_000506_incorrect_5,truthfulqa,incorrect_answer,1,1,0.279314103461502
Linear SVM,grouped_80_20,truthfulqa_000506_incorrect_6,truthfulqa,incorrect_answer,1,0,-0.3279440424774762
Linear SVM,grouped_80_20,truthfulqa_000514_correct_0,truthfulqa,correct_answer,0,1,0.2733711628472904
Linear SVM,grouped_80_20,truthfulqa_000514_correct_1,truthfulqa,correct_answer,0,1,0.33228334147055827
Linear SVM,grouped_80_20,truthfulqa_000514_correct_2,truthfulqa,correct_answer,0,1,0.016980501303024836
Linear SVM,grouped_80_20,truthfulqa_000514_correct_3,truthfulqa,correct_answer,0,0,-0.03615750618873792
Linear SVM,grouped_80_20,truthfulqa_000514_incorrect_0,truthfulqa,incorrect_answer,1,1,0.22799584364666214
Linear SVM,grouped_80_20,truthfulqa_000514_incorrect_1,truthfulqa,incorrect_answer,1,1,0.3446333861054057
Linear SVM,grouped_80_20,truthfulqa_000514_incorrect_2,truthfulqa,incorrect_answer,1,1,0.022706518516672214
Linear SVM,grouped_80_20,truthfulqa_000514_incorrect_3,truthfulqa,incorrect_answer,1,0,-0.019329310712420805
Linear SVM,grouped_80_20,truthfulqa_000514_incorrect_4,truthfulqa,incorrect_answer,1,0,-0.022691176063649454
Linear SVM,grouped_80_20,truthfulqa_000518_correct_0,truthfulqa,correct_answer,0,1,0.3609292058529312
Linear SVM,grouped_80_20,truthfulqa_000518_correct_1,truthfulqa,correct_answer,0,1,0.2761910102460473
Linear SVM,grouped_80_20,truthfulqa_000518_incorrect_0,truthfulqa,incorrect_answer,1,1,0.5165755111867274
Linear SVM,grouped_80_20,truthfulqa_000518_incorrect_1,truthfulqa,incorrect_answer,1,1,0.49094978157076596
Linear SVM,grouped_80_20,truthfulqa_000518_incorrect_2,truthfulqa,incorrect_answer,1,1,0.5724435295456453
Linear SVM,grouped_80_20,truthfulqa_000518_incorrect_3,truthfulqa,incorrect_answer,1,1,0.5236166375370503
Linear SVM,grouped_80_20,truthfulqa_000518_incorrect_4,truthfulqa,incorrect_answer,1,1,0.5248253377425187
Linear SVM,grouped_80_20,truthfulqa_000518_incorrect_5,truthfulqa,incorrect_answer,1,1,0.5676318584606949
Linear SVM,grouped_80_20,truthfulqa_000519_correct_0,truthfulqa,correct_answer,0,1,0.02823748444396497
Linear SVM,grouped_80_20,truthfulqa_000519_correct_1,truthfulqa,correct_answer,0,0,-0.05704871489350993
Linear SVM,grouped_80_20,truthfulqa_000519_incorrect_0,truthfulqa,incorrect_answer,1,1,0.4132904943824144
Linear SVM,grouped_80_20,truthfulqa_000519_incorrect_1,truthfulqa,incorrect_answer,1,1,0.3868652263790793
Linear SVM,grouped_80_20,truthfulqa_000519_incorrect_2,truthfulqa,incorrect_answer,1,1,0.09925263063163138
Linear SVM,grouped_80_20,truthfulqa_000519_incorrect_3,truthfulqa,incorrect_answer,1,1,0.15326540029430832
Linear SVM,grouped_80_20,truthfulqa_000519_incorrect_4,truthfulqa,incorrect_answer,1,1,0.21418200411616228
Linear SVM,grouped_80_20,truthfulqa_000519_incorrect_5,truthfulqa,incorrect_answer,1,1,0.11487754797580907
Linear SVM,grouped_80_20,truthfulqa_000521_correct_0,truthfulqa,correct_answer,0,1,0.2378953360095723
Linear SVM,grouped_80_20,truthfulqa_000521_correct_1,truthfulqa,correct_answer,0,0,-0.12685194835009997
Linear SVM,grouped_80_20,truthfulqa_000521_correct_2,truthfulqa,correct_answer,0,0,-0.25886111487261354
Linear SVM,grouped_80_20,truthfulqa_000521_incorrect_0,truthfulqa,incorrect_answer,1,1,0.16482367538548948
Linear SVM,grouped_80_20,truthfulqa_000521_incorrect_1,truthfulqa,incorrect_answer,1,0,-0.1646214417111407
Linear SVM,grouped_80_20,truthfulqa_000521_incorrect_2,truthfulqa,incorrect_answer,1,0,-0.18912374447600486
Linear SVM,grouped_80_20,truthfulqa_000526_correct_0,truthfulqa,correct_answer,0,1,0.23801968102212123
Linear SVM,grouped_80_20,truthfulqa_000526_correct_1,truthfulqa,correct_answer,0,0,-0.12255486642529209
Linear SVM,grouped_80_20,truthfulqa_000526_correct_2,truthfulqa,correct_answer,0,0,-0.14239512731988338
Linear SVM,grouped_80_20,truthfulqa_000526_incorrect_0,truthfulqa,incorrect_answer,1,1,0.0964519980290573
Linear SVM,grouped_80_20,truthfulqa_000526_incorrect_1,truthfulqa,incorrect_answer,1,0,-0.03897206831668626
Linear SVM,grouped_80_20,truthfulqa_000526_incorrect_2,truthfulqa,incorrect_answer,1,0,-0.04654799012939065
Linear SVM,grouped_80_20,truthfulqa_000526_incorrect_3,truthfulqa,incorrect_answer,1,0,-0.04658615681629752
Linear SVM,grouped_80_20,truthfulqa_000528_correct_0,truthfulqa,correct_answer,0,1,0.011931907428659683
Linear SVM,grouped_80_20,truthfulqa_000528_correct_1,truthfulqa,correct_answer,0,0,-0.14013678556586343
Linear SVM,grouped_80_20,truthfulqa_000528_correct_2,truthfulqa,correct_answer,0,0,-0.20097446959489432
Linear SVM,grouped_80_20,truthfulqa_000528_correct_3,truthfulqa,correct_answer,0,1,0.017685903748542647
Linear SVM,grouped_80_20,truthfulqa_000528_incorrect_0,truthfulqa,incorrect_answer,1,1,0.14233428183664146
Linear SVM,grouped_80_20,truthfulqa_000528_incorrect_1,truthfulqa,incorrect_answer,1,0,-0.009355798607160931
Linear SVM,grouped_80_20,truthfulqa_000528_incorrect_2,truthfulqa,incorrect_answer,1,0,-0.0704858791853474
Linear SVM,grouped_80_20,truthfulqa_000528_incorrect_3,truthfulqa,incorrect_answer,1,0,-0.1913735978046833
Linear SVM,grouped_80_20,truthfulqa_000530_correct_0,truthfulqa,correct_answer,0,0,-0.49028369751794476
Linear SVM,grouped_80_20,truthfulqa_000530_correct_1,truthfulqa,correct_answer,0,1,0.038139858891047
Linear SVM,grouped_80_20,truthfulqa_000530_correct_2,truthfulqa,correct_answer,0,0,-0.18400233778681155
Linear SVM,grouped_80_20,truthfulqa_000530_correct_3,truthfulqa,correct_answer,0,0,-0.5200740307541722
Linear SVM,grouped_80_20,truthfulqa_000530_correct_4,truthfulqa,correct_answer,0,0,-0.017347045291927293
Linear SVM,grouped_80_20,truthfulqa_000530_incorrect_0,truthfulqa,incorrect_answer,1,1,0.33944512166318586
Linear SVM,grouped_80_20,truthfulqa_000530_incorrect_1,truthfulqa,incorrect_answer,1,0,-0.14334456082771377
Linear SVM,grouped_80_20,truthfulqa_000530_incorrect_2,truthfulqa,incorrect_answer,1,1,0.004933781835951709
Linear SVM,grouped_80_20,truthfulqa_000531_correct_0,truthfulqa,correct_answer,0,0,-0.018923337624500103
Linear SVM,grouped_80_20,truthfulqa_000531_correct_1,truthfulqa,correct_answer,0,0,-0.0681822350584706
Linear SVM,grouped_80_20,truthfulqa_000531_correct_2,truthfulqa,correct_answer,0,0,-0.053538863947995285
Linear SVM,grouped_80_20,truthfulqa_000531_incorrect_0,truthfulqa,incorrect_answer,1,1,0.3793490811564266
Linear SVM,grouped_80_20,truthfulqa_000531_incorrect_1,truthfulqa,incorrect_answer,1,1,0.13987644449092257
Linear SVM,grouped_80_20,truthfulqa_000531_incorrect_2,truthfulqa,incorrect_answer,1,1,0.009190618984413493
Linear SVM,grouped_80_20,truthfulqa_000534_correct_0,truthfulqa,correct_answer,0,1,0.029857743655769597
Linear SVM,grouped_80_20,truthfulqa_000534_correct_1,truthfulqa,correct_answer,0,0,-0.12296153604220758
Linear SVM,grouped_80_20,truthfulqa_000534_correct_2,truthfulqa,correct_answer,0,1,0.09751627865844884
Linear SVM,grouped_80_20,truthfulqa_000534_incorrect_0,truthfulqa,incorrect_answer,1,1,0.384311888770587
Linear SVM,grouped_80_20,truthfulqa_000534_incorrect_1,truthfulqa,incorrect_answer,1,1,0.32261326342128127
Linear SVM,grouped_80_20,truthfulqa_000534_incorrect_2,truthfulqa,incorrect_answer,1,1,0.5397391638522158
Linear SVM,grouped_80_20,truthfulqa_000535_correct_0,truthfulqa,correct_answer,0,1,0.523282979645118
Linear SVM,grouped_80_20,truthfulqa_000535_correct_1,truthfulqa,correct_answer,0,1,0.5551631114580029
Linear SVM,grouped_80_20,truthfulqa_000535_correct_2,truthfulqa,correct_answer,0,1,0.2018305175815231
Linear SVM,grouped_80_20,truthfulqa_000535_incorrect_0,truthfulqa,incorrect_answer,1,1,0.6167347058524203
Linear SVM,grouped_80_20,truthfulqa_000535_incorrect_1,truthfulqa,incorrect_answer,1,1,0.04147068367857466
Linear SVM,grouped_80_20,truthfulqa_000535_incorrect_2,truthfulqa,incorrect_answer,1,1,0.4524171242819953
Linear SVM,grouped_80_20,truthfulqa_000542_correct_0,truthfulqa,correct_answer,0,1,0.2670521461407869
Linear SVM,grouped_80_20,truthfulqa_000542_correct_1,truthfulqa,correct_answer,0,1,0.2967205001466602
Linear SVM,grouped_80_20,truthfulqa_000542_correct_2,truthfulqa,correct_answer,0,1,0.3020408729492938
Linear SVM,grouped_80_20,truthfulqa_000542_correct_3,truthfulqa,correct_answer,0,1,0.3450833352627958
Linear SVM,grouped_80_20,truthfulqa_000542_incorrect_0,truthfulqa,incorrect_answer,1,1,0.2274506478060514
Linear SVM,grouped_80_20,truthfulqa_000542_incorrect_1,truthfulqa,incorrect_answer,1,1,0.26724350342081893
Linear SVM,grouped_80_20,truthfulqa_000542_incorrect_2,truthfulqa,incorrect_answer,1,1,0.34612766261728756
Linear SVM,grouped_80_20,truthfulqa_000542_incorrect_3,truthfulqa,incorrect_answer,1,1,0.36104657682152286
Linear SVM,grouped_80_20,truthfulqa_000542_incorrect_4,truthfulqa,incorrect_answer,1,1,0.23388767741145305
Linear SVM,grouped_80_20,truthfulqa_000543_correct_0,truthfulqa,correct_answer,0,1,0.4846785742445582
Linear SVM,grouped_80_20,truthfulqa_000543_correct_1,truthfulqa,correct_answer,0,1,0.7336940260491766
Linear SVM,grouped_80_20,truthfulqa_000543_incorrect_0,truthfulqa,incorrect_answer,1,1,0.6174269804190684
Linear SVM,grouped_80_20,truthfulqa_000543_incorrect_1,truthfulqa,incorrect_answer,1,1,0.5391275835639774
Linear SVM,grouped_80_20,truthfulqa_000543_incorrect_2,truthfulqa,incorrect_answer,1,1,0.7343745349807225
Linear SVM,grouped_80_20,truthfulqa_000543_incorrect_3,truthfulqa,incorrect_answer,1,1,0.734414209185967
Linear SVM,grouped_80_20,truthfulqa_000543_incorrect_4,truthfulqa,incorrect_answer,1,1,0.25572339441438574
Linear SVM,grouped_80_20,truthfulqa_000554_correct_0,truthfulqa,correct_answer,0,1,0.27553681384161843
Linear SVM,grouped_80_20,truthfulqa_000554_correct_1,truthfulqa,correct_answer,0,1,0.12274141066674629
Linear SVM,grouped_80_20,truthfulqa_000554_correct_2,truthfulqa,correct_answer,0,0,-0.44403696367882683
Linear SVM,grouped_80_20,truthfulqa_000554_correct_3,truthfulqa,correct_answer,0,0,-0.3681089712829324
Linear SVM,grouped_80_20,truthfulqa_000554_incorrect_0,truthfulqa,incorrect_answer,1,1,0.1895667681215849
Linear SVM,grouped_80_20,truthfulqa_000554_incorrect_1,truthfulqa,incorrect_answer,1,1,0.1003433335382184
Linear SVM,grouped_80_20,truthfulqa_000554_incorrect_2,truthfulqa,incorrect_answer,1,0,-0.5086080794290646
Linear SVM,grouped_80_20,truthfulqa_000554_incorrect_3,truthfulqa,incorrect_answer,1,0,-0.17734978374952617
Linear SVM,grouped_80_20,truthfulqa_000554_incorrect_4,truthfulqa,incorrect_answer,1,1,0.3427905297998445
Linear SVM,grouped_80_20,truthfulqa_000554_incorrect_5,truthfulqa,incorrect_answer,1,0,-0.09789803373854833
Linear SVM,grouped_80_20,truthfulqa_000578_correct_0,truthfulqa,correct_answer,0,0,-0.28230617600398644
Linear SVM,grouped_80_20,truthfulqa_000578_correct_1,truthfulqa,correct_answer,0,1,0.31372785885794474
Linear SVM,grouped_80_20,truthfulqa_000578_correct_2,truthfulqa,correct_answer,0,1,0.024314541911534843
Linear SVM,grouped_80_20,truthfulqa_000578_incorrect_0,truthfulqa,incorrect_answer,1,1,0.3094852971541875
Linear SVM,grouped_80_20,truthfulqa_000578_incorrect_1,truthfulqa,incorrect_answer,1,1,0.3101728904106936
Linear SVM,grouped_80_20,truthfulqa_000578_incorrect_2,truthfulqa,incorrect_answer,1,1,0.3098974377758632
Linear SVM,grouped_80_20,truthfulqa_000578_incorrect_3,truthfulqa,incorrect_answer,1,1,0.3105542167091321
Linear SVM,grouped_80_20,truthfulqa_000578_incorrect_4,truthfulqa,incorrect_answer,1,1,0.30949571877190096
Linear SVM,grouped_80_20,truthfulqa_000578_incorrect_5,truthfulqa,incorrect_answer,1,1,0.1013319961257224
Linear SVM,grouped_80_20,truthfulqa_000578_incorrect_6,truthfulqa,incorrect_answer,1,1,0.11241301597042387
Linear SVM,grouped_80_20,truthfulqa_000578_incorrect_7,truthfulqa,incorrect_answer,1,1,0.11091208072262934
Linear SVM,grouped_80_20,truthfulqa_000578_incorrect_8,truthfulqa,incorrect_answer,1,1,0.052529688039640116
Linear SVM,grouped_80_20,truthfulqa_000579_correct_0,truthfulqa,correct_answer,0,1,0.10007294232858903
Linear SVM,grouped_80_20,truthfulqa_000579_correct_1,truthfulqa,correct_answer,0,1,0.2911884626978285
Linear SVM,grouped_80_20,truthfulqa_000579_correct_2,truthfulqa,correct_answer,0,0,-0.23682392092469082
Linear SVM,grouped_80_20,truthfulqa_000579_incorrect_0,truthfulqa,incorrect_answer,1,1,0.16303059059476904
Linear SVM,grouped_80_20,truthfulqa_000579_incorrect_1,truthfulqa,incorrect_answer,1,1,0.21392110566832157
Linear SVM,grouped_80_20,truthfulqa_000579_incorrect_2,truthfulqa,incorrect_answer,1,1,0.15889485170408515
Linear SVM,grouped_80_20,truthfulqa_000579_incorrect_3,truthfulqa,incorrect_answer,1,0,-0.07424204526575129
Linear SVM,grouped_80_20,truthfulqa_000579_incorrect_4,truthfulqa,incorrect_answer,1,1,0.09441510350590016
Linear SVM,grouped_80_20,truthfulqa_000590_correct_0,truthfulqa,correct_answer,0,0,-0.025955763829953293
Linear SVM,grouped_80_20,truthfulqa_000590_correct_1,truthfulqa,correct_answer,0,1,0.09636700360710546
Linear SVM,grouped_80_20,truthfulqa_000590_correct_2,truthfulqa,correct_answer,0,0,-0.04406392575380216
Linear SVM,grouped_80_20,truthfulqa_000590_incorrect_0,truthfulqa,incorrect_answer,1,1,0.39741293016888257
Linear SVM,grouped_80_20,truthfulqa_000590_incorrect_1,truthfulqa,incorrect_answer,1,1,0.07520910553062113
Linear SVM,grouped_80_20,truthfulqa_000590_incorrect_2,truthfulqa,incorrect_answer,1,1,0.13703006982764288
Linear SVM,grouped_80_20,truthfulqa_000590_incorrect_3,truthfulqa,incorrect_answer,1,1,0.053860888662557865
Linear SVM,grouped_80_20,truthfulqa_000596_correct_0,truthfulqa,correct_answer,0,0,-0.11655221333726032
Linear SVM,grouped_80_20,truthfulqa_000596_correct_1,truthfulqa,correct_answer,0,0,-0.09644655027497459
Linear SVM,grouped_80_20,truthfulqa_000596_correct_2,truthfulqa,correct_answer,0,1,0.03963363750681689
Linear SVM,grouped_80_20,truthfulqa_000596_incorrect_0,truthfulqa,incorrect_answer,1,1,0.10401017702613269
Linear SVM,grouped_80_20,truthfulqa_000596_incorrect_1,truthfulqa,incorrect_answer,1,1,0.5016022956222244
Linear SVM,grouped_80_20,truthfulqa_000596_incorrect_2,truthfulqa,incorrect_answer,1,1,0.09049475496988246
Linear SVM,grouped_80_20,truthfulqa_000596_incorrect_3,truthfulqa,incorrect_answer,1,1,0.20799600229690118
Linear SVM,grouped_80_20,truthfulqa_000596_incorrect_4,truthfulqa,incorrect_answer,1,0,-0.10759187642987572
Linear SVM,grouped_80_20,truthfulqa_000596_incorrect_5,truthfulqa,incorrect_answer,1,1,0.37089906578808607
Linear SVM,grouped_80_20,truthfulqa_000603_correct_0,truthfulqa,correct_answer,0,0,-0.18504669410294403
Linear SVM,grouped_80_20,truthfulqa_000603_correct_1,truthfulqa,correct_answer,0,1,0.29436415090205514
Linear SVM,grouped_80_20,truthfulqa_000603_correct_2,truthfulqa,correct_answer,0,0,-0.22214324780640546
Linear SVM,grouped_80_20,truthfulqa_000603_correct_3,truthfulqa,correct_answer,0,0,-0.342777800179511
Linear SVM,grouped_80_20,truthfulqa_000603_incorrect_0,truthfulqa,incorrect_answer,1,1,0.16545589667125474
Linear SVM,grouped_80_20,truthfulqa_000603_incorrect_1,truthfulqa,incorrect_answer,1,1,0.05198813334141539
Linear SVM,grouped_80_20,truthfulqa_000603_incorrect_2,truthfulqa,incorrect_answer,1,0,-0.0013923447755107843
Linear SVM,grouped_80_20,truthfulqa_000604_correct_0,truthfulqa,correct_answer,0,1,0.1004454222633659
Linear SVM,grouped_80_20,truthfulqa_000604_correct_1,truthfulqa,correct_answer,0,0,-0.04046513817890282
Linear SVM,grouped_80_20,truthfulqa_000604_correct_2,truthfulqa,correct_answer,0,0,-0.06153523474460795
Linear SVM,grouped_80_20,truthfulqa_000604_incorrect_0,truthfulqa,incorrect_answer,1,1,0.4783185837414907
Linear SVM,grouped_80_20,truthfulqa_000604_incorrect_1,truthfulqa,incorrect_answer,1,1,0.4224496907940488
Linear SVM,grouped_80_20,truthfulqa_000604_incorrect_2,truthfulqa,incorrect_answer,1,1,0.357670700045015
Linear SVM,grouped_80_20,truthfulqa_000605_correct_0,truthfulqa,correct_answer,0,1,0.08079291338900814
Linear SVM,grouped_80_20,truthfulqa_000605_correct_1,truthfulqa,correct_answer,0,1,0.002767790096220718
Linear SVM,grouped_80_20,truthfulqa_000605_correct_2,truthfulqa,correct_answer,0,0,-0.1549416270962297
Linear SVM,grouped_80_20,truthfulqa_000605_incorrect_0,truthfulqa,incorrect_answer,1,1,0.5242188642372697
Linear SVM,grouped_80_20,truthfulqa_000605_incorrect_1,truthfulqa,incorrect_answer,1,1,0.5174340588967887
Linear SVM,grouped_80_20,truthfulqa_000605_incorrect_2,truthfulqa,incorrect_answer,1,1,0.4407091272421453
Linear SVM,grouped_80_20,truthfulqa_000605_incorrect_3,truthfulqa,incorrect_answer,1,1,0.491933548016696
Linear SVM,grouped_80_20,truthfulqa_000610_correct_0,truthfulqa,correct_answer,0,0,-0.16532623997013104
Linear SVM,grouped_80_20,truthfulqa_000610_correct_1,truthfulqa,correct_answer,0,0,-0.39782556350617193
Linear SVM,grouped_80_20,truthfulqa_000610_correct_2,truthfulqa,correct_answer,0,0,-0.10402013379302294
Linear SVM,grouped_80_20,truthfulqa_000610_correct_3,truthfulqa,correct_answer,0,1,0.04935101494095136
Linear SVM,grouped_80_20,truthfulqa_000610_incorrect_0,truthfulqa,incorrect_answer,1,0,-0.03395080626486063
Linear SVM,grouped_80_20,truthfulqa_000610_incorrect_1,truthfulqa,incorrect_answer,1,1,0.13910483653369735
Linear SVM,grouped_80_20,truthfulqa_000610_incorrect_2,truthfulqa,incorrect_answer,1,0,-0.2331044817131178
Linear SVM,grouped_80_20,truthfulqa_000613_correct_0,truthfulqa,correct_answer,0,0,-0.0026698757469837964
Linear SVM,grouped_80_20,truthfulqa_000613_correct_1,truthfulqa,correct_answer,0,1,0.3099453979745006
Linear SVM,grouped_80_20,truthfulqa_000613_correct_2,truthfulqa,correct_answer,0,0,-0.3000646310113113
Linear SVM,grouped_80_20,truthfulqa_000613_correct_3,truthfulqa,correct_answer,0,1,0.09286993388108294
Linear SVM,grouped_80_20,truthfulqa_000613_incorrect_0,truthfulqa,incorrect_answer,1,1,0.3694829829860142
Linear SVM,grouped_80_20,truthfulqa_000613_incorrect_1,truthfulqa,incorrect_answer,1,1,0.10558092157883102
Linear SVM,grouped_80_20,truthfulqa_000613_incorrect_2,truthfulqa,incorrect_answer,1,1,0.1455017841600217
Linear SVM,grouped_80_20,truthfulqa_000618_correct_0,truthfulqa,correct_answer,0,0,-0.015417578147408822
Linear SVM,grouped_80_20,truthfulqa_000618_correct_1,truthfulqa,correct_answer,0,1,0.09757962632090335
Linear SVM,grouped_80_20,truthfulqa_000618_correct_2,truthfulqa,correct_answer,0,1,0.45665149039681063
Linear SVM,grouped_80_20,truthfulqa_000618_incorrect_0,truthfulqa,incorrect_answer,1,1,0.38365384273378467
Linear SVM,grouped_80_20,truthfulqa_000618_incorrect_1,truthfulqa,incorrect_answer,1,1,0.30327350779834295
Linear SVM,grouped_80_20,truthfulqa_000618_incorrect_2,truthfulqa,incorrect_answer,1,1,0.5093984238280175
Linear SVM,grouped_80_20,truthfulqa_000618_incorrect_3,truthfulqa,incorrect_answer,1,1,0.38273124451662544
Linear SVM,grouped_80_20,truthfulqa_000621_correct_0,truthfulqa,correct_answer,0,0,-0.13551528109921532
Linear SVM,grouped_80_20,truthfulqa_000621_correct_1,truthfulqa,correct_answer,0,0,-0.024949559997288095
Linear SVM,grouped_80_20,truthfulqa_000621_incorrect_0,truthfulqa,incorrect_answer,1,1,0.36856730146321803
Linear SVM,grouped_80_20,truthfulqa_000621_incorrect_1,truthfulqa,incorrect_answer,1,1,0.4237506855003875
Linear SVM,grouped_80_20,truthfulqa_000621_incorrect_2,truthfulqa,incorrect_answer,1,1,0.3150449982585317
Linear SVM,grouped_80_20,truthfulqa_000621_incorrect_3,truthfulqa,incorrect_answer,1,1,0.3087020291961286
Linear SVM,grouped_80_20,truthfulqa_000625_correct_0,truthfulqa,correct_answer,0,0,-0.170131100121263
Linear SVM,grouped_80_20,truthfulqa_000625_incorrect_0,truthfulqa,incorrect_answer,1,1,0.8640362364547469
Linear SVM,grouped_80_20,truthfulqa_000625_incorrect_1,truthfulqa,incorrect_answer,1,1,0.6866560141574235
Linear SVM,grouped_80_20,truthfulqa_000625_incorrect_2,truthfulqa,incorrect_answer,1,1,0.8597607990994692
Linear SVM,grouped_80_20,truthfulqa_000625_incorrect_3,truthfulqa,incorrect_answer,1,1,0.8558071833386196
Linear SVM,grouped_80_20,truthfulqa_000633_correct_0,truthfulqa,correct_answer,0,0,-0.05710189715811029
Linear SVM,grouped_80_20,truthfulqa_000633_correct_1,truthfulqa,correct_answer,0,1,0.1135984550802554
Linear SVM,grouped_80_20,truthfulqa_000633_incorrect_0,truthfulqa,incorrect_answer,1,1,0.17460109138918029
Linear SVM,grouped_80_20,truthfulqa_000633_incorrect_1,truthfulqa,incorrect_answer,1,1,0.28628848631828946
Linear SVM,grouped_80_20,truthfulqa_000633_incorrect_2,truthfulqa,incorrect_answer,1,0,-0.13922407338936757
Linear SVM,grouped_80_20,truthfulqa_000633_incorrect_3,truthfulqa,incorrect_answer,1,1,0.023521419523223883
Linear SVM,grouped_80_20,truthfulqa_000633_incorrect_4,truthfulqa,incorrect_answer,1,0,-0.1578786097510795
Linear SVM,grouped_80_20,truthfulqa_000637_correct_0,truthfulqa,correct_answer,0,1,0.14572905381179585
Linear SVM,grouped_80_20,truthfulqa_000637_correct_1,truthfulqa,correct_answer,0,0,-0.041530906844391535
Linear SVM,grouped_80_20,truthfulqa_000637_correct_2,truthfulqa,correct_answer,0,0,-0.3543161826035911
Linear SVM,grouped_80_20,truthfulqa_000637_incorrect_0,truthfulqa,incorrect_answer,1,0,-0.31791990202513687
Linear SVM,grouped_80_20,truthfulqa_000637_incorrect_1,truthfulqa,incorrect_answer,1,0,-0.2691052867811695
Linear SVM,grouped_80_20,truthfulqa_000637_incorrect_2,truthfulqa,incorrect_answer,1,0,-0.1722714400430255
Linear SVM,grouped_80_20,truthfulqa_000641_correct_0,truthfulqa,correct_answer,0,1,0.2987136754127545
Linear SVM,grouped_80_20,truthfulqa_000641_correct_1,truthfulqa,correct_answer,0,0,-0.08949937093502558
Linear SVM,grouped_80_20,truthfulqa_000641_correct_2,truthfulqa,correct_answer,0,0,-0.10388883378330474
Linear SVM,grouped_80_20,truthfulqa_000641_incorrect_0,truthfulqa,incorrect_answer,1,0,-0.24886163304658712
Linear SVM,grouped_80_20,truthfulqa_000641_incorrect_1,truthfulqa,incorrect_answer,1,0,-0.062250816883010124
Linear SVM,grouped_80_20,truthfulqa_000641_incorrect_2,truthfulqa,incorrect_answer,1,0,-0.2977121123027614
Linear SVM,grouped_80_20,truthfulqa_000641_incorrect_3,truthfulqa,incorrect_answer,1,0,-0.14620120247687282
Linear SVM,grouped_80_20,truthfulqa_000643_correct_0,truthfulqa,correct_answer,0,1,0.4219255468139127
Linear SVM,grouped_80_20,truthfulqa_000643_correct_1,truthfulqa,correct_answer,0,1,0.10040343430958854
Linear SVM,grouped_80_20,truthfulqa_000643_correct_2,truthfulqa,correct_answer,0,1,0.36377476305726536
Linear SVM,grouped_80_20,truthfulqa_000643_correct_3,truthfulqa,correct_answer,0,1,0.27696202668759967
Linear SVM,grouped_80_20,truthfulqa_000643_incorrect_0,truthfulqa,incorrect_answer,1,1,0.27124406071246976
Linear SVM,grouped_80_20,truthfulqa_000643_incorrect_1,truthfulqa,incorrect_answer,1,0,-0.012691722788464282
Linear SVM,grouped_80_20,truthfulqa_000643_incorrect_2,truthfulqa,incorrect_answer,1,0,-0.2179847212222896
Linear SVM,grouped_80_20,truthfulqa_000649_correct_0,truthfulqa,correct_answer,0,1,0.2345161992729463
Linear SVM,grouped_80_20,truthfulqa_000649_correct_1,truthfulqa,correct_answer,0,0,-0.05451360592015489
Linear SVM,grouped_80_20,truthfulqa_000649_correct_2,truthfulqa,correct_answer,0,0,-0.1027531276513319
Linear SVM,grouped_80_20,truthfulqa_000649_correct_3,truthfulqa,correct_answer,0,0,-0.0014981677381145087
Linear SVM,grouped_80_20,truthfulqa_000649_incorrect_0,truthfulqa,incorrect_answer,1,1,0.03641804852751712
Linear SVM,grouped_80_20,truthfulqa_000649_incorrect_1,truthfulqa,incorrect_answer,1,1,0.050165333401372136
Linear SVM,grouped_80_20,truthfulqa_000649_incorrect_2,truthfulqa,incorrect_answer,1,1,0.2361305780668022
Linear SVM,grouped_80_20,truthfulqa_000649_incorrect_3,truthfulqa,incorrect_answer,1,1,0.26819413313780815
Linear SVM,grouped_80_20,truthfulqa_000651_correct_0,truthfulqa,correct_answer,0,1,0.12584583703389896
Linear SVM,grouped_80_20,truthfulqa_000651_correct_1,truthfulqa,correct_answer,0,0,-0.1369239819666018
Linear SVM,grouped_80_20,truthfulqa_000651_correct_2,truthfulqa,correct_answer,0,0,-0.5828610398098893
Linear SVM,grouped_80_20,truthfulqa_000651_incorrect_0,truthfulqa,incorrect_answer,1,1,0.4478347014285061
Linear SVM,grouped_80_20,truthfulqa_000651_incorrect_1,truthfulqa,incorrect_answer,1,1,0.31397667630888537
Linear SVM,grouped_80_20,truthfulqa_000651_incorrect_2,truthfulqa,incorrect_answer,1,1,0.483450873845528
Linear SVM,grouped_80_20,truthfulqa_000652_correct_0,truthfulqa,correct_answer,0,1,0.13427847648006958
Linear SVM,grouped_80_20,truthfulqa_000652_correct_1,truthfulqa,correct_answer,0,0,-0.11961929211680561
Linear SVM,grouped_80_20,truthfulqa_000652_correct_2,truthfulqa,correct_answer,0,0,-0.5716672912216134
Linear SVM,grouped_80_20,truthfulqa_000652_incorrect_0,truthfulqa,incorrect_answer,1,1,0.3881264009250971
Linear SVM,grouped_80_20,truthfulqa_000652_incorrect_1,truthfulqa,incorrect_answer,1,1,0.30544013500671485
Linear SVM,grouped_80_20,truthfulqa_000652_incorrect_2,truthfulqa,incorrect_answer,1,1,0.04136852214004136
Linear SVM,grouped_80_20,truthfulqa_000656_correct_0,truthfulqa,correct_answer,0,1,0.17204903874809765
Linear SVM,grouped_80_20,truthfulqa_000656_correct_1,truthfulqa,correct_answer,0,0,-0.35806901723783613
Linear SVM,grouped_80_20,truthfulqa_000656_correct_2,truthfulqa,correct_answer,0,0,-0.43515954473651275
Linear SVM,grouped_80_20,truthfulqa_000656_incorrect_0,truthfulqa,incorrect_answer,1,1,0.4075826673007039
Linear SVM,grouped_80_20,truthfulqa_000656_incorrect_1,truthfulqa,incorrect_answer,1,1,0.21073978102142432
Linear SVM,grouped_80_20,truthfulqa_000662_correct_0,truthfulqa,correct_answer,0,1,0.42635399131399065
Linear SVM,grouped_80_20,truthfulqa_000662_correct_1,truthfulqa,correct_answer,0,0,-0.435903596443188
Linear SVM,grouped_80_20,truthfulqa_000662_incorrect_0,truthfulqa,incorrect_answer,1,1,0.38855388031175997
Linear SVM,grouped_80_20,truthfulqa_000662_incorrect_1,truthfulqa,incorrect_answer,1,1,0.17365226850338122
Linear SVM,grouped_80_20,truthfulqa_000662_incorrect_2,truthfulqa,incorrect_answer,1,1,0.12154902086444232
Linear SVM,grouped_80_20,truthfulqa_000666_correct_0,truthfulqa,correct_answer,0,0,-0.41539812239115914
Linear SVM,grouped_80_20,truthfulqa_000666_correct_1,truthfulqa,correct_answer,0,0,-0.3419594782473572
Linear SVM,grouped_80_20,truthfulqa_000666_correct_2,truthfulqa,correct_answer,0,0,-0.5955872913551724
Linear SVM,grouped_80_20,truthfulqa_000666_correct_3,truthfulqa,correct_answer,0,1,0.3068768966266896
Linear SVM,grouped_80_20,truthfulqa_000666_incorrect_0,truthfulqa,incorrect_answer,1,1,0.5259797346726112
Linear SVM,grouped_80_20,truthfulqa_000666_incorrect_1,truthfulqa,incorrect_answer,1,0,-0.015522892517477654
Linear SVM,grouped_80_20,truthfulqa_000667_correct_0,truthfulqa,correct_answer,0,1,0.6136813407931553
Linear SVM,grouped_80_20,truthfulqa_000667_correct_1,truthfulqa,correct_answer,0,0,-0.004848634661726553
Linear SVM,grouped_80_20,truthfulqa_000667_incorrect_0,truthfulqa,incorrect_answer,1,1,0.6156838451021096
Linear SVM,grouped_80_20,truthfulqa_000667_incorrect_1,truthfulqa,incorrect_answer,1,1,0.13584328011931493
Linear SVM,grouped_80_20,truthfulqa_000670_correct_0,truthfulqa,correct_answer,0,1,0.3560056884049615
Linear SVM,grouped_80_20,truthfulqa_000670_correct_1,truthfulqa,correct_answer,0,1,0.2104610770397268
Linear SVM,grouped_80_20,truthfulqa_000670_correct_2,truthfulqa,correct_answer,0,1,0.13797013600458344
Linear SVM,grouped_80_20,truthfulqa_000670_correct_3,truthfulqa,correct_answer,0,0,-0.04447637356497622
Linear SVM,grouped_80_20,truthfulqa_000670_correct_4,truthfulqa,correct_answer,0,0,-0.0795842914917807
Linear SVM,grouped_80_20,truthfulqa_000670_incorrect_0,truthfulqa,incorrect_answer,1,1,0.40134639040103015
Linear SVM,grouped_80_20,truthfulqa_000671_correct_0,truthfulqa,correct_answer,0,0,-0.4688567300121298
Linear SVM,grouped_80_20,truthfulqa_000671_correct_1,truthfulqa,correct_answer,0,0,-0.05129458218464125
Linear SVM,grouped_80_20,truthfulqa_000671_correct_2,truthfulqa,correct_answer,0,0,-0.3438653439859878
Linear SVM,grouped_80_20,truthfulqa_000671_incorrect_0,truthfulqa,incorrect_answer,1,0,-0.3355910685769665
Linear SVM,grouped_80_20,truthfulqa_000675_correct_0,truthfulqa,correct_answer,0,1,0.26383991597867745
Linear SVM,grouped_80_20,truthfulqa_000675_correct_1,truthfulqa,correct_answer,0,0,-0.13719050601466762
Linear SVM,grouped_80_20,truthfulqa_000675_correct_2,truthfulqa,correct_answer,0,0,-0.4860266981216037
Linear SVM,grouped_80_20,truthfulqa_000675_incorrect_0,truthfulqa,incorrect_answer,1,0,-0.14481660033466456
Linear SVM,grouped_80_20,truthfulqa_000675_incorrect_1,truthfulqa,incorrect_answer,1,1,0.02370624300918929
Linear SVM,grouped_80_20,truthfulqa_000675_incorrect_2,truthfulqa,incorrect_answer,1,1,0.000951547028570171
Linear SVM,grouped_80_20,truthfulqa_000678_correct_0,truthfulqa,correct_answer,0,1,0.22459367398826857
Linear SVM,grouped_80_20,truthfulqa_000678_correct_1,truthfulqa,correct_answer,0,1,0.48078950182606695
Linear SVM,grouped_80_20,truthfulqa_000678_correct_2,truthfulqa,correct_answer,0,1,0.3376346782007277
Linear SVM,grouped_80_20,truthfulqa_000678_correct_3,truthfulqa,correct_answer,0,0,-0.4057596333320239
Linear SVM,grouped_80_20,truthfulqa_000678_incorrect_0,truthfulqa,incorrect_answer,1,1,0.43313104339948194
Linear SVM,grouped_80_20,truthfulqa_000678_incorrect_1,truthfulqa,incorrect_answer,1,1,0.4234259601725704
Linear SVM,grouped_80_20,truthfulqa_000679_correct_0,truthfulqa,correct_answer,0,0,-0.05602373977270858
Linear SVM,grouped_80_20,truthfulqa_000679_correct_1,truthfulqa,correct_answer,0,1,0.45138304390634454
Linear SVM,grouped_80_20,truthfulqa_000679_correct_2,truthfulqa,correct_answer,0,1,0.2832972026534776
Linear SVM,grouped_80_20,truthfulqa_000679_incorrect_0,truthfulqa,incorrect_answer,1,1,0.39163892123202904
Linear SVM,grouped_80_20,truthfulqa_000679_incorrect_1,truthfulqa,incorrect_answer,1,1,0.28118692763819525
Linear SVM,grouped_80_20,truthfulqa_000679_incorrect_2,truthfulqa,incorrect_answer,1,1,0.49096290173470925
Linear SVM,grouped_80_20,truthfulqa_000679_incorrect_3,truthfulqa,incorrect_answer,1,1,0.4444756720391363
Linear SVM,grouped_80_20,truthfulqa_000679_incorrect_4,truthfulqa,incorrect_answer,1,1,0.4403093948477018
Linear SVM,grouped_80_20,truthfulqa_000679_incorrect_5,truthfulqa,incorrect_answer,1,1,0.4642362567100642
Linear SVM,grouped_80_20,truthfulqa_000679_incorrect_6,truthfulqa,incorrect_answer,1,1,0.44182302087679803
Linear SVM,grouped_80_20,truthfulqa_000688_correct_0,truthfulqa,correct_answer,0,1,0.1284576896992722
Linear SVM,grouped_80_20,truthfulqa_000688_correct_1,truthfulqa,correct_answer,0,0,-0.8657161521504911
Linear SVM,grouped_80_20,truthfulqa_000688_incorrect_0,truthfulqa,incorrect_answer,1,1,0.11616152509701662
Linear SVM,grouped_80_20,truthfulqa_000688_incorrect_1,truthfulqa,incorrect_answer,1,1,0.1861808813493399
Linear SVM,grouped_80_20,truthfulqa_000704_correct_0,truthfulqa,correct_answer,0,1,0.14678195395028706
Linear SVM,grouped_80_20,truthfulqa_000704_correct_1,truthfulqa,correct_answer,0,0,-0.2540532611675226
Linear SVM,grouped_80_20,truthfulqa_000704_incorrect_0,truthfulqa,incorrect_answer,1,1,0.377369479056206
Linear SVM,grouped_80_20,truthfulqa_000704_incorrect_1,truthfulqa,incorrect_answer,1,1,0.29545635654817526
Linear SVM,grouped_80_20,truthfulqa_000704_incorrect_2,truthfulqa,incorrect_answer,1,0,-0.4170511947661567
Linear SVM,grouped_80_20,truthfulqa_000705_correct_0,truthfulqa,correct_answer,0,1,0.17983220666791278
Linear SVM,grouped_80_20,truthfulqa_000705_incorrect_0,truthfulqa,incorrect_answer,1,1,0.15684923934102804
Linear SVM,grouped_80_20,truthfulqa_000705_incorrect_1,truthfulqa,incorrect_answer,1,0,-0.5130189695966132
Linear SVM,grouped_80_20,truthfulqa_000709_correct_0,truthfulqa,correct_answer,0,1,0.373109478653963
Linear SVM,grouped_80_20,truthfulqa_000709_correct_1,truthfulqa,correct_answer,0,1,0.6096474414531574
Linear SVM,grouped_80_20,truthfulqa_000709_correct_2,truthfulqa,correct_answer,0,0,-0.015625318623224638
Linear SVM,grouped_80_20,truthfulqa_000709_incorrect_0,truthfulqa,incorrect_answer,1,1,0.5605180337397946
Linear SVM,grouped_80_20,truthfulqa_000709_incorrect_1,truthfulqa,incorrect_answer,1,1,0.622478384085696
Linear SVM,grouped_80_20,truthfulqa_000709_incorrect_2,truthfulqa,incorrect_answer,1,1,0.6134990045955997
Linear SVM,grouped_80_20,truthfulqa_000709_incorrect_3,truthfulqa,incorrect_answer,1,1,0.16726991624538107
Linear SVM,grouped_80_20,truthfulqa_000712_correct_0,truthfulqa,correct_answer,0,1,0.06113945856699697
Linear SVM,grouped_80_20,truthfulqa_000712_correct_1,truthfulqa,correct_answer,0,1,0.09380712324603928
Linear SVM,grouped_80_20,truthfulqa_000712_correct_2,truthfulqa,correct_answer,0,1,0.10868658758138186
Linear SVM,grouped_80_20,truthfulqa_000712_incorrect_0,truthfulqa,incorrect_answer,1,1,0.24735788344548054
Linear SVM,grouped_80_20,truthfulqa_000712_incorrect_1,truthfulqa,incorrect_answer,1,1,0.3751210256306965
Linear SVM,grouped_80_20,truthfulqa_000712_incorrect_2,truthfulqa,incorrect_answer,1,1,0.2788463858383613
Linear SVM,grouped_80_20,truthfulqa_000718_correct_0,truthfulqa,correct_answer,0,1,0.15068771898299865
Linear SVM,grouped_80_20,truthfulqa_000718_correct_1,truthfulqa,correct_answer,0,0,-0.17617199222686689
Linear SVM,grouped_80_20,truthfulqa_000718_correct_2,truthfulqa,correct_answer,0,1,0.5451976191367973
Linear SVM,grouped_80_20,truthfulqa_000718_correct_3,truthfulqa,correct_answer,0,0,-0.132184298068292
Linear SVM,grouped_80_20,truthfulqa_000718_correct_4,truthfulqa,correct_answer,0,0,-0.2222465428459078
Linear SVM,grouped_80_20,truthfulqa_000718_incorrect_0,truthfulqa,incorrect_answer,1,1,0.0917853714335995
Linear SVM,grouped_80_20,truthfulqa_000718_incorrect_1,truthfulqa,incorrect_answer,1,0,-0.032540145044861524
Linear SVM,grouped_80_20,truthfulqa_000720_correct_0,truthfulqa,correct_answer,0,1,0.12439535994714063
Linear SVM,grouped_80_20,truthfulqa_000720_correct_1,truthfulqa,correct_answer,0,1,0.07887676759916712
Linear SVM,grouped_80_20,truthfulqa_000720_correct_2,truthfulqa,correct_answer,0,1,0.2850398177415201
Linear SVM,grouped_80_20,truthfulqa_000720_incorrect_0,truthfulqa,incorrect_answer,1,1,0.11898142623667587
Linear SVM,grouped_80_20,truthfulqa_000720_incorrect_1,truthfulqa,incorrect_answer,1,1,0.26000573127416715
Linear SVM,grouped_80_20,truthfulqa_000720_incorrect_2,truthfulqa,incorrect_answer,1,1,0.26873015450532567
Linear SVM,grouped_80_20,truthfulqa_000728_correct_0,truthfulqa,correct_answer,0,0,-0.05938835078513588
Linear SVM,grouped_80_20,truthfulqa_000728_correct_1,truthfulqa,correct_answer,0,0,-0.07837703952997424
Linear SVM,grouped_80_20,truthfulqa_000728_incorrect_0,truthfulqa,incorrect_answer,1,1,0.3240892812649951
Linear SVM,grouped_80_20,truthfulqa_000728_incorrect_1,truthfulqa,incorrect_answer,1,1,0.3339383066619731
Linear SVM,grouped_80_20,truthfulqa_000728_incorrect_2,truthfulqa,incorrect_answer,1,1,0.2961618933398148
Linear SVM,grouped_80_20,truthfulqa_000730_correct_0,truthfulqa,correct_answer,0,1,0.26307014398604645
Linear SVM,grouped_80_20,truthfulqa_000730_correct_1,truthfulqa,correct_answer,0,1,0.019931086650196286
Linear SVM,grouped_80_20,truthfulqa_000730_correct_2,truthfulqa,correct_answer,0,1,0.10458819242654592
Linear SVM,grouped_80_20,truthfulqa_000730_incorrect_0,truthfulqa,incorrect_answer,1,1,0.26900776932816484
Linear SVM,grouped_80_20,truthfulqa_000730_incorrect_1,truthfulqa,incorrect_answer,1,1,0.26900776932816484
Linear SVM,grouped_80_20,truthfulqa_000735_correct_0,truthfulqa,correct_answer,0,0,-0.0809784423362006
Linear SVM,grouped_80_20,truthfulqa_000735_correct_1,truthfulqa,correct_answer,0,0,-0.7043692633421365
Linear SVM,grouped_80_20,truthfulqa_000735_correct_2,truthfulqa,correct_answer,0,1,0.2075170566292902
Linear SVM,grouped_80_20,truthfulqa_000735_incorrect_0,truthfulqa,incorrect_answer,1,1,0.15452216917181816
Linear SVM,grouped_80_20,truthfulqa_000735_incorrect_1,truthfulqa,incorrect_answer,1,1,0.09442665883709786
Linear SVM,grouped_80_20,truthfulqa_000737_correct_0,truthfulqa,correct_answer,0,0,-0.2977923982224019
Linear SVM,grouped_80_20,truthfulqa_000737_correct_1,truthfulqa,correct_answer,0,0,-0.542343213774398
Linear SVM,grouped_80_20,truthfulqa_000737_correct_2,truthfulqa,correct_answer,0,0,-0.8193938219332112
Linear SVM,grouped_80_20,truthfulqa_000737_incorrect_0,truthfulqa,incorrect_answer,1,1,0.24849939762353973
Linear SVM,grouped_80_20,truthfulqa_000737_incorrect_1,truthfulqa,incorrect_answer,1,0,-0.1923279400259061
Linear SVM,grouped_80_20,truthfulqa_000739_correct_0,truthfulqa,correct_answer,0,1,0.39552499718268674
Linear SVM,grouped_80_20,truthfulqa_000739_correct_1,truthfulqa,correct_answer,0,1,0.35313848380091445
Linear SVM,grouped_80_20,truthfulqa_000739_incorrect_0,truthfulqa,incorrect_answer,1,1,0.5265269527651488
Linear SVM,grouped_80_20,truthfulqa_000739_incorrect_1,truthfulqa,incorrect_answer,1,1,0.3008542260767327
Linear SVM,grouped_80_20,truthfulqa_000740_correct_0,truthfulqa,correct_answer,0,1,0.3460666022732979
Linear SVM,grouped_80_20,truthfulqa_000740_incorrect_0,truthfulqa,incorrect_answer,1,1,0.40636752085053274
Linear SVM,grouped_80_20,truthfulqa_000753_correct_0,truthfulqa,correct_answer,0,0,-0.03193658379503783
Linear SVM,grouped_80_20,truthfulqa_000753_correct_1,truthfulqa,correct_answer,0,0,-0.18837092848134548
Linear SVM,grouped_80_20,truthfulqa_000753_correct_2,truthfulqa,correct_answer,0,0,-0.3013779485042666
Linear SVM,grouped_80_20,truthfulqa_000753_incorrect_0,truthfulqa,incorrect_answer,1,1,0.570298320716842
Linear SVM,grouped_80_20,truthfulqa_000761_correct_0,truthfulqa,correct_answer,0,1,0.006214883722171882
Linear SVM,grouped_80_20,truthfulqa_000761_correct_1,truthfulqa,correct_answer,0,1,0.39203717714073927
Linear SVM,grouped_80_20,truthfulqa_000761_correct_2,truthfulqa,correct_answer,0,0,-0.33767654558563354
Linear SVM,grouped_80_20,truthfulqa_000761_incorrect_0,truthfulqa,incorrect_answer,1,1,0.35852002913130887
Linear SVM,grouped_80_20,truthfulqa_000761_incorrect_1,truthfulqa,incorrect_answer,1,0,-0.19718087972419326
Linear SVM,grouped_80_20,truthfulqa_000761_incorrect_2,truthfulqa,incorrect_answer,1,0,-0.3338106207205971
Linear SVM,grouped_80_20,truthfulqa_000761_incorrect_3,truthfulqa,incorrect_answer,1,0,-0.021577320359512847
Linear SVM,grouped_80_20,truthfulqa_000765_correct_0,truthfulqa,correct_answer,0,1,0.29120917439588917
Linear SVM,grouped_80_20,truthfulqa_000765_correct_1,truthfulqa,correct_answer,0,0,-0.1783284726364253
Linear SVM,grouped_80_20,truthfulqa_000765_correct_2,truthfulqa,correct_answer,0,0,-0.06367286994984137
Linear SVM,grouped_80_20,truthfulqa_000765_incorrect_0,truthfulqa,incorrect_answer,1,1,0.2860479815344893
Linear SVM,grouped_80_20,truthfulqa_000765_incorrect_1,truthfulqa,incorrect_answer,1,1,0.284792572258361
Linear SVM,grouped_80_20,truthfulqa_000765_incorrect_2,truthfulqa,incorrect_answer,1,1,0.31893702795644485
Linear SVM,grouped_80_20,truthfulqa_000765_incorrect_3,truthfulqa,incorrect_answer,1,1,0.10905513371036202
Linear SVM,grouped_80_20,truthfulqa_000765_incorrect_4,truthfulqa,incorrect_answer,1,1,0.06721720616634916
Linear SVM,grouped_80_20,truthfulqa_000767_correct_0,truthfulqa,correct_answer,0,1,0.1922780114237214
Linear SVM,grouped_80_20,truthfulqa_000767_correct_1,truthfulqa,correct_answer,0,1,0.23771812896007571
Linear SVM,grouped_80_20,truthfulqa_000767_incorrect_0,truthfulqa,incorrect_answer,1,1,0.05997731636308995
Linear SVM,grouped_80_20,truthfulqa_000767_incorrect_1,truthfulqa,incorrect_answer,1,0,-0.1336731003790971
Linear SVM,grouped_80_20,truthfulqa_000772_correct_0,truthfulqa,correct_answer,0,1,0.3415002391353678
Linear SVM,grouped_80_20,truthfulqa_000772_incorrect_0,truthfulqa,incorrect_answer,1,1,0.2780928550452649
Linear SVM,grouped_80_20,truthfulqa_000772_incorrect_1,truthfulqa,incorrect_answer,1,1,0.09123607409164612
Linear SVM,grouped_80_20,truthfulqa_000775_correct_0,truthfulqa,correct_answer,0,1,0.41597968906400806
Linear SVM,grouped_80_20,truthfulqa_000775_correct_1,truthfulqa,correct_answer,0,1,0.47030001567841206
Linear SVM,grouped_80_20,truthfulqa_000775_correct_2,truthfulqa,correct_answer,0,1,0.3476343341636871
Linear SVM,grouped_80_20,truthfulqa_000775_correct_3,truthfulqa,correct_answer,0,1,0.2715110701803053
Linear SVM,grouped_80_20,truthfulqa_000775_incorrect_0,truthfulqa,incorrect_answer,1,1,0.289239499465232
Linear SVM,grouped_80_20,truthfulqa_000775_incorrect_1,truthfulqa,incorrect_answer,1,1,0.3951678239716775
Linear SVM,grouped_80_20,truthfulqa_000775_incorrect_2,truthfulqa,incorrect_answer,1,1,0.16109804266099972
Linear SVM,grouped_80_20,truthfulqa_000775_incorrect_3,truthfulqa,incorrect_answer,1,1,0.16646496991816256
Linear SVM,grouped_80_20,truthfulqa_000777_correct_0,truthfulqa,correct_answer,0,1,0.07414485870972884
Linear SVM,grouped_80_20,truthfulqa_000777_correct_1,truthfulqa,correct_answer,0,0,-0.13135179220968266
Linear SVM,grouped_80_20,truthfulqa_000777_correct_2,truthfulqa,correct_answer,0,0,-0.1773302992629094
Linear SVM,grouped_80_20,truthfulqa_000777_correct_3,truthfulqa,correct_answer,0,1,0.17752384479881061
Linear SVM,grouped_80_20,truthfulqa_000777_incorrect_0,truthfulqa,incorrect_answer,1,1,0.1956655449751476
Linear SVM,grouped_80_20,truthfulqa_000777_incorrect_1,truthfulqa,incorrect_answer,1,1,0.013351586347740516
Linear SVM,grouped_80_20,truthfulqa_000777_incorrect_2,truthfulqa,incorrect_answer,1,1,0.05288161771504453
Linear SVM,grouped_80_20,truthfulqa_000777_incorrect_3,truthfulqa,incorrect_answer,1,1,0.05288161771504453
Linear SVM,grouped_80_20,truthfulqa_000781_correct_0,truthfulqa,correct_answer,0,0,-0.016874701872077763
Linear SVM,grouped_80_20,truthfulqa_000781_correct_1,truthfulqa,correct_answer,0,1,0.4669519863458321
Linear SVM,grouped_80_20,truthfulqa_000781_incorrect_0,truthfulqa,incorrect_answer,1,1,0.46954109405308175
Linear SVM,grouped_80_20,truthfulqa_000793_correct_0,truthfulqa,correct_answer,0,1,0.08517236357413663
Linear SVM,grouped_80_20,truthfulqa_000793_correct_1,truthfulqa,correct_answer,0,0,-0.08273277360225384
Linear SVM,grouped_80_20,truthfulqa_000793_correct_2,truthfulqa,correct_answer,0,1,0.023561533832629572
Linear SVM,grouped_80_20,truthfulqa_000793_incorrect_0,truthfulqa,incorrect_answer,1,1,0.6051741473631889
Linear SVM,grouped_80_20,truthfulqa_000793_incorrect_1,truthfulqa,incorrect_answer,1,1,0.7284465095425697
Linear SVM,grouped_80_20,truthfulqa_000793_incorrect_2,truthfulqa,incorrect_answer,1,1,0.8032219402120707
Linear SVM,grouped_80_20,truthfulqa_000793_incorrect_3,truthfulqa,incorrect_answer,1,1,0.7557791432893397
Linear SVM,grouped_80_20,truthfulqa_000803_correct_0,truthfulqa,correct_answer,0,1,0.37684214076980227
Linear SVM,grouped_80_20,truthfulqa_000803_correct_1,truthfulqa,correct_answer,0,1,0.11258959061516766
Linear SVM,grouped_80_20,truthfulqa_000803_incorrect_0,truthfulqa,incorrect_answer,1,1,0.23064942488015944
Linear SVM,grouped_80_20,truthfulqa_000803_incorrect_1,truthfulqa,incorrect_answer,1,1,0.03671988332128061
Linear SVM,grouped_80_20,truthfulqa_000803_incorrect_2,truthfulqa,incorrect_answer,1,0,-0.1809072439940683
Linear SVM,grouped_80_20,truthfulqa_000804_correct_0,truthfulqa,correct_answer,0,1,0.09711682359380341
Linear SVM,grouped_80_20,truthfulqa_000804_correct_1,truthfulqa,correct_answer,0,1,0.04648286099938875
Linear SVM,grouped_80_20,truthfulqa_000804_correct_2,truthfulqa,correct_answer,0,0,-0.03207361359134464
Linear SVM,grouped_80_20,truthfulqa_000804_correct_3,truthfulqa,correct_answer,0,1,0.0929214829088667
Linear SVM,grouped_80_20,truthfulqa_000804_incorrect_0,truthfulqa,incorrect_answer,1,1,0.0987053631361349
Linear SVM,grouped_80_20,truthfulqa_000804_incorrect_1,truthfulqa,incorrect_answer,1,1,0.04021449311731437
Linear SVM,grouped_80_20,truthfulqa_000804_incorrect_2,truthfulqa,incorrect_answer,1,1,0.05237409125788847
Linear SVM,grouped_80_20,truthfulqa_000804_incorrect_3,truthfulqa,incorrect_answer,1,1,0.0012129751921872434
Linear SVM,grouped_80_20,truthfulqa_000804_incorrect_4,truthfulqa,incorrect_answer,1,1,0.05331603967925616
Linear SVM,grouped_80_20,truthfulqa_000812_correct_0,truthfulqa,correct_answer,0,0,-0.22391613807583796
Linear SVM,grouped_80_20,truthfulqa_000812_incorrect_0,truthfulqa,incorrect_answer,1,0,-0.19200118758597454
Linear SVM,grouped_80_20,truthfulqa_000812_incorrect_1,truthfulqa,incorrect_answer,1,0,-0.11146991597677267
Linear SVM,grouped_80_20,truthfulqa_000812_incorrect_2,truthfulqa,incorrect_answer,1,0,-0.18364720630257972
Linear SVM,grouped_80_20,truthfulqa_000812_incorrect_3,truthfulqa,incorrect_answer,1,0,-0.24028117651776684
Linear SVM,grouped_80_20,truthfulqa_000812_incorrect_4,truthfulqa,incorrect_answer,1,0,-0.05424136053283615
Linear SVM,grouped_80_20,truthfulqa_000813_correct_0,truthfulqa,correct_answer,0,1,0.18887696743680063
Linear SVM,grouped_80_20,truthfulqa_000813_incorrect_0,truthfulqa,incorrect_answer,1,1,0.21760847051412854
Linear SVM,grouped_80_20,truthfulqa_000813_incorrect_1,truthfulqa,incorrect_answer,1,1,0.20312446504887358
Linear SVM,grouped_80_20,truthfulqa_000813_incorrect_2,truthfulqa,incorrect_answer,1,1,0.20767526399038158
Linear SVM,grouped_80_20,truthfulqa_000813_incorrect_3,truthfulqa,incorrect_answer,1,1,0.16112061977870776
Linear SVM,grouped_80_20,truthfulqa_000813_incorrect_4,truthfulqa,incorrect_answer,1,1,0.2308455117557047
Linear SVM,grouped_80_20,truthfulqa_000813_incorrect_5,truthfulqa,incorrect_answer,1,1,0.22114169054335137
Random Forest,grouped_80_20,truthfulqa_000002_correct_0,truthfulqa,correct_answer,0,0,0.38666666666666666
Random Forest,grouped_80_20,truthfulqa_000002_correct_1,truthfulqa,correct_answer,0,1,0.5333333333333333
Random Forest,grouped_80_20,truthfulqa_000002_correct_2,truthfulqa,correct_answer,0,0,0.38333333333333336
Random Forest,grouped_80_20,truthfulqa_000002_correct_3,truthfulqa,correct_answer,0,0,0.24
Random Forest,grouped_80_20,truthfulqa_000002_incorrect_0,truthfulqa,incorrect_answer,1,0,0.5
Random Forest,grouped_80_20,truthfulqa_000002_incorrect_1,truthfulqa,incorrect_answer,1,1,0.75
Random Forest,grouped_80_20,truthfulqa_000002_incorrect_2,truthfulqa,incorrect_answer,1,0,0.47
Random Forest,grouped_80_20,truthfulqa_000005_correct_0,truthfulqa,correct_answer,0,1,0.5933333333333334
Random Forest,grouped_80_20,truthfulqa_000005_correct_1,truthfulqa,correct_answer,0,0,0.3
Random Forest,grouped_80_20,truthfulqa_000005_correct_2,truthfulqa,correct_answer,0,1,0.5066666666666667
Random Forest,grouped_80_20,truthfulqa_000005_incorrect_0,truthfulqa,incorrect_answer,1,1,0.6366666666666667
Random Forest,grouped_80_20,truthfulqa_000005_incorrect_1,truthfulqa,incorrect_answer,1,0,0.42
Random Forest,grouped_80_20,truthfulqa_000005_incorrect_2,truthfulqa,incorrect_answer,1,1,0.7766666666666666
Random Forest,grouped_80_20,truthfulqa_000007_correct_0,truthfulqa,correct_answer,0,0,0.44666666666666666
Random Forest,grouped_80_20,truthfulqa_000007_correct_1,truthfulqa,correct_answer,0,0,0.49333333333333335
Random Forest,grouped_80_20,truthfulqa_000007_correct_2,truthfulqa,correct_answer,0,1,0.54
Random Forest,grouped_80_20,truthfulqa_000007_correct_3,truthfulqa,correct_answer,0,0,0.45
Random Forest,grouped_80_20,truthfulqa_000007_incorrect_0,truthfulqa,incorrect_answer,1,1,0.7033333333333334
Random Forest,grouped_80_20,truthfulqa_000007_incorrect_1,truthfulqa,incorrect_answer,1,0,0.48442582865027484
Random Forest,grouped_80_20,truthfulqa_000007_incorrect_2,truthfulqa,incorrect_answer,1,1,0.54
Random Forest,grouped_80_20,truthfulqa_000007_incorrect_3,truthfulqa,incorrect_answer,1,1,0.6
Random Forest,grouped_80_20,truthfulqa_000010_correct_0,truthfulqa,correct_answer,0,1,0.5033333333333333
Random Forest,grouped_80_20,truthfulqa_000010_incorrect_0,truthfulqa,incorrect_answer,1,1,0.53
Random Forest,grouped_80_20,truthfulqa_000010_incorrect_1,truthfulqa,incorrect_answer,1,0,0.44666666666666666
Random Forest,grouped_80_20,truthfulqa_000010_incorrect_2,truthfulqa,incorrect_answer,1,1,0.56
Random Forest,grouped_80_20,truthfulqa_000023_correct_0,truthfulqa,correct_answer,0,1,0.55
Random Forest,grouped_80_20,truthfulqa_000023_correct_1,truthfulqa,correct_answer,0,0,0.33666666666666667
Random Forest,grouped_80_20,truthfulqa_000023_incorrect_0,truthfulqa,incorrect_answer,1,1,0.7966666666666666
Random Forest,grouped_80_20,truthfulqa_000023_incorrect_1,truthfulqa,incorrect_answer,1,0,0.38
Random Forest,grouped_80_20,truthfulqa_000029_correct_0,truthfulqa,correct_answer,0,1,0.5333333333333333
Random Forest,grouped_80_20,truthfulqa_000029_correct_1,truthfulqa,correct_answer,0,0,0.17
Random Forest,grouped_80_20,truthfulqa_000029_incorrect_0,truthfulqa,incorrect_answer,1,1,0.7466666666666667
Random Forest,grouped_80_20,truthfulqa_000029_incorrect_1,truthfulqa,incorrect_answer,1,1,0.59
Random Forest,grouped_80_20,truthfulqa_000029_incorrect_2,truthfulqa,incorrect_answer,1,1,0.7566666666666667
Random Forest,grouped_80_20,truthfulqa_000029_incorrect_3,truthfulqa,incorrect_answer,1,1,0.76
Random Forest,grouped_80_20,truthfulqa_000030_correct_0,truthfulqa,correct_answer,0,1,0.5566666666666666
Random Forest,grouped_80_20,truthfulqa_000030_correct_1,truthfulqa,correct_answer,0,0,0.44
Random Forest,grouped_80_20,truthfulqa_000030_incorrect_0,truthfulqa,incorrect_answer,1,0,0.4633333333333333
Random Forest,grouped_80_20,truthfulqa_000030_incorrect_1,truthfulqa,incorrect_answer,1,0,0.3233333333333333
Random Forest,grouped_80_20,truthfulqa_000030_incorrect_2,truthfulqa,incorrect_answer,1,1,0.6233333333333333
Random Forest,grouped_80_20,truthfulqa_000031_correct_0,truthfulqa,correct_answer,0,0,0.36666666666666664
Random Forest,grouped_80_20,truthfulqa_000031_correct_1,truthfulqa,correct_answer,0,1,0.5666666666666667
Random Forest,grouped_80_20,truthfulqa_000031_incorrect_0,truthfulqa,incorrect_answer,1,1,0.57
Random Forest,grouped_80_20,truthfulqa_000031_incorrect_1,truthfulqa,incorrect_answer,1,1,0.5415180536653393
Random Forest,grouped_80_20,truthfulqa_000031_incorrect_2,truthfulqa,incorrect_answer,1,1,0.5966666666666667
Random Forest,grouped_80_20,truthfulqa_000031_incorrect_3,truthfulqa,incorrect_answer,1,1,0.5233333333333333
Random Forest,grouped_80_20,truthfulqa_000031_incorrect_4,truthfulqa,incorrect_answer,1,1,0.58
Random Forest,grouped_80_20,truthfulqa_000031_incorrect_5,truthfulqa,incorrect_answer,1,1,0.6266666666666667
Random Forest,grouped_80_20,truthfulqa_000033_correct_0,truthfulqa,correct_answer,0,1,0.57
Random Forest,grouped_80_20,truthfulqa_000033_correct_1,truthfulqa,correct_answer,0,1,0.5833333333333334
Random Forest,grouped_80_20,truthfulqa_000033_correct_2,truthfulqa,correct_answer,0,1,0.66
Random Forest,grouped_80_20,truthfulqa_000033_correct_3,truthfulqa,correct_answer,0,1,0.7133333333333334
Random Forest,grouped_80_20,truthfulqa_000033_correct_4,truthfulqa,correct_answer,0,1,0.6233333333333333
Random Forest,grouped_80_20,truthfulqa_000033_correct_5,truthfulqa,correct_answer,0,0,0.4033333333333333
Random Forest,grouped_80_20,truthfulqa_000033_correct_6,truthfulqa,correct_answer,0,0,0.4666666666666667
Random Forest,grouped_80_20,truthfulqa_000033_incorrect_0,truthfulqa,incorrect_answer,1,1,0.5933333333333334
Random Forest,grouped_80_20,truthfulqa_000033_incorrect_1,truthfulqa,incorrect_answer,1,1,0.6466666666666666
Random Forest,grouped_80_20,truthfulqa_000033_incorrect_2,truthfulqa,incorrect_answer,1,1,0.5366666666666666
Random Forest,grouped_80_20,truthfulqa_000033_incorrect_3,truthfulqa,incorrect_answer,1,1,0.72
Random Forest,grouped_80_20,truthfulqa_000033_incorrect_4,truthfulqa,incorrect_answer,1,1,0.5733333333333334
Random Forest,grouped_80_20,truthfulqa_000033_incorrect_5,truthfulqa,incorrect_answer,1,1,0.6333333333333333
Random Forest,grouped_80_20,truthfulqa_000033_incorrect_6,truthfulqa,incorrect_answer,1,1,0.6066666666666667
Random Forest,grouped_80_20,truthfulqa_000033_incorrect_7,truthfulqa,incorrect_answer,1,1,0.57
Random Forest,grouped_80_20,truthfulqa_000033_incorrect_8,truthfulqa,incorrect_answer,1,1,0.7066666666666667
Random Forest,grouped_80_20,truthfulqa_000039_correct_0,truthfulqa,correct_answer,0,1,0.6766666666666666
Random Forest,grouped_80_20,truthfulqa_000039_correct_1,truthfulqa,correct_answer,0,1,0.5466666666666666
Random Forest,grouped_80_20,truthfulqa_000039_correct_2,truthfulqa,correct_answer,0,1,0.6066666666666667
Random Forest,grouped_80_20,truthfulqa_000039_correct_3,truthfulqa,correct_answer,0,1,0.5466666666666666
Random Forest,grouped_80_20,truthfulqa_000039_correct_4,truthfulqa,correct_answer,0,1,0.6166666666666667
Random Forest,grouped_80_20,truthfulqa_000039_incorrect_0,truthfulqa,incorrect_answer,1,1,0.5166666666666667
Random Forest,grouped_80_20,truthfulqa_000039_incorrect_1,truthfulqa,incorrect_answer,1,1,0.7866666666666666
Random Forest,grouped_80_20,truthfulqa_000039_incorrect_2,truthfulqa,incorrect_answer,1,1,0.59
Random Forest,grouped_80_20,truthfulqa_000039_incorrect_3,truthfulqa,incorrect_answer,1,1,0.6966666666666667
Random Forest,grouped_80_20,truthfulqa_000039_incorrect_4,truthfulqa,incorrect_answer,1,1,0.5233333333333333
Random Forest,grouped_80_20,truthfulqa_000049_correct_0,truthfulqa,correct_answer,0,0,0.33
Random Forest,grouped_80_20,truthfulqa_000049_correct_1,truthfulqa,correct_answer,0,1,0.6133333333333333
Random Forest,grouped_80_20,truthfulqa_000049_correct_2,truthfulqa,correct_answer,0,0,0.44333333333333336
Random Forest,grouped_80_20,truthfulqa_000049_incorrect_0,truthfulqa,incorrect_answer,1,1,0.6566666666666666
Random Forest,grouped_80_20,truthfulqa_000049_incorrect_1,truthfulqa,incorrect_answer,1,1,0.5733333333333334
Random Forest,grouped_80_20,truthfulqa_000049_incorrect_2,truthfulqa,incorrect_answer,1,0,0.31333333333333335
Random Forest,grouped_80_20,truthfulqa_000049_incorrect_3,truthfulqa,incorrect_answer,1,0,0.3933333333333333
Random Forest,grouped_80_20,truthfulqa_000054_correct_0,truthfulqa,correct_answer,0,1,0.5633333333333334
Random Forest,grouped_80_20,truthfulqa_000054_correct_1,truthfulqa,correct_answer,0,1,0.7566666666666667
Random Forest,grouped_80_20,truthfulqa_000054_correct_2,truthfulqa,correct_answer,0,1,0.66
Random Forest,grouped_80_20,truthfulqa_000054_incorrect_0,truthfulqa,incorrect_answer,1,1,0.8066666666666666
Random Forest,grouped_80_20,truthfulqa_000054_incorrect_1,truthfulqa,incorrect_answer,1,1,0.6366666666666667
Random Forest,grouped_80_20,truthfulqa_000054_incorrect_2,truthfulqa,incorrect_answer,1,1,0.65
Random Forest,grouped_80_20,truthfulqa_000054_incorrect_3,truthfulqa,incorrect_answer,1,1,0.71
Random Forest,grouped_80_20,truthfulqa_000063_correct_0,truthfulqa,correct_answer,0,0,0.07666666666666666
Random Forest,grouped_80_20,truthfulqa_000063_correct_1,truthfulqa,correct_answer,0,0,0.26
Random Forest,grouped_80_20,truthfulqa_000063_incorrect_0,truthfulqa,incorrect_answer,1,1,0.6933333333333334
Random Forest,grouped_80_20,truthfulqa_000063_incorrect_1,truthfulqa,incorrect_answer,1,1,0.7533333333333333
Random Forest,grouped_80_20,truthfulqa_000063_incorrect_2,truthfulqa,incorrect_answer,1,1,0.69
Random Forest,grouped_80_20,truthfulqa_000063_incorrect_3,truthfulqa,incorrect_answer,1,1,0.6166666666666667
Random Forest,grouped_80_20,truthfulqa_000065_correct_0,truthfulqa,correct_answer,0,1,0.6333333333333333
Random Forest,grouped_80_20,truthfulqa_000065_correct_1,truthfulqa,correct_answer,0,1,0.76
Random Forest,grouped_80_20,truthfulqa_000065_correct_2,truthfulqa,correct_answer,0,1,0.5166666666666667
Random Forest,grouped_80_20,truthfulqa_000065_correct_3,truthfulqa,correct_answer,0,0,0.37333333333333335
Random Forest,grouped_80_20,truthfulqa_000065_incorrect_0,truthfulqa,incorrect_answer,1,1,0.6066666666666667
Random Forest,grouped_80_20,truthfulqa_000065_incorrect_1,truthfulqa,incorrect_answer,1,1,0.7533333333333333
Random Forest,grouped_80_20,truthfulqa_000065_incorrect_2,truthfulqa,incorrect_answer,1,1,0.7066666666666667
Random Forest,grouped_80_20,truthfulqa_000066_correct_0,truthfulqa,correct_answer,0,1,0.5366666666666666
Random Forest,grouped_80_20,truthfulqa_000066_correct_1,truthfulqa,correct_answer,0,1,0.7633333333333333
Random Forest,grouped_80_20,truthfulqa_000066_correct_2,truthfulqa,correct_answer,0,1,0.5166666666666667
Random Forest,grouped_80_20,truthfulqa_000066_incorrect_0,truthfulqa,incorrect_answer,1,1,0.5433333333333333
Random Forest,grouped_80_20,truthfulqa_000066_incorrect_1,truthfulqa,incorrect_answer,1,1,0.64
Random Forest,grouped_80_20,truthfulqa_000066_incorrect_2,truthfulqa,incorrect_answer,1,0,0.43
Random Forest,grouped_80_20,truthfulqa_000067_correct_0,truthfulqa,correct_answer,0,1,0.5833333333333334
Random Forest,grouped_80_20,truthfulqa_000067_correct_1,truthfulqa,correct_answer,0,1,0.76
Random Forest,grouped_80_20,truthfulqa_000067_correct_2,truthfulqa,correct_answer,0,1,0.6366666666666667
Random Forest,grouped_80_20,truthfulqa_000067_incorrect_0,truthfulqa,incorrect_answer,1,1,0.6366666666666667
Random Forest,grouped_80_20,truthfulqa_000067_incorrect_1,truthfulqa,incorrect_answer,1,1,0.6085271387000987
Random Forest,grouped_80_20,truthfulqa_000072_correct_0,truthfulqa,correct_answer,0,1,0.5933333333333334
Random Forest,grouped_80_20,truthfulqa_000072_correct_1,truthfulqa,correct_answer,0,1,0.67
Random Forest,grouped_80_20,truthfulqa_000072_correct_2,truthfulqa,correct_answer,0,1,0.5651938053667653
Random Forest,grouped_80_20,truthfulqa_000072_correct_3,truthfulqa,correct_answer,0,1,0.5933333333333334
Random Forest,grouped_80_20,truthfulqa_000072_incorrect_0,truthfulqa,incorrect_answer,1,1,0.5033333333333333
Random Forest,grouped_80_20,truthfulqa_000072_incorrect_1,truthfulqa,incorrect_answer,1,1,0.5466666666666666
Random Forest,grouped_80_20,truthfulqa_000072_incorrect_2,truthfulqa,incorrect_answer,1,1,0.5566666666666666
Random Forest,grouped_80_20,truthfulqa_000072_incorrect_3,truthfulqa,incorrect_answer,1,0,0.30333333333333334
Random Forest,grouped_80_20,truthfulqa_000076_correct_0,truthfulqa,correct_answer,0,1,0.67
Random Forest,grouped_80_20,truthfulqa_000076_correct_1,truthfulqa,correct_answer,0,1,0.6933333333333334
Random Forest,grouped_80_20,truthfulqa_000076_correct_2,truthfulqa,correct_answer,0,1,0.5333333333333333
Random Forest,grouped_80_20,truthfulqa_000076_incorrect_0,truthfulqa,incorrect_answer,1,1,0.7066666666666667
Random Forest,grouped_80_20,truthfulqa_000076_incorrect_1,truthfulqa,incorrect_answer,1,1,0.5833333333333334
Random Forest,grouped_80_20,truthfulqa_000076_incorrect_2,truthfulqa,incorrect_answer,1,0,0.47333333333333333
Random Forest,grouped_80_20,truthfulqa_000077_correct_0,truthfulqa,correct_answer,0,0,0.28
Random Forest,grouped_80_20,truthfulqa_000077_correct_1,truthfulqa,correct_answer,0,0,0.21
Random Forest,grouped_80_20,truthfulqa_000077_correct_2,truthfulqa,correct_answer,0,0,0.23666666666666666
Random Forest,grouped_80_20,truthfulqa_000077_incorrect_0,truthfulqa,incorrect_answer,1,1,0.7033333333333334
Random Forest,grouped_80_20,truthfulqa_000077_incorrect_1,truthfulqa,incorrect_answer,1,1,0.7833333333333333
Random Forest,grouped_80_20,truthfulqa_000077_incorrect_2,truthfulqa,incorrect_answer,1,0,0.44333333333333336
Random Forest,grouped_80_20,truthfulqa_000078_correct_0,truthfulqa,correct_answer,0,0,0.31
Random Forest,grouped_80_20,truthfulqa_000078_correct_1,truthfulqa,correct_answer,0,0,0.3
Random Forest,grouped_80_20,truthfulqa_000078_correct_2,truthfulqa,correct_answer,0,0,0.21333333333333335
Random Forest,grouped_80_20,truthfulqa_000078_correct_3,truthfulqa,correct_answer,0,1,0.6266666666666667
Random Forest,grouped_80_20,truthfulqa_000078_incorrect_0,truthfulqa,incorrect_answer,1,0,0.41
Random Forest,grouped_80_20,truthfulqa_000078_incorrect_1,truthfulqa,incorrect_answer,1,0,0.4766666666666667
Random Forest,grouped_80_20,truthfulqa_000078_incorrect_2,truthfulqa,incorrect_answer,1,0,0.2966666666666667
Random Forest,grouped_80_20,truthfulqa_000078_incorrect_3,truthfulqa,incorrect_answer,1,0,0.20666666666666667
Random Forest,grouped_80_20,truthfulqa_000078_incorrect_4,truthfulqa,incorrect_answer,1,1,0.52
Random Forest,grouped_80_20,truthfulqa_000081_correct_0,truthfulqa,correct_answer,0,0,0.32
Random Forest,grouped_80_20,truthfulqa_000081_correct_1,truthfulqa,correct_answer,0,0,0.4766666666666667
Random Forest,grouped_80_20,truthfulqa_000081_correct_2,truthfulqa,correct_answer,0,0,0.18
Random Forest,grouped_80_20,truthfulqa_000081_correct_3,truthfulqa,correct_answer,0,0,0.3
Random Forest,grouped_80_20,truthfulqa_000081_incorrect_0,truthfulqa,incorrect_answer,1,1,0.54
Random Forest,grouped_80_20,truthfulqa_000081_incorrect_1,truthfulqa,incorrect_answer,1,1,0.68
Random Forest,grouped_80_20,truthfulqa_000081_incorrect_2,truthfulqa,incorrect_answer,1,1,0.5933333333333334
Random Forest,grouped_80_20,truthfulqa_000081_incorrect_3,truthfulqa,incorrect_answer,1,1,0.7133333333333334
Random Forest,grouped_80_20,truthfulqa_000081_incorrect_4,truthfulqa,incorrect_answer,1,0,0.29333333333333333
Random Forest,grouped_80_20,truthfulqa_000084_correct_0,truthfulqa,correct_answer,0,1,0.7066666666666667
Random Forest,grouped_80_20,truthfulqa_000084_incorrect_0,truthfulqa,incorrect_answer,1,1,0.65
Random Forest,grouped_80_20,truthfulqa_000084_incorrect_1,truthfulqa,incorrect_answer,1,1,0.5233333333333333
Random Forest,grouped_80_20,truthfulqa_000084_incorrect_2,truthfulqa,incorrect_answer,1,0,0.29
Random Forest,grouped_80_20,truthfulqa_000084_incorrect_3,truthfulqa,incorrect_answer,1,0,0.44666666666666666
Random Forest,grouped_80_20,truthfulqa_000084_incorrect_4,truthfulqa,incorrect_answer,1,1,0.51
Random Forest,grouped_80_20,truthfulqa_000086_correct_0,truthfulqa,correct_answer,0,1,0.7
Random Forest,grouped_80_20,truthfulqa_000086_incorrect_0,truthfulqa,incorrect_answer,1,1,0.8266666666666667
Random Forest,grouped_80_20,truthfulqa_000086_incorrect_1,truthfulqa,incorrect_answer,1,1,0.6433333333333333
Random Forest,grouped_80_20,truthfulqa_000086_incorrect_2,truthfulqa,incorrect_answer,1,1,0.7933333333333333
Random Forest,grouped_80_20,truthfulqa_000096_correct_0,truthfulqa,correct_answer,0,0,0.3933333333333333
Random Forest,grouped_80_20,truthfulqa_000096_correct_1,truthfulqa,correct_answer,0,0,0.47333333333333333
Random Forest,grouped_80_20,truthfulqa_000096_correct_2,truthfulqa,correct_answer,0,1,0.5133333333333333
Random Forest,grouped_80_20,truthfulqa_000096_incorrect_0,truthfulqa,incorrect_answer,1,0,0.36333333333333334
Random Forest,grouped_80_20,truthfulqa_000096_incorrect_1,truthfulqa,incorrect_answer,1,1,0.57
Random Forest,grouped_80_20,truthfulqa_000096_incorrect_2,truthfulqa,incorrect_answer,1,1,0.5733333333333334
Random Forest,grouped_80_20,truthfulqa_000097_correct_0,truthfulqa,correct_answer,0,1,0.5366666666666666
Random Forest,grouped_80_20,truthfulqa_000097_correct_1,truthfulqa,correct_answer,0,0,0.3233333333333333
Random Forest,grouped_80_20,truthfulqa_000097_correct_2,truthfulqa,correct_answer,0,0,0.25
Random Forest,grouped_80_20,truthfulqa_000097_incorrect_0,truthfulqa,incorrect_answer,1,1,0.7766666666666666
Random Forest,grouped_80_20,truthfulqa_000097_incorrect_1,truthfulqa,incorrect_answer,1,0,0.35
Random Forest,grouped_80_20,truthfulqa_000097_incorrect_2,truthfulqa,incorrect_answer,1,0,0.4633333333333333
Random Forest,grouped_80_20,truthfulqa_000097_incorrect_3,truthfulqa,incorrect_answer,1,1,0.7933333333333333
Random Forest,grouped_80_20,truthfulqa_000101_correct_0,truthfulqa,correct_answer,0,0,0.45666666666666667
Random Forest,grouped_80_20,truthfulqa_000101_correct_1,truthfulqa,correct_answer,0,1,0.5233333333333333
Random Forest,grouped_80_20,truthfulqa_000101_correct_2,truthfulqa,correct_answer,0,1,0.55
Random Forest,grouped_80_20,truthfulqa_000101_correct_3,truthfulqa,correct_answer,0,1,0.5933333333333334
Random Forest,grouped_80_20,truthfulqa_000101_correct_4,truthfulqa,correct_answer,0,0,0.13333333333333333
Random Forest,grouped_80_20,truthfulqa_000101_incorrect_0,truthfulqa,incorrect_answer,1,0,0.49333333333333335
Random Forest,grouped_80_20,truthfulqa_000101_incorrect_1,truthfulqa,incorrect_answer,1,1,0.7933333333333333
Random Forest,grouped_80_20,truthfulqa_000101_incorrect_2,truthfulqa,incorrect_answer,1,1,0.5366666666666666
Random Forest,grouped_80_20,truthfulqa_000109_correct_0,truthfulqa,correct_answer,0,0,0.2966666666666667
Random Forest,grouped_80_20,truthfulqa_000109_correct_1,truthfulqa,correct_answer,0,0,0.0033333333333333335
Random Forest,grouped_80_20,truthfulqa_000109_correct_2,truthfulqa,correct_answer,0,0,0.48
Random Forest,grouped_80_20,truthfulqa_000109_correct_3,truthfulqa,correct_answer,0,0,0.26666666666666666
Random Forest,grouped_80_20,truthfulqa_000109_incorrect_0,truthfulqa,incorrect_answer,1,0,0.48508145316128815
Random Forest,grouped_80_20,truthfulqa_000109_incorrect_1,truthfulqa,incorrect_answer,1,1,0.52
Random Forest,grouped_80_20,truthfulqa_000109_incorrect_2,truthfulqa,incorrect_answer,1,1,0.5766666666666667
Random Forest,grouped_80_20,truthfulqa_000110_correct_0,truthfulqa,correct_answer,0,0,0.07666666666666666
Random Forest,grouped_80_20,truthfulqa_000110_correct_1,truthfulqa,correct_answer,0,1,0.5266666666666666
Random Forest,grouped_80_20,truthfulqa_000110_correct_2,truthfulqa,correct_answer,0,0,0.3
Random Forest,grouped_80_20,truthfulqa_000110_incorrect_0,truthfulqa,incorrect_answer,1,1,0.62
Random Forest,grouped_80_20,truthfulqa_000110_incorrect_1,truthfulqa,incorrect_answer,1,0,0.4033333333333333
Random Forest,grouped_80_20,truthfulqa_000110_incorrect_2,truthfulqa,incorrect_answer,1,0,0.49333333333333335
Random Forest,grouped_80_20,truthfulqa_000110_incorrect_3,truthfulqa,incorrect_answer,1,1,0.6033333333333334
Random Forest,grouped_80_20,truthfulqa_000118_correct_0,truthfulqa,correct_answer,0,0,0.02
Random Forest,grouped_80_20,truthfulqa_000118_correct_1,truthfulqa,correct_answer,0,1,0.6666666666666666
Random Forest,grouped_80_20,truthfulqa_000118_correct_2,truthfulqa,correct_answer,0,1,0.6633333333333333
Random Forest,grouped_80_20,truthfulqa_000118_correct_3,truthfulqa,correct_answer,0,0,0.24
Random Forest,grouped_80_20,truthfulqa_000118_incorrect_0,truthfulqa,incorrect_answer,1,0,0.22666666666666666
Random Forest,grouped_80_20,truthfulqa_000118_incorrect_1,truthfulqa,incorrect_answer,1,1,0.5133333333333333
Random Forest,grouped_80_20,truthfulqa_000120_correct_0,truthfulqa,correct_answer,0,0,0.03
Random Forest,grouped_80_20,truthfulqa_000120_correct_1,truthfulqa,correct_answer,0,0,0.48333333333333334
Random Forest,grouped_80_20,truthfulqa_000120_correct_2,truthfulqa,correct_answer,0,1,0.6233333333333333
Random Forest,grouped_80_20,truthfulqa_000120_correct_3,truthfulqa,correct_answer,0,0,0.4066666666666667
Random Forest,grouped_80_20,truthfulqa_000120_incorrect_0,truthfulqa,incorrect_answer,1,1,0.5833333333333334
Random Forest,grouped_80_20,truthfulqa_000120_incorrect_1,truthfulqa,incorrect_answer,1,0,0.4166666666666667
Random Forest,grouped_80_20,truthfulqa_000120_incorrect_2,truthfulqa,incorrect_answer,1,0,0.41
Random Forest,grouped_80_20,truthfulqa_000120_incorrect_3,truthfulqa,incorrect_answer,1,0,0.4266666666666667
Random Forest,grouped_80_20,truthfulqa_000137_correct_0,truthfulqa,correct_answer,0,0,0.12
Random Forest,grouped_80_20,truthfulqa_000137_incorrect_0,truthfulqa,incorrect_answer,1,1,0.95
Random Forest,grouped_80_20,truthfulqa_000137_incorrect_1,truthfulqa,incorrect_answer,1,1,0.7333333333333333
Random Forest,grouped_80_20,truthfulqa_000137_incorrect_2,truthfulqa,incorrect_answer,1,1,0.8033333333333333
Random Forest,grouped_80_20,truthfulqa_000137_incorrect_3,truthfulqa,incorrect_answer,1,1,0.63
Random Forest,grouped_80_20,truthfulqa_000139_correct_0,truthfulqa,correct_answer,0,0,0.013333333333333334
Random Forest,grouped_80_20,truthfulqa_000139_correct_1,truthfulqa,correct_answer,0,1,0.7133333333333334
Random Forest,grouped_80_20,truthfulqa_000139_incorrect_0,truthfulqa,incorrect_answer,1,1,0.71
Random Forest,grouped_80_20,truthfulqa_000139_incorrect_1,truthfulqa,incorrect_answer,1,1,0.7966666666666666
Random Forest,grouped_80_20,truthfulqa_000139_incorrect_2,truthfulqa,incorrect_answer,1,1,0.67
Random Forest,grouped_80_20,truthfulqa_000139_incorrect_3,truthfulqa,incorrect_answer,1,1,0.67
Random Forest,grouped_80_20,truthfulqa_000139_incorrect_4,truthfulqa,incorrect_answer,1,1,0.6766666666666666
Random Forest,grouped_80_20,truthfulqa_000139_incorrect_5,truthfulqa,incorrect_answer,1,1,0.6933333333333334
Random Forest,grouped_80_20,truthfulqa_000155_correct_0,truthfulqa,correct_answer,0,0,0.32666666666666666
Random Forest,grouped_80_20,truthfulqa_000155_correct_1,truthfulqa,correct_answer,0,0,0.22333333333333333
Random Forest,grouped_80_20,truthfulqa_000155_correct_2,truthfulqa,correct_answer,0,1,0.6152651982640086
Random Forest,grouped_80_20,truthfulqa_000155_correct_3,truthfulqa,correct_answer,0,0,0.4033333333333333
Random Forest,grouped_80_20,truthfulqa_000155_incorrect_0,truthfulqa,incorrect_answer,1,0,0.46
Random Forest,grouped_80_20,truthfulqa_000155_incorrect_1,truthfulqa,incorrect_answer,1,0,0.4166666666666667
Random Forest,grouped_80_20,truthfulqa_000155_incorrect_2,truthfulqa,incorrect_answer,1,1,0.5666666666666667
Random Forest,grouped_80_20,truthfulqa_000155_incorrect_3,truthfulqa,incorrect_answer,1,1,0.5466666666666666
Random Forest,grouped_80_20,truthfulqa_000168_correct_0,truthfulqa,correct_answer,0,1,0.68
Random Forest,grouped_80_20,truthfulqa_000168_correct_1,truthfulqa,correct_answer,0,1,0.69
Random Forest,grouped_80_20,truthfulqa_000168_correct_2,truthfulqa,correct_answer,0,1,0.71
Random Forest,grouped_80_20,truthfulqa_000168_correct_3,truthfulqa,correct_answer,0,1,0.5633333333333334
Random Forest,grouped_80_20,truthfulqa_000168_correct_4,truthfulqa,correct_answer,0,0,0.41
Random Forest,grouped_80_20,truthfulqa_000168_incorrect_0,truthfulqa,incorrect_answer,1,1,0.7466666666666667
Random Forest,grouped_80_20,truthfulqa_000168_incorrect_1,truthfulqa,incorrect_answer,1,1,0.6166666666666667
Random Forest,grouped_80_20,truthfulqa_000168_incorrect_2,truthfulqa,incorrect_answer,1,1,0.6666666666666666
Random Forest,grouped_80_20,truthfulqa_000168_incorrect_3,truthfulqa,incorrect_answer,1,1,0.8666666666666667
Random Forest,grouped_80_20,truthfulqa_000168_incorrect_4,truthfulqa,incorrect_answer,1,1,0.7033333333333334
Random Forest,grouped_80_20,truthfulqa_000196_correct_0,truthfulqa,correct_answer,0,0,0.3933333333333333
Random Forest,grouped_80_20,truthfulqa_000196_correct_1,truthfulqa,correct_answer,0,0,0.26
Random Forest,grouped_80_20,truthfulqa_000196_incorrect_0,truthfulqa,incorrect_answer,1,1,0.8566666666666667
Random Forest,grouped_80_20,truthfulqa_000198_correct_0,truthfulqa,correct_answer,0,0,0.3850814531612881
Random Forest,grouped_80_20,truthfulqa_000198_incorrect_0,truthfulqa,incorrect_answer,1,1,0.7233333333333334
Random Forest,grouped_80_20,truthfulqa_000199_correct_0,truthfulqa,correct_answer,0,1,0.6333333333333333
Random Forest,grouped_80_20,truthfulqa_000199_correct_1,truthfulqa,correct_answer,0,0,0.5
Random Forest,grouped_80_20,truthfulqa_000199_incorrect_0,truthfulqa,incorrect_answer,1,1,0.79
Random Forest,grouped_80_20,truthfulqa_000199_incorrect_1,truthfulqa,incorrect_answer,1,1,0.6733333333333333
Random Forest,grouped_80_20,truthfulqa_000204_correct_0,truthfulqa,correct_answer,0,0,0.44666666666666666
Random Forest,grouped_80_20,truthfulqa_000204_correct_1,truthfulqa,correct_answer,0,0,0.43333333333333335
Random Forest,grouped_80_20,truthfulqa_000204_correct_2,truthfulqa,correct_answer,0,0,0.2733333333333333
Random Forest,grouped_80_20,truthfulqa_000204_incorrect_0,truthfulqa,incorrect_answer,1,1,0.61
Random Forest,grouped_80_20,truthfulqa_000204_incorrect_1,truthfulqa,incorrect_answer,1,1,0.6466666666666666
Random Forest,grouped_80_20,truthfulqa_000204_incorrect_2,truthfulqa,incorrect_answer,1,1,0.6833333333333333
Random Forest,grouped_80_20,truthfulqa_000208_correct_0,truthfulqa,correct_answer,0,0,0.49666666666666665
Random Forest,grouped_80_20,truthfulqa_000208_correct_1,truthfulqa,correct_answer,0,1,0.52
Random Forest,grouped_80_20,truthfulqa_000208_incorrect_0,truthfulqa,incorrect_answer,1,1,0.55
Random Forest,grouped_80_20,truthfulqa_000208_incorrect_1,truthfulqa,incorrect_answer,1,1,0.63
Random Forest,grouped_80_20,truthfulqa_000208_incorrect_2,truthfulqa,incorrect_answer,1,1,0.5133333333333333
Random Forest,grouped_80_20,truthfulqa_000209_correct_0,truthfulqa,correct_answer,0,0,0.14
Random Forest,grouped_80_20,truthfulqa_000209_correct_1,truthfulqa,correct_answer,0,1,0.6933333333333334
Random Forest,grouped_80_20,truthfulqa_000209_correct_2,truthfulqa,correct_answer,0,0,0.14666666666666667
Random Forest,grouped_80_20,truthfulqa_000209_incorrect_0,truthfulqa,incorrect_answer,1,1,0.6133333333333333
Random Forest,grouped_80_20,truthfulqa_000209_incorrect_1,truthfulqa,incorrect_answer,1,1,0.5033333333333333
Random Forest,grouped_80_20,truthfulqa_000209_incorrect_2,truthfulqa,incorrect_answer,1,0,0.49666666666666665
Random Forest,grouped_80_20,truthfulqa_000210_correct_0,truthfulqa,correct_answer,0,1,0.62
Random Forest,grouped_80_20,truthfulqa_000210_incorrect_0,truthfulqa,incorrect_answer,1,1,0.65
Random Forest,grouped_80_20,truthfulqa_000210_incorrect_1,truthfulqa,incorrect_answer,1,0,0.48333333333333334
Random Forest,grouped_80_20,truthfulqa_000210_incorrect_2,truthfulqa,incorrect_answer,1,1,0.62
Random Forest,grouped_80_20,truthfulqa_000210_incorrect_3,truthfulqa,incorrect_answer,1,1,0.55
Random Forest,grouped_80_20,truthfulqa_000210_incorrect_4,truthfulqa,incorrect_answer,1,1,0.6766666666666666
Random Forest,grouped_80_20,truthfulqa_000211_correct_0,truthfulqa,correct_answer,0,1,0.5066666666666667
Random Forest,grouped_80_20,truthfulqa_000211_correct_1,truthfulqa,correct_answer,0,0,0.32
Random Forest,grouped_80_20,truthfulqa_000211_correct_2,truthfulqa,correct_answer,0,0,0.37
Random Forest,grouped_80_20,truthfulqa_000211_incorrect_0,truthfulqa,incorrect_answer,1,1,0.7666666666666667
Random Forest,grouped_80_20,truthfulqa_000211_incorrect_1,truthfulqa,incorrect_answer,1,0,0.3566666666666667
Random Forest,grouped_80_20,truthfulqa_000211_incorrect_2,truthfulqa,incorrect_answer,1,0,0.43
Random Forest,grouped_80_20,truthfulqa_000212_correct_0,truthfulqa,correct_answer,0,0,0.24333333333333335
Random Forest,grouped_80_20,truthfulqa_000212_correct_1,truthfulqa,correct_answer,0,1,0.5066666666666667
Random Forest,grouped_80_20,truthfulqa_000212_correct_2,truthfulqa,correct_answer,0,0,0.22333333333333333
Random Forest,grouped_80_20,truthfulqa_000212_incorrect_0,truthfulqa,incorrect_answer,1,1,0.5366666666666666
Random Forest,grouped_80_20,truthfulqa_000212_incorrect_1,truthfulqa,incorrect_answer,1,0,0.49
Random Forest,grouped_80_20,truthfulqa_000212_incorrect_2,truthfulqa,incorrect_answer,1,0,0.37
Random Forest,grouped_80_20,truthfulqa_000213_correct_0,truthfulqa,correct_answer,0,1,0.6333333333333333
Random Forest,grouped_80_20,truthfulqa_000213_correct_1,truthfulqa,correct_answer,0,0,0.24666666666666667
Random Forest,grouped_80_20,truthfulqa_000213_correct_2,truthfulqa,correct_answer,0,1,0.5233333333333333
Random Forest,grouped_80_20,truthfulqa_000213_incorrect_0,truthfulqa,incorrect_answer,1,1,0.77
Random Forest,grouped_80_20,truthfulqa_000213_incorrect_1,truthfulqa,incorrect_answer,1,1,0.74
Random Forest,grouped_80_20,truthfulqa_000213_incorrect_2,truthfulqa,incorrect_answer,1,1,0.8
Random Forest,grouped_80_20,truthfulqa_000213_incorrect_3,truthfulqa,incorrect_answer,1,1,0.7933333333333333
Random Forest,grouped_80_20,truthfulqa_000215_correct_0,truthfulqa,correct_answer,0,1,0.5533333333333333
Random Forest,grouped_80_20,truthfulqa_000215_correct_1,truthfulqa,correct_answer,0,1,0.53
Random Forest,grouped_80_20,truthfulqa_000215_correct_2,truthfulqa,correct_answer,0,0,0.4033333333333333
Random Forest,grouped_80_20,truthfulqa_000215_correct_3,truthfulqa,correct_answer,0,0,0.24666666666666667
Random Forest,grouped_80_20,truthfulqa_000215_correct_4,truthfulqa,correct_answer,0,0,0.21666666666666667
Random Forest,grouped_80_20,truthfulqa_000215_incorrect_0,truthfulqa,incorrect_answer,1,1,0.62
Random Forest,grouped_80_20,truthfulqa_000215_incorrect_1,truthfulqa,incorrect_answer,1,1,0.71
Random Forest,grouped_80_20,truthfulqa_000215_incorrect_2,truthfulqa,incorrect_answer,1,1,0.66
Random Forest,grouped_80_20,truthfulqa_000218_correct_0,truthfulqa,correct_answer,0,1,0.5966666666666667
Random Forest,grouped_80_20,truthfulqa_000218_correct_1,truthfulqa,correct_answer,0,0,0.43333333333333335
Random Forest,grouped_80_20,truthfulqa_000218_correct_2,truthfulqa,correct_answer,0,1,0.59
Random Forest,grouped_80_20,truthfulqa_000218_correct_3,truthfulqa,correct_answer,0,0,0.18666666666666668
Random Forest,grouped_80_20,truthfulqa_000218_correct_4,truthfulqa,correct_answer,0,1,0.7033333333333334
Random Forest,grouped_80_20,truthfulqa_000218_correct_5,truthfulqa,correct_answer,0,0,0.4766666666666667
Random Forest,grouped_80_20,truthfulqa_000218_incorrect_0,truthfulqa,incorrect_answer,1,1,0.6933333333333334
Random Forest,grouped_80_20,truthfulqa_000218_incorrect_1,truthfulqa,incorrect_answer,1,1,0.7166666666666667
Random Forest,grouped_80_20,truthfulqa_000218_incorrect_2,truthfulqa,incorrect_answer,1,1,0.8133333333333334
Random Forest,grouped_80_20,truthfulqa_000218_incorrect_3,truthfulqa,incorrect_answer,1,1,0.7366666666666667
Random Forest,grouped_80_20,truthfulqa_000218_incorrect_4,truthfulqa,incorrect_answer,1,1,0.71
Random Forest,grouped_80_20,truthfulqa_000227_correct_0,truthfulqa,correct_answer,0,0,0.4666666666666667
Random Forest,grouped_80_20,truthfulqa_000227_correct_1,truthfulqa,correct_answer,0,1,0.5666666666666667
Random Forest,grouped_80_20,truthfulqa_000227_incorrect_0,truthfulqa,incorrect_answer,1,1,0.59
Random Forest,grouped_80_20,truthfulqa_000227_incorrect_1,truthfulqa,incorrect_answer,1,1,0.5266666666666666
Random Forest,grouped_80_20,truthfulqa_000227_incorrect_2,truthfulqa,incorrect_answer,1,0,0.3933333333333333
Random Forest,grouped_80_20,truthfulqa_000227_incorrect_3,truthfulqa,incorrect_answer,1,1,0.62
Random Forest,grouped_80_20,truthfulqa_000227_incorrect_4,truthfulqa,incorrect_answer,1,0,0.42
Random Forest,grouped_80_20,truthfulqa_000239_correct_0,truthfulqa,correct_answer,0,1,0.64
Random Forest,grouped_80_20,truthfulqa_000239_incorrect_0,truthfulqa,incorrect_answer,1,0,0.38666666666666666
Random Forest,grouped_80_20,truthfulqa_000239_incorrect_1,truthfulqa,incorrect_answer,1,1,0.59
Random Forest,grouped_80_20,truthfulqa_000239_incorrect_2,truthfulqa,incorrect_answer,1,0,0.49666666666666665
Random Forest,grouped_80_20,truthfulqa_000244_correct_0,truthfulqa,correct_answer,0,1,0.71
Random Forest,grouped_80_20,truthfulqa_000244_incorrect_0,truthfulqa,incorrect_answer,1,1,0.5966666666666667
Random Forest,grouped_80_20,truthfulqa_000244_incorrect_1,truthfulqa,incorrect_answer,1,1,0.7733333333333333
Random Forest,grouped_80_20,truthfulqa_000244_incorrect_2,truthfulqa,incorrect_answer,1,1,0.77
Random Forest,grouped_80_20,truthfulqa_000244_incorrect_3,truthfulqa,incorrect_answer,1,1,0.6433333333333333
Random Forest,grouped_80_20,truthfulqa_000247_correct_0,truthfulqa,correct_answer,0,1,0.65
Random Forest,grouped_80_20,truthfulqa_000247_correct_1,truthfulqa,correct_answer,0,0,0.4266666666666667
Random Forest,grouped_80_20,truthfulqa_000247_correct_2,truthfulqa,correct_answer,0,0,0.31666666666666665
Random Forest,grouped_80_20,truthfulqa_000247_incorrect_0,truthfulqa,incorrect_answer,1,1,0.57
Random Forest,grouped_80_20,truthfulqa_000247_incorrect_1,truthfulqa,incorrect_answer,1,1,0.7733333333333333
Random Forest,grouped_80_20,truthfulqa_000247_incorrect_2,truthfulqa,incorrect_answer,1,1,0.5366666666666666
Random Forest,grouped_80_20,truthfulqa_000250_correct_0,truthfulqa,correct_answer,0,1,0.68
Random Forest,grouped_80_20,truthfulqa_000250_correct_1,truthfulqa,correct_answer,0,1,0.6666666666666666
Random Forest,grouped_80_20,truthfulqa_000250_correct_2,truthfulqa,correct_answer,0,0,0.36333333333333334
Random Forest,grouped_80_20,truthfulqa_000250_incorrect_0,truthfulqa,incorrect_answer,1,1,0.8166666666666667
Random Forest,grouped_80_20,truthfulqa_000254_correct_0,truthfulqa,correct_answer,0,1,0.5766666666666667
Random Forest,grouped_80_20,truthfulqa_000254_correct_1,truthfulqa,correct_answer,0,1,0.7566666666666667
Random Forest,grouped_80_20,truthfulqa_000254_correct_2,truthfulqa,correct_answer,0,0,0.21666666666666667
Random Forest,grouped_80_20,truthfulqa_000254_correct_3,truthfulqa,correct_answer,0,1,0.5366666666666666
Random Forest,grouped_80_20,truthfulqa_000254_incorrect_0,truthfulqa,incorrect_answer,1,1,0.5966666666666667
Random Forest,grouped_80_20,truthfulqa_000254_incorrect_1,truthfulqa,incorrect_answer,1,1,0.5633333333333334
Random Forest,grouped_80_20,truthfulqa_000254_incorrect_2,truthfulqa,incorrect_answer,1,1,0.6566666666666666
Random Forest,grouped_80_20,truthfulqa_000254_incorrect_3,truthfulqa,incorrect_answer,1,0,0.49
Random Forest,grouped_80_20,truthfulqa_000259_correct_0,truthfulqa,correct_answer,0,1,0.5566666666666666
Random Forest,grouped_80_20,truthfulqa_000259_correct_1,truthfulqa,correct_answer,0,1,0.6266666666666667
Random Forest,grouped_80_20,truthfulqa_000259_incorrect_0,truthfulqa,incorrect_answer,1,1,0.7966666666666666
Random Forest,grouped_80_20,truthfulqa_000259_incorrect_1,truthfulqa,incorrect_answer,1,1,0.5166666666666667
Random Forest,grouped_80_20,truthfulqa_000260_correct_0,truthfulqa,correct_answer,0,1,0.7433333333333333
Random Forest,grouped_80_20,truthfulqa_000260_correct_1,truthfulqa,correct_answer,0,1,0.8333333333333334
Random Forest,grouped_80_20,truthfulqa_000260_incorrect_0,truthfulqa,incorrect_answer,1,1,0.8733333333333333
Random Forest,grouped_80_20,truthfulqa_000266_correct_0,truthfulqa,correct_answer,0,0,0.47333333333333333
Random Forest,grouped_80_20,truthfulqa_000266_correct_1,truthfulqa,correct_answer,0,0,0.44666666666666666
Random Forest,grouped_80_20,truthfulqa_000266_correct_2,truthfulqa,correct_answer,0,0,0.49333333333333335
Random Forest,grouped_80_20,truthfulqa_000266_incorrect_0,truthfulqa,incorrect_answer,1,0,0.44
Random Forest,grouped_80_20,truthfulqa_000266_incorrect_1,truthfulqa,incorrect_answer,1,1,0.52
Random Forest,grouped_80_20,truthfulqa_000266_incorrect_2,truthfulqa,incorrect_answer,1,0,0.20666666666666667
Random Forest,grouped_80_20,truthfulqa_000275_correct_0,truthfulqa,correct_answer,0,0,0.4848571498175927
Random Forest,grouped_80_20,truthfulqa_000275_correct_1,truthfulqa,correct_answer,0,0,0.43
Random Forest,grouped_80_20,truthfulqa_000275_correct_2,truthfulqa,correct_answer,0,0,0.5
Random Forest,grouped_80_20,truthfulqa_000275_incorrect_0,truthfulqa,incorrect_answer,1,1,0.6366666666666667
Random Forest,grouped_80_20,truthfulqa_000275_incorrect_1,truthfulqa,incorrect_answer,1,0,0.4066666666666667
Random Forest,grouped_80_20,truthfulqa_000275_incorrect_2,truthfulqa,incorrect_answer,1,1,0.6166666666666667
Random Forest,grouped_80_20,truthfulqa_000281_correct_0,truthfulqa,correct_answer,0,1,0.55
Random Forest,grouped_80_20,truthfulqa_000281_correct_1,truthfulqa,correct_answer,0,0,0.4066666666666667
Random Forest,grouped_80_20,truthfulqa_000281_correct_2,truthfulqa,correct_answer,0,1,0.6966666666666667
Random Forest,grouped_80_20,truthfulqa_000281_incorrect_0,truthfulqa,incorrect_answer,1,0,0.41333333333333333
Random Forest,grouped_80_20,truthfulqa_000281_incorrect_1,truthfulqa,incorrect_answer,1,1,0.77
Random Forest,grouped_80_20,truthfulqa_000281_incorrect_2,truthfulqa,incorrect_answer,1,0,0.44333333333333336
Random Forest,grouped_80_20,truthfulqa_000281_incorrect_3,truthfulqa,incorrect_answer,1,1,0.7433333333333333
Random Forest,grouped_80_20,truthfulqa_000281_incorrect_4,truthfulqa,incorrect_answer,1,1,0.7033333333333334
Random Forest,grouped_80_20,truthfulqa_000281_incorrect_5,truthfulqa,incorrect_answer,1,1,0.71
Random Forest,grouped_80_20,truthfulqa_000285_correct_0,truthfulqa,correct_answer,0,0,0.4666666666666667
Random Forest,grouped_80_20,truthfulqa_000285_correct_1,truthfulqa,correct_answer,0,0,0.44
Random Forest,grouped_80_20,truthfulqa_000285_correct_2,truthfulqa,correct_answer,0,1,0.5366666666666666
Random Forest,grouped_80_20,truthfulqa_000285_correct_3,truthfulqa,correct_answer,0,1,0.5733333333333334
Random Forest,grouped_80_20,truthfulqa_000285_correct_4,truthfulqa,correct_answer,0,1,0.57
Random Forest,grouped_80_20,truthfulqa_000285_incorrect_0,truthfulqa,incorrect_answer,1,0,0.30333333333333334
Random Forest,grouped_80_20,truthfulqa_000285_incorrect_1,truthfulqa,incorrect_answer,1,1,0.57
Random Forest,grouped_80_20,truthfulqa_000285_incorrect_2,truthfulqa,incorrect_answer,1,0,0.41333333333333333
Random Forest,grouped_80_20,truthfulqa_000285_incorrect_3,truthfulqa,incorrect_answer,1,0,0.49333333333333335
Random Forest,grouped_80_20,truthfulqa_000286_correct_0,truthfulqa,correct_answer,0,0,0.34
Random Forest,grouped_80_20,truthfulqa_000286_correct_1,truthfulqa,correct_answer,0,1,0.5033333333333333
Random Forest,grouped_80_20,truthfulqa_000286_correct_2,truthfulqa,correct_answer,0,0,0.22666666666666666
Random Forest,grouped_80_20,truthfulqa_000286_incorrect_0,truthfulqa,incorrect_answer,1,1,0.72
Random Forest,grouped_80_20,truthfulqa_000290_correct_0,truthfulqa,correct_answer,0,0,0.46
Random Forest,grouped_80_20,truthfulqa_000290_correct_1,truthfulqa,correct_answer,0,0,0.15333333333333332
Random Forest,grouped_80_20,truthfulqa_000290_incorrect_0,truthfulqa,incorrect_answer,1,1,0.6266666666666667
Random Forest,grouped_80_20,truthfulqa_000290_incorrect_1,truthfulqa,incorrect_answer,1,1,0.6833333333333333
Random Forest,grouped_80_20,truthfulqa_000294_correct_0,truthfulqa,correct_answer,0,0,0.48
Random Forest,grouped_80_20,truthfulqa_000294_correct_1,truthfulqa,correct_answer,0,1,0.56
Random Forest,grouped_80_20,truthfulqa_000294_correct_2,truthfulqa,correct_answer,0,1,0.6033333333333334
Random Forest,grouped_80_20,truthfulqa_000294_incorrect_0,truthfulqa,incorrect_answer,1,0,0.48
Random Forest,grouped_80_20,truthfulqa_000294_incorrect_1,truthfulqa,incorrect_answer,1,0,0.4533333333333333
Random Forest,grouped_80_20,truthfulqa_000294_incorrect_2,truthfulqa,incorrect_answer,1,0,0.36666666666666664
Random Forest,grouped_80_20,truthfulqa_000294_incorrect_3,truthfulqa,incorrect_answer,1,1,0.5033333333333333
Random Forest,grouped_80_20,truthfulqa_000294_incorrect_4,truthfulqa,incorrect_answer,1,1,0.6366666666666667
Random Forest,grouped_80_20,truthfulqa_000294_incorrect_5,truthfulqa,incorrect_answer,1,1,0.5566666666666666
Random Forest,grouped_80_20,truthfulqa_000306_correct_0,truthfulqa,correct_answer,0,1,0.8366666666666667
Random Forest,grouped_80_20,truthfulqa_000306_correct_1,truthfulqa,correct_answer,0,1,0.5966666666666667
Random Forest,grouped_80_20,truthfulqa_000306_correct_2,truthfulqa,correct_answer,0,0,0.25
Random Forest,grouped_80_20,truthfulqa_000306_correct_3,truthfulqa,correct_answer,0,0,0.21333333333333335
Random Forest,grouped_80_20,truthfulqa_000306_correct_4,truthfulqa,correct_answer,0,1,0.72
Random Forest,grouped_80_20,truthfulqa_000306_incorrect_0,truthfulqa,incorrect_answer,1,1,0.6233333333333333
Random Forest,grouped_80_20,truthfulqa_000306_incorrect_1,truthfulqa,incorrect_answer,1,1,0.82
Random Forest,grouped_80_20,truthfulqa_000306_incorrect_2,truthfulqa,incorrect_answer,1,1,0.63
Random Forest,grouped_80_20,truthfulqa_000306_incorrect_3,truthfulqa,incorrect_answer,1,1,0.74
Random Forest,grouped_80_20,truthfulqa_000306_incorrect_4,truthfulqa,incorrect_answer,1,0,0.41
Random Forest,grouped_80_20,truthfulqa_000306_incorrect_5,truthfulqa,incorrect_answer,1,1,0.6066666666666667
Random Forest,grouped_80_20,truthfulqa_000311_correct_0,truthfulqa,correct_answer,0,1,0.6866666666666666
Random Forest,grouped_80_20,truthfulqa_000311_correct_1,truthfulqa,correct_answer,0,1,0.74
Random Forest,grouped_80_20,truthfulqa_000311_correct_2,truthfulqa,correct_answer,0,1,0.7219318649306753
Random Forest,grouped_80_20,truthfulqa_000311_correct_3,truthfulqa,correct_answer,0,1,0.7266666666666667
Random Forest,grouped_80_20,truthfulqa_000311_incorrect_0,truthfulqa,incorrect_answer,1,0,0.48
Random Forest,grouped_80_20,truthfulqa_000311_incorrect_1,truthfulqa,incorrect_answer,1,0,0.39666666666666667
Random Forest,grouped_80_20,truthfulqa_000311_incorrect_2,truthfulqa,incorrect_answer,1,0,0.47
Random Forest,grouped_80_20,truthfulqa_000311_incorrect_3,truthfulqa,incorrect_answer,1,1,0.5766666666666667
Random Forest,grouped_80_20,truthfulqa_000314_correct_0,truthfulqa,correct_answer,0,0,0.3933333333333333
Random Forest,grouped_80_20,truthfulqa_000314_correct_1,truthfulqa,correct_answer,0,0,0.4066666666666667
Random Forest,grouped_80_20,truthfulqa_000314_correct_2,truthfulqa,correct_answer,0,0,0.37333333333333335
Random Forest,grouped_80_20,truthfulqa_000314_correct_3,truthfulqa,correct_answer,0,0,0.44
Random Forest,grouped_80_20,truthfulqa_000314_incorrect_0,truthfulqa,incorrect_answer,1,1,0.6166666666666667
Random Forest,grouped_80_20,truthfulqa_000314_incorrect_1,truthfulqa,incorrect_answer,1,0,0.46
Random Forest,grouped_80_20,truthfulqa_000314_incorrect_2,truthfulqa,incorrect_answer,1,0,0.44666666666666666
Random Forest,grouped_80_20,truthfulqa_000314_incorrect_3,truthfulqa,incorrect_answer,1,1,0.88
Random Forest,grouped_80_20,truthfulqa_000323_correct_0,truthfulqa,correct_answer,0,1,0.6766666666666666
Random Forest,grouped_80_20,truthfulqa_000323_correct_1,truthfulqa,correct_answer,0,1,0.6266666666666667
Random Forest,grouped_80_20,truthfulqa_000323_correct_2,truthfulqa,correct_answer,0,1,0.55
Random Forest,grouped_80_20,truthfulqa_000323_correct_3,truthfulqa,correct_answer,0,1,0.6166666666666667
Random Forest,grouped_80_20,truthfulqa_000323_incorrect_0,truthfulqa,incorrect_answer,1,1,0.6266666666666667
Random Forest,grouped_80_20,truthfulqa_000323_incorrect_1,truthfulqa,incorrect_answer,1,1,0.5533333333333333
Random Forest,grouped_80_20,truthfulqa_000323_incorrect_2,truthfulqa,incorrect_answer,1,1,0.5566666666666666
Random Forest,grouped_80_20,truthfulqa_000323_incorrect_3,truthfulqa,incorrect_answer,1,1,0.8533333333333334
Random Forest,grouped_80_20,truthfulqa_000323_incorrect_4,truthfulqa,incorrect_answer,1,1,0.59
Random Forest,grouped_80_20,truthfulqa_000331_correct_0,truthfulqa,correct_answer,0,1,0.5033333333333333
Random Forest,grouped_80_20,truthfulqa_000331_correct_1,truthfulqa,correct_answer,0,1,0.6
Random Forest,grouped_80_20,truthfulqa_000331_correct_2,truthfulqa,correct_answer,0,1,0.52
Random Forest,grouped_80_20,truthfulqa_000331_correct_3,truthfulqa,correct_answer,0,0,0.47
Random Forest,grouped_80_20,truthfulqa_000331_correct_4,truthfulqa,correct_answer,0,1,0.51
Random Forest,grouped_80_20,truthfulqa_000331_correct_5,truthfulqa,correct_answer,0,1,0.5667816728806325
Random Forest,grouped_80_20,truthfulqa_000331_incorrect_0,truthfulqa,incorrect_answer,1,0,0.37333333333333335
Random Forest,grouped_80_20,truthfulqa_000331_incorrect_1,truthfulqa,incorrect_answer,1,1,0.65
Random Forest,grouped_80_20,truthfulqa_000331_incorrect_2,truthfulqa,incorrect_answer,1,1,0.7633333333333333
Random Forest,grouped_80_20,truthfulqa_000331_incorrect_3,truthfulqa,incorrect_answer,1,0,0.44333333333333336
Random Forest,grouped_80_20,truthfulqa_000331_incorrect_4,truthfulqa,incorrect_answer,1,1,0.6233333333333333
Random Forest,grouped_80_20,truthfulqa_000332_correct_0,truthfulqa,correct_answer,0,1,0.8166666666666667
Random Forest,grouped_80_20,truthfulqa_000332_correct_1,truthfulqa,correct_answer,0,1,0.7266666666666667
Random Forest,grouped_80_20,truthfulqa_000332_correct_2,truthfulqa,correct_answer,0,0,0.46
Random Forest,grouped_80_20,truthfulqa_000332_correct_3,truthfulqa,correct_answer,0,0,0.37
Random Forest,grouped_80_20,truthfulqa_000332_correct_4,truthfulqa,correct_answer,0,0,0.41333333333333333
Random Forest,grouped_80_20,truthfulqa_000332_correct_5,truthfulqa,correct_answer,0,0,0.44
Random Forest,grouped_80_20,truthfulqa_000332_correct_6,truthfulqa,correct_answer,0,0,0.29
Random Forest,grouped_80_20,truthfulqa_000332_correct_7,truthfulqa,correct_answer,0,0,0.2966666666666667
Random Forest,grouped_80_20,truthfulqa_000332_correct_8,truthfulqa,correct_answer,0,0,0.26666666666666666
Random Forest,grouped_80_20,truthfulqa_000332_incorrect_0,truthfulqa,incorrect_answer,1,1,0.7833333333333333
Random Forest,grouped_80_20,truthfulqa_000332_incorrect_1,truthfulqa,incorrect_answer,1,1,0.5886896618638723
Random Forest,grouped_80_20,truthfulqa_000332_incorrect_2,truthfulqa,incorrect_answer,1,1,0.72
Random Forest,grouped_80_20,truthfulqa_000332_incorrect_3,truthfulqa,incorrect_answer,1,1,0.8633333333333333
Random Forest,grouped_80_20,truthfulqa_000332_incorrect_4,truthfulqa,incorrect_answer,1,0,0.24764477532739032
Random Forest,grouped_80_20,truthfulqa_000332_incorrect_5,truthfulqa,incorrect_answer,1,1,0.72
Random Forest,grouped_80_20,truthfulqa_000332_incorrect_6,truthfulqa,incorrect_answer,1,1,0.6366666666666667
Random Forest,grouped_80_20,truthfulqa_000332_incorrect_7,truthfulqa,incorrect_answer,1,0,0.3333333333333333
Random Forest,grouped_80_20,truthfulqa_000333_correct_0,truthfulqa,correct_answer,0,1,0.5266666666666666
Random Forest,grouped_80_20,truthfulqa_000333_correct_1,truthfulqa,correct_answer,0,1,0.6433333333333333
Random Forest,grouped_80_20,truthfulqa_000333_correct_2,truthfulqa,correct_answer,0,0,0.44666666666666666
Random Forest,grouped_80_20,truthfulqa_000333_correct_3,truthfulqa,correct_answer,0,0,0.2833333333333333
Random Forest,grouped_80_20,truthfulqa_000333_correct_4,truthfulqa,correct_answer,0,0,0.3433333333333333
Random Forest,grouped_80_20,truthfulqa_000333_correct_5,truthfulqa,correct_answer,0,1,0.5366666666666666
Random Forest,grouped_80_20,truthfulqa_000333_incorrect_0,truthfulqa,incorrect_answer,1,1,0.5833333333333334
Random Forest,grouped_80_20,truthfulqa_000333_incorrect_1,truthfulqa,incorrect_answer,1,1,0.56
Random Forest,grouped_80_20,truthfulqa_000333_incorrect_2,truthfulqa,incorrect_answer,1,0,0.4766666666666667
Random Forest,grouped_80_20,truthfulqa_000333_incorrect_3,truthfulqa,incorrect_answer,1,0,0.25333333333333335
Random Forest,grouped_80_20,truthfulqa_000333_incorrect_4,truthfulqa,incorrect_answer,1,1,0.6266666666666667
Random Forest,grouped_80_20,truthfulqa_000334_correct_0,truthfulqa,correct_answer,0,0,0.4866666666666667
Random Forest,grouped_80_20,truthfulqa_000334_correct_1,truthfulqa,correct_answer,0,1,0.66
Random Forest,grouped_80_20,truthfulqa_000334_correct_2,truthfulqa,correct_answer,0,0,0.4866666666666667
Random Forest,grouped_80_20,truthfulqa_000334_correct_3,truthfulqa,correct_answer,0,0,0.32666666666666666
Random Forest,grouped_80_20,truthfulqa_000334_correct_4,truthfulqa,correct_answer,0,0,0.3333333333333333
Random Forest,grouped_80_20,truthfulqa_000334_correct_5,truthfulqa,correct_answer,0,0,0.41333333333333333
Random Forest,grouped_80_20,truthfulqa_000334_incorrect_0,truthfulqa,incorrect_answer,1,0,0.41333333333333333
Random Forest,grouped_80_20,truthfulqa_000334_incorrect_1,truthfulqa,incorrect_answer,1,1,0.6133333333333333
Random Forest,grouped_80_20,truthfulqa_000334_incorrect_2,truthfulqa,incorrect_answer,1,0,0.4766666666666667
Random Forest,grouped_80_20,truthfulqa_000334_incorrect_3,truthfulqa,incorrect_answer,1,0,0.22
Random Forest,grouped_80_20,truthfulqa_000334_incorrect_4,truthfulqa,incorrect_answer,1,1,0.5733333333333334
Random Forest,grouped_80_20,truthfulqa_000356_correct_0,truthfulqa,correct_answer,0,0,0.49333333333333335
Random Forest,grouped_80_20,truthfulqa_000356_correct_1,truthfulqa,correct_answer,0,1,0.5866666666666667
Random Forest,grouped_80_20,truthfulqa_000356_correct_2,truthfulqa,correct_answer,0,1,0.5166666666666667
Random Forest,grouped_80_20,truthfulqa_000356_correct_3,truthfulqa,correct_answer,0,0,0.44811881877698845
Random Forest,grouped_80_20,truthfulqa_000356_correct_4,truthfulqa,correct_answer,0,1,0.57
Random Forest,grouped_80_20,truthfulqa_000356_incorrect_0,truthfulqa,incorrect_answer,1,0,0.38666666666666666
Random Forest,grouped_80_20,truthfulqa_000356_incorrect_1,truthfulqa,incorrect_answer,1,1,0.8066666666666666
Random Forest,grouped_80_20,truthfulqa_000356_incorrect_2,truthfulqa,incorrect_answer,1,1,0.5666666666666667
Random Forest,grouped_80_20,truthfulqa_000356_incorrect_3,truthfulqa,incorrect_answer,1,0,0.42
Random Forest,grouped_80_20,truthfulqa_000356_incorrect_4,truthfulqa,incorrect_answer,1,1,0.7233333333333334
Random Forest,grouped_80_20,truthfulqa_000356_incorrect_5,truthfulqa,incorrect_answer,1,1,0.5667816728806325
Random Forest,grouped_80_20,truthfulqa_000357_correct_0,truthfulqa,correct_answer,0,0,0.31333333333333335
Random Forest,grouped_80_20,truthfulqa_000357_correct_1,truthfulqa,correct_answer,0,1,0.52
Random Forest,grouped_80_20,truthfulqa_000357_correct_2,truthfulqa,correct_answer,0,0,0.42333333333333334
Random Forest,grouped_80_20,truthfulqa_000357_correct_3,truthfulqa,correct_answer,0,0,0.43666666666666665
Random Forest,grouped_80_20,truthfulqa_000357_correct_4,truthfulqa,correct_answer,0,0,0.44666666666666666
Random Forest,grouped_80_20,truthfulqa_000357_incorrect_0,truthfulqa,incorrect_answer,1,0,0.17333333333333334
Random Forest,grouped_80_20,truthfulqa_000357_incorrect_1,truthfulqa,incorrect_answer,1,0,0.44666666666666666
Random Forest,grouped_80_20,truthfulqa_000357_incorrect_2,truthfulqa,incorrect_answer,1,0,0.30333333333333334
Random Forest,grouped_80_20,truthfulqa_000357_incorrect_3,truthfulqa,incorrect_answer,1,0,0.38666666666666666
Random Forest,grouped_80_20,truthfulqa_000357_incorrect_4,truthfulqa,incorrect_answer,1,0,0.37666666666666665
Random Forest,grouped_80_20,truthfulqa_000357_incorrect_5,truthfulqa,incorrect_answer,1,1,0.5667816728806325
Random Forest,grouped_80_20,truthfulqa_000360_correct_0,truthfulqa,correct_answer,0,0,0.3933333333333333
Random Forest,grouped_80_20,truthfulqa_000360_correct_1,truthfulqa,correct_answer,0,0,0.30666666666666664
Random Forest,grouped_80_20,truthfulqa_000360_correct_2,truthfulqa,correct_answer,0,1,0.5033333333333333
Random Forest,grouped_80_20,truthfulqa_000360_incorrect_0,truthfulqa,incorrect_answer,1,1,0.69
Random Forest,grouped_80_20,truthfulqa_000360_incorrect_1,truthfulqa,incorrect_answer,1,0,0.3988453810969093
Random Forest,grouped_80_20,truthfulqa_000360_incorrect_2,truthfulqa,incorrect_answer,1,0,0.49
Random Forest,grouped_80_20,truthfulqa_000362_correct_0,truthfulqa,correct_answer,0,0,0.37666666666666665
Random Forest,grouped_80_20,truthfulqa_000362_correct_1,truthfulqa,correct_answer,0,0,0.34
Random Forest,grouped_80_20,truthfulqa_000362_correct_2,truthfulqa,correct_answer,0,1,0.6466666666666666
Random Forest,grouped_80_20,truthfulqa_000362_correct_3,truthfulqa,correct_answer,0,1,0.5866666666666667
Random Forest,grouped_80_20,truthfulqa_000362_incorrect_0,truthfulqa,incorrect_answer,1,1,0.6066666666666667
Random Forest,grouped_80_20,truthfulqa_000362_incorrect_1,truthfulqa,incorrect_answer,1,1,0.6233333333333333
Random Forest,grouped_80_20,truthfulqa_000362_incorrect_2,truthfulqa,incorrect_answer,1,1,0.54
Random Forest,grouped_80_20,truthfulqa_000362_incorrect_3,truthfulqa,incorrect_answer,1,1,0.6
Random Forest,grouped_80_20,truthfulqa_000362_incorrect_4,truthfulqa,incorrect_answer,1,0,0.33666666666666667
Random Forest,grouped_80_20,truthfulqa_000365_correct_0,truthfulqa,correct_answer,0,0,0.14666666666666667
Random Forest,grouped_80_20,truthfulqa_000365_correct_1,truthfulqa,correct_answer,0,1,0.57
Random Forest,grouped_80_20,truthfulqa_000365_correct_2,truthfulqa,correct_answer,0,1,0.5833333333333334
Random Forest,grouped_80_20,truthfulqa_000365_correct_3,truthfulqa,correct_answer,0,0,0.5
Random Forest,grouped_80_20,truthfulqa_000365_correct_4,truthfulqa,correct_answer,0,0,0.23333333333333334
Random Forest,grouped_80_20,truthfulqa_000365_incorrect_0,truthfulqa,incorrect_answer,1,1,0.7288622817548072
Random Forest,grouped_80_20,truthfulqa_000365_incorrect_1,truthfulqa,incorrect_answer,1,0,0.4533333333333333
Random Forest,grouped_80_20,truthfulqa_000365_incorrect_2,truthfulqa,incorrect_answer,1,0,0.3433333333333333
Random Forest,grouped_80_20,truthfulqa_000365_incorrect_3,truthfulqa,incorrect_answer,1,1,0.6733333333333333
Random Forest,grouped_80_20,truthfulqa_000365_incorrect_4,truthfulqa,incorrect_answer,1,1,0.6066666666666667
Random Forest,grouped_80_20,truthfulqa_000365_incorrect_5,truthfulqa,incorrect_answer,1,0,0.4633333333333333
Random Forest,grouped_80_20,truthfulqa_000368_correct_0,truthfulqa,correct_answer,0,1,0.76
Random Forest,grouped_80_20,truthfulqa_000368_correct_1,truthfulqa,correct_answer,0,0,0.43333333333333335
Random Forest,grouped_80_20,truthfulqa_000368_correct_2,truthfulqa,correct_answer,0,0,0.31333333333333335
Random Forest,grouped_80_20,truthfulqa_000368_correct_3,truthfulqa,correct_answer,0,1,0.51
Random Forest,grouped_80_20,truthfulqa_000368_incorrect_0,truthfulqa,incorrect_answer,1,1,0.66
Random Forest,grouped_80_20,truthfulqa_000368_incorrect_1,truthfulqa,incorrect_answer,1,1,0.5966666666666667
Random Forest,grouped_80_20,truthfulqa_000368_incorrect_2,truthfulqa,incorrect_answer,1,1,0.8266666666666667
Random Forest,grouped_80_20,truthfulqa_000368_incorrect_3,truthfulqa,incorrect_answer,1,1,0.6966666666666667
Random Forest,grouped_80_20,truthfulqa_000368_incorrect_4,truthfulqa,incorrect_answer,1,1,0.6866666666666666
Random Forest,grouped_80_20,truthfulqa_000368_incorrect_5,truthfulqa,incorrect_answer,1,0,0.5
Random Forest,grouped_80_20,truthfulqa_000368_incorrect_6,truthfulqa,incorrect_answer,1,1,0.7633333333333333
Random Forest,grouped_80_20,truthfulqa_000368_incorrect_7,truthfulqa,incorrect_answer,1,1,0.8
Random Forest,grouped_80_20,truthfulqa_000377_correct_0,truthfulqa,correct_answer,0,1,0.5533333333333333
Random Forest,grouped_80_20,truthfulqa_000377_correct_1,truthfulqa,correct_answer,0,1,0.63
Random Forest,grouped_80_20,truthfulqa_000377_correct_2,truthfulqa,correct_answer,0,0,0.3333333333333333
Random Forest,grouped_80_20,truthfulqa_000377_correct_3,truthfulqa,correct_answer,0,1,0.58
Random Forest,grouped_80_20,truthfulqa_000377_correct_4,truthfulqa,correct_answer,0,0,0.45666666666666667
Random Forest,grouped_80_20,truthfulqa_000377_incorrect_0,truthfulqa,incorrect_answer,1,0,0.49666666666666665
Random Forest,grouped_80_20,truthfulqa_000377_incorrect_1,truthfulqa,incorrect_answer,1,1,0.7537413436395538
Random Forest,grouped_80_20,truthfulqa_000377_incorrect_2,truthfulqa,incorrect_answer,1,1,0.5766666666666667
Random Forest,grouped_80_20,truthfulqa_000377_incorrect_3,truthfulqa,incorrect_answer,1,1,0.7233333333333334
Random Forest,grouped_80_20,truthfulqa_000377_incorrect_4,truthfulqa,incorrect_answer,1,0,0.4166666666666667
Random Forest,grouped_80_20,truthfulqa_000377_incorrect_5,truthfulqa,incorrect_answer,1,1,0.5333333333333333
Random Forest,grouped_80_20,truthfulqa_000396_correct_0,truthfulqa,correct_answer,0,0,0.15666666666666668
Random Forest,grouped_80_20,truthfulqa_000396_correct_1,truthfulqa,correct_answer,0,0,0.38
Random Forest,grouped_80_20,truthfulqa_000396_correct_2,truthfulqa,correct_answer,0,0,0.42
Random Forest,grouped_80_20,truthfulqa_000396_incorrect_0,truthfulqa,incorrect_answer,1,0,0.3466666666666667
Random Forest,grouped_80_20,truthfulqa_000396_incorrect_1,truthfulqa,incorrect_answer,1,0,0.17333333333333334
Random Forest,grouped_80_20,truthfulqa_000404_correct_0,truthfulqa,correct_answer,0,1,0.6066666666666667
Random Forest,grouped_80_20,truthfulqa_000404_correct_1,truthfulqa,correct_answer,0,1,0.8733333333333333
Random Forest,grouped_80_20,truthfulqa_000404_correct_2,truthfulqa,correct_answer,0,1,0.8466666666666667
Random Forest,grouped_80_20,truthfulqa_000404_incorrect_0,truthfulqa,incorrect_answer,1,1,0.88
Random Forest,grouped_80_20,truthfulqa_000404_incorrect_1,truthfulqa,incorrect_answer,1,1,0.9133333333333333
Random Forest,grouped_80_20,truthfulqa_000404_incorrect_2,truthfulqa,incorrect_answer,1,1,0.8366666666666667
Random Forest,grouped_80_20,truthfulqa_000422_correct_0,truthfulqa,correct_answer,0,0,0.4616558456601411
Random Forest,grouped_80_20,truthfulqa_000422_correct_1,truthfulqa,correct_answer,0,0,0.43333333333333335
Random Forest,grouped_80_20,truthfulqa_000422_correct_2,truthfulqa,correct_answer,0,1,0.5566666666666666
Random Forest,grouped_80_20,truthfulqa_000422_incorrect_0,truthfulqa,incorrect_answer,1,1,0.7666666666666667
Random Forest,grouped_80_20,truthfulqa_000422_incorrect_1,truthfulqa,incorrect_answer,1,1,0.7833333333333333
Random Forest,grouped_80_20,truthfulqa_000422_incorrect_2,truthfulqa,incorrect_answer,1,1,0.7266666666666667
Random Forest,grouped_80_20,truthfulqa_000428_correct_0,truthfulqa,correct_answer,0,0,0.4866666666666667
Random Forest,grouped_80_20,truthfulqa_000428_correct_1,truthfulqa,correct_answer,0,1,0.9333333333333333
Random Forest,grouped_80_20,truthfulqa_000428_incorrect_0,truthfulqa,incorrect_answer,1,1,0.9366666666666666
Random Forest,grouped_80_20,truthfulqa_000428_incorrect_1,truthfulqa,incorrect_answer,1,1,0.7466666666666667
Random Forest,grouped_80_20,truthfulqa_000428_incorrect_2,truthfulqa,incorrect_answer,1,0,0.25333333333333335
Random Forest,grouped_80_20,truthfulqa_000428_incorrect_3,truthfulqa,incorrect_answer,1,1,0.8366666666666667
Random Forest,grouped_80_20,truthfulqa_000431_correct_0,truthfulqa,correct_answer,0,1,0.8033333333333333
Random Forest,grouped_80_20,truthfulqa_000431_correct_1,truthfulqa,correct_answer,0,1,0.6666666666666666
Random Forest,grouped_80_20,truthfulqa_000431_correct_2,truthfulqa,correct_answer,0,1,0.7066666666666667
Random Forest,grouped_80_20,truthfulqa_000431_incorrect_0,truthfulqa,incorrect_answer,1,0,0.3244890225897316
Random Forest,grouped_80_20,truthfulqa_000431_incorrect_1,truthfulqa,incorrect_answer,1,1,0.6516181949030565
Random Forest,grouped_80_20,truthfulqa_000431_incorrect_2,truthfulqa,incorrect_answer,1,1,0.7533333333333333
Random Forest,grouped_80_20,truthfulqa_000432_correct_0,truthfulqa,correct_answer,0,1,0.5133333333333333
Random Forest,grouped_80_20,truthfulqa_000432_correct_1,truthfulqa,correct_answer,0,1,0.6733333333333333
Random Forest,grouped_80_20,truthfulqa_000432_correct_2,truthfulqa,correct_answer,0,1,0.8666666666666667
Random Forest,grouped_80_20,truthfulqa_000432_incorrect_0,truthfulqa,incorrect_answer,1,1,0.8766666666666667
Random Forest,grouped_80_20,truthfulqa_000432_incorrect_1,truthfulqa,incorrect_answer,1,1,0.9533333333333334
Random Forest,grouped_80_20,truthfulqa_000432_incorrect_2,truthfulqa,incorrect_answer,1,1,0.6133333333333333
Random Forest,grouped_80_20,truthfulqa_000434_correct_0,truthfulqa,correct_answer,0,0,0.49
Random Forest,grouped_80_20,truthfulqa_000434_correct_1,truthfulqa,correct_answer,0,1,0.7166666666666667
Random Forest,grouped_80_20,truthfulqa_000434_correct_2,truthfulqa,correct_answer,0,1,0.55
Random Forest,grouped_80_20,truthfulqa_000434_incorrect_0,truthfulqa,incorrect_answer,1,1,0.8
Random Forest,grouped_80_20,truthfulqa_000434_incorrect_1,truthfulqa,incorrect_answer,1,1,0.93
Random Forest,grouped_80_20,truthfulqa_000434_incorrect_2,truthfulqa,incorrect_answer,1,1,0.87
Random Forest,grouped_80_20,truthfulqa_000440_correct_0,truthfulqa,correct_answer,0,0,0.5
Random Forest,grouped_80_20,truthfulqa_000440_correct_1,truthfulqa,correct_answer,0,1,0.7366666666666667
Random Forest,grouped_80_20,truthfulqa_000440_incorrect_0,truthfulqa,incorrect_answer,1,0,0.2833333333333333
Random Forest,grouped_80_20,truthfulqa_000440_incorrect_1,truthfulqa,incorrect_answer,1,1,0.85
Random Forest,grouped_80_20,truthfulqa_000442_correct_0,truthfulqa,correct_answer,0,1,0.7566666666666667
Random Forest,grouped_80_20,truthfulqa_000442_correct_1,truthfulqa,correct_answer,0,1,0.59
Random Forest,grouped_80_20,truthfulqa_000442_correct_2,truthfulqa,correct_answer,0,1,0.5985422063903282
Random Forest,grouped_80_20,truthfulqa_000442_incorrect_0,truthfulqa,incorrect_answer,1,0,0.41333333333333333
Random Forest,grouped_80_20,truthfulqa_000442_incorrect_1,truthfulqa,incorrect_answer,1,1,0.7933333333333333
Random Forest,grouped_80_20,truthfulqa_000442_incorrect_2,truthfulqa,incorrect_answer,1,1,0.5633333333333334
Random Forest,grouped_80_20,truthfulqa_000442_incorrect_3,truthfulqa,incorrect_answer,1,1,0.9466666666666667
Random Forest,grouped_80_20,truthfulqa_000444_correct_0,truthfulqa,correct_answer,0,0,0.49666666666666665
Random Forest,grouped_80_20,truthfulqa_000444_correct_1,truthfulqa,correct_answer,0,0,0.42221326270010745
Random Forest,grouped_80_20,truthfulqa_000444_correct_2,truthfulqa,correct_answer,0,1,0.65
Random Forest,grouped_80_20,truthfulqa_000444_incorrect_0,truthfulqa,incorrect_answer,1,0,0.264161383366141
Random Forest,grouped_80_20,truthfulqa_000444_incorrect_1,truthfulqa,incorrect_answer,1,0,0.44666666666666666
Random Forest,grouped_80_20,truthfulqa_000444_incorrect_2,truthfulqa,incorrect_answer,1,1,0.5766666666666667
Random Forest,grouped_80_20,truthfulqa_000457_correct_0,truthfulqa,correct_answer,0,0,0.4266666666666667
Random Forest,grouped_80_20,truthfulqa_000457_correct_1,truthfulqa,correct_answer,0,1,0.86
Random Forest,grouped_80_20,truthfulqa_000457_correct_2,truthfulqa,correct_answer,0,1,0.7166666666666667
Random Forest,grouped_80_20,truthfulqa_000457_incorrect_0,truthfulqa,incorrect_answer,1,1,0.6233333333333333
Random Forest,grouped_80_20,truthfulqa_000457_incorrect_1,truthfulqa,incorrect_answer,1,1,0.87
Random Forest,grouped_80_20,truthfulqa_000457_incorrect_2,truthfulqa,incorrect_answer,1,1,0.8466666666666667
Random Forest,grouped_80_20,truthfulqa_000457_incorrect_3,truthfulqa,incorrect_answer,1,1,0.6766666666666666
Random Forest,grouped_80_20,truthfulqa_000457_incorrect_4,truthfulqa,incorrect_answer,1,1,0.78
Random Forest,grouped_80_20,truthfulqa_000457_incorrect_5,truthfulqa,incorrect_answer,1,0,0.4866666666666667
Random Forest,grouped_80_20,truthfulqa_000457_incorrect_6,truthfulqa,incorrect_answer,1,1,0.6366666666666667
Random Forest,grouped_80_20,truthfulqa_000457_incorrect_7,truthfulqa,incorrect_answer,1,1,0.6
Random Forest,grouped_80_20,truthfulqa_000465_correct_0,truthfulqa,correct_answer,0,0,0.16
Random Forest,grouped_80_20,truthfulqa_000465_correct_1,truthfulqa,correct_answer,0,0,0.45666666666666667
Random Forest,grouped_80_20,truthfulqa_000465_correct_2,truthfulqa,correct_answer,0,0,0.38666666666666666
Random Forest,grouped_80_20,truthfulqa_000465_correct_3,truthfulqa,correct_answer,0,0,0.46
Random Forest,grouped_80_20,truthfulqa_000465_incorrect_0,truthfulqa,incorrect_answer,1,1,0.6933333333333334
Random Forest,grouped_80_20,truthfulqa_000465_incorrect_1,truthfulqa,incorrect_answer,1,1,0.69
Random Forest,grouped_80_20,truthfulqa_000465_incorrect_2,truthfulqa,incorrect_answer,1,1,0.6966666666666667
Random Forest,grouped_80_20,truthfulqa_000465_incorrect_3,truthfulqa,incorrect_answer,1,1,0.72
Random Forest,grouped_80_20,truthfulqa_000465_incorrect_4,truthfulqa,incorrect_answer,1,1,0.5933333333333334
Random Forest,grouped_80_20,truthfulqa_000465_incorrect_5,truthfulqa,incorrect_answer,1,1,0.5667816728806325
Random Forest,grouped_80_20,truthfulqa_000467_correct_0,truthfulqa,correct_answer,0,1,0.8
Random Forest,grouped_80_20,truthfulqa_000467_correct_1,truthfulqa,correct_answer,0,1,0.7233333333333334
Random Forest,grouped_80_20,truthfulqa_000467_correct_2,truthfulqa,correct_answer,0,1,0.6233333333333333
Random Forest,grouped_80_20,truthfulqa_000467_incorrect_0,truthfulqa,incorrect_answer,1,1,0.8233333333333334
Random Forest,grouped_80_20,truthfulqa_000467_incorrect_1,truthfulqa,incorrect_answer,1,1,0.67
Random Forest,grouped_80_20,truthfulqa_000467_incorrect_2,truthfulqa,incorrect_answer,1,1,0.83
Random Forest,grouped_80_20,truthfulqa_000467_incorrect_3,truthfulqa,incorrect_answer,1,1,0.7266666666666667
Random Forest,grouped_80_20,truthfulqa_000467_incorrect_4,truthfulqa,incorrect_answer,1,1,0.5866666666666667
Random Forest,grouped_80_20,truthfulqa_000473_correct_0,truthfulqa,correct_answer,0,1,0.88
Random Forest,grouped_80_20,truthfulqa_000473_correct_1,truthfulqa,correct_answer,0,0,0.44666666666666666
Random Forest,grouped_80_20,truthfulqa_000473_incorrect_0,truthfulqa,incorrect_answer,1,1,0.6066666666666667
Random Forest,grouped_80_20,truthfulqa_000473_incorrect_1,truthfulqa,incorrect_answer,1,1,0.75
Random Forest,grouped_80_20,truthfulqa_000473_incorrect_2,truthfulqa,incorrect_answer,1,1,0.6766666666666666
Random Forest,grouped_80_20,truthfulqa_000478_correct_0,truthfulqa,correct_answer,0,1,0.7866666666666666
Random Forest,grouped_80_20,truthfulqa_000478_correct_1,truthfulqa,correct_answer,0,1,0.63
Random Forest,grouped_80_20,truthfulqa_000478_correct_2,truthfulqa,correct_answer,0,1,0.7633333333333333
Random Forest,grouped_80_20,truthfulqa_000478_incorrect_0,truthfulqa,incorrect_answer,1,1,0.7733333333333333
Random Forest,grouped_80_20,truthfulqa_000478_incorrect_1,truthfulqa,incorrect_answer,1,1,0.8
Random Forest,grouped_80_20,truthfulqa_000478_incorrect_2,truthfulqa,incorrect_answer,1,1,0.6066666666666667
Random Forest,grouped_80_20,truthfulqa_000490_correct_0,truthfulqa,correct_answer,0,0,0.3933333333333333
Random Forest,grouped_80_20,truthfulqa_000490_correct_1,truthfulqa,correct_answer,0,0,0.44333333333333336
Random Forest,grouped_80_20,truthfulqa_000490_correct_2,truthfulqa,correct_answer,0,1,0.6266666666666667
Random Forest,grouped_80_20,truthfulqa_000490_incorrect_0,truthfulqa,incorrect_answer,1,1,0.8333333333333334
Random Forest,grouped_80_20,truthfulqa_000490_incorrect_1,truthfulqa,incorrect_answer,1,1,0.7266666666666667
Random Forest,grouped_80_20,truthfulqa_000490_incorrect_2,truthfulqa,incorrect_answer,1,1,0.74
Random Forest,grouped_80_20,truthfulqa_000490_incorrect_3,truthfulqa,incorrect_answer,1,1,0.51
Random Forest,grouped_80_20,truthfulqa_000490_incorrect_4,truthfulqa,incorrect_answer,1,1,0.84
Random Forest,grouped_80_20,truthfulqa_000494_correct_0,truthfulqa,correct_answer,0,0,0.45
Random Forest,grouped_80_20,truthfulqa_000494_correct_1,truthfulqa,correct_answer,0,0,0.43
Random Forest,grouped_80_20,truthfulqa_000494_correct_2,truthfulqa,correct_answer,0,1,0.5033333333333333
Random Forest,grouped_80_20,truthfulqa_000494_incorrect_0,truthfulqa,incorrect_answer,1,0,0.43
Random Forest,grouped_80_20,truthfulqa_000494_incorrect_1,truthfulqa,incorrect_answer,1,1,0.5366666666666666
Random Forest,grouped_80_20,truthfulqa_000494_incorrect_2,truthfulqa,incorrect_answer,1,1,0.5866666666666667
Random Forest,grouped_80_20,truthfulqa_000495_correct_0,truthfulqa,correct_answer,0,0,0.2866666666666667
Random Forest,grouped_80_20,truthfulqa_000495_correct_1,truthfulqa,correct_answer,0,0,0.4033333333333333
Random Forest,grouped_80_20,truthfulqa_000495_correct_2,truthfulqa,correct_answer,0,0,0.24
Random Forest,grouped_80_20,truthfulqa_000495_correct_3,truthfulqa,correct_answer,0,0,0.32
Random Forest,grouped_80_20,truthfulqa_000495_incorrect_0,truthfulqa,incorrect_answer,1,1,0.7633333333333333
Random Forest,grouped_80_20,truthfulqa_000495_incorrect_1,truthfulqa,incorrect_answer,1,1,0.64
Random Forest,grouped_80_20,truthfulqa_000495_incorrect_2,truthfulqa,incorrect_answer,1,1,0.6466666666666666
Random Forest,grouped_80_20,truthfulqa_000495_incorrect_3,truthfulqa,incorrect_answer,1,1,0.7866666666666666
Random Forest,grouped_80_20,truthfulqa_000495_incorrect_4,truthfulqa,incorrect_answer,1,1,0.63
Random Forest,grouped_80_20,truthfulqa_000499_correct_0,truthfulqa,correct_answer,0,0,0.47333333333333333
Random Forest,grouped_80_20,truthfulqa_000499_correct_1,truthfulqa,correct_answer,0,1,0.6533333333333333
Random Forest,grouped_80_20,truthfulqa_000499_correct_2,truthfulqa,correct_answer,0,0,0.4766666666666667
Random Forest,grouped_80_20,truthfulqa_000499_incorrect_0,truthfulqa,incorrect_answer,1,0,0.43333333333333335
Random Forest,grouped_80_20,truthfulqa_000499_incorrect_1,truthfulqa,incorrect_answer,1,1,0.6466666666666666
Random Forest,grouped_80_20,truthfulqa_000499_incorrect_2,truthfulqa,incorrect_answer,1,1,0.5833333333333334
Random Forest,grouped_80_20,truthfulqa_000499_incorrect_3,truthfulqa,incorrect_answer,1,0,0.38666666666666666
Random Forest,grouped_80_20,truthfulqa_000499_incorrect_4,truthfulqa,incorrect_answer,1,1,0.75
Random Forest,grouped_80_20,truthfulqa_000499_incorrect_5,truthfulqa,incorrect_answer,1,1,0.7933333333333333
Random Forest,grouped_80_20,truthfulqa_000501_correct_0,truthfulqa,correct_answer,0,0,0.13666666666666666
Random Forest,grouped_80_20,truthfulqa_000501_correct_1,truthfulqa,correct_answer,0,0,0.33
Random Forest,grouped_80_20,truthfulqa_000501_correct_2,truthfulqa,correct_answer,0,1,0.62
Random Forest,grouped_80_20,truthfulqa_000501_incorrect_0,truthfulqa,incorrect_answer,1,1,0.61
Random Forest,grouped_80_20,truthfulqa_000501_incorrect_1,truthfulqa,incorrect_answer,1,0,0.4533333333333333
Random Forest,grouped_80_20,truthfulqa_000501_incorrect_2,truthfulqa,incorrect_answer,1,0,0.43666666666666665
Random Forest,grouped_80_20,truthfulqa_000501_incorrect_3,truthfulqa,incorrect_answer,1,1,0.69
Random Forest,grouped_80_20,truthfulqa_000501_incorrect_4,truthfulqa,incorrect_answer,1,0,0.4866666666666667
Random Forest,grouped_80_20,truthfulqa_000506_correct_0,truthfulqa,correct_answer,0,1,0.5133333333333333
Random Forest,grouped_80_20,truthfulqa_000506_correct_1,truthfulqa,correct_answer,0,0,0.41
Random Forest,grouped_80_20,truthfulqa_000506_correct_2,truthfulqa,correct_answer,0,0,0.2633333333333333
Random Forest,grouped_80_20,truthfulqa_000506_correct_3,truthfulqa,correct_answer,0,0,0.44666666666666666
Random Forest,grouped_80_20,truthfulqa_000506_incorrect_0,truthfulqa,incorrect_answer,1,0,0.4266666666666667
Random Forest,grouped_80_20,truthfulqa_000506_incorrect_1,truthfulqa,incorrect_answer,1,1,0.5233333333333333
Random Forest,grouped_80_20,truthfulqa_000506_incorrect_2,truthfulqa,incorrect_answer,1,1,0.5666666666666667
Random Forest,grouped_80_20,truthfulqa_000506_incorrect_3,truthfulqa,incorrect_answer,1,0,0.49
Random Forest,grouped_80_20,truthfulqa_000506_incorrect_4,truthfulqa,incorrect_answer,1,0,0.37666666666666665
Random Forest,grouped_80_20,truthfulqa_000506_incorrect_5,truthfulqa,incorrect_answer,1,1,0.5766666666666667
Random Forest,grouped_80_20,truthfulqa_000506_incorrect_6,truthfulqa,incorrect_answer,1,0,0.2633333333333333
Random Forest,grouped_80_20,truthfulqa_000514_correct_0,truthfulqa,correct_answer,0,1,0.5233333333333333
Random Forest,grouped_80_20,truthfulqa_000514_correct_1,truthfulqa,correct_answer,0,1,0.8266666666666667
Random Forest,grouped_80_20,truthfulqa_000514_correct_2,truthfulqa,correct_answer,0,1,0.54
Random Forest,grouped_80_20,truthfulqa_000514_correct_3,truthfulqa,correct_answer,0,0,0.36
Random Forest,grouped_80_20,truthfulqa_000514_incorrect_0,truthfulqa,incorrect_answer,1,0,0.36333333333333334
Random Forest,grouped_80_20,truthfulqa_000514_incorrect_1,truthfulqa,incorrect_answer,1,1,0.74
Random Forest,grouped_80_20,truthfulqa_000514_incorrect_2,truthfulqa,incorrect_answer,1,0,0.4266666666666667
Random Forest,grouped_80_20,truthfulqa_000514_incorrect_3,truthfulqa,incorrect_answer,1,0,0.48
Random Forest,grouped_80_20,truthfulqa_000514_incorrect_4,truthfulqa,incorrect_answer,1,0,0.49
Random Forest,grouped_80_20,truthfulqa_000518_correct_0,truthfulqa,correct_answer,0,0,0.46
Random Forest,grouped_80_20,truthfulqa_000518_correct_1,truthfulqa,correct_answer,0,1,0.5066666666666667
Random Forest,grouped_80_20,truthfulqa_000518_incorrect_0,truthfulqa,incorrect_answer,1,1,0.67
Random Forest,grouped_80_20,truthfulqa_000518_incorrect_1,truthfulqa,incorrect_answer,1,1,0.6766666666666666
Random Forest,grouped_80_20,truthfulqa_000518_incorrect_2,truthfulqa,incorrect_answer,1,1,0.7766666666666666
Random Forest,grouped_80_20,truthfulqa_000518_incorrect_3,truthfulqa,incorrect_answer,1,1,0.85
Random Forest,grouped_80_20,truthfulqa_000518_incorrect_4,truthfulqa,incorrect_answer,1,1,0.8366666666666667
Random Forest,grouped_80_20,truthfulqa_000518_incorrect_5,truthfulqa,incorrect_answer,1,1,0.7
Random Forest,grouped_80_20,truthfulqa_000519_correct_0,truthfulqa,correct_answer,0,1,0.5166666666666667
Random Forest,grouped_80_20,truthfulqa_000519_correct_1,truthfulqa,correct_answer,0,0,0.4633333333333333
Random Forest,grouped_80_20,truthfulqa_000519_incorrect_0,truthfulqa,incorrect_answer,1,1,0.7066666666666667
Random Forest,grouped_80_20,truthfulqa_000519_incorrect_1,truthfulqa,incorrect_answer,1,1,0.7233333333333334
Random Forest,grouped_80_20,truthfulqa_000519_incorrect_2,truthfulqa,incorrect_answer,1,0,0.47333333333333333
Random Forest,grouped_80_20,truthfulqa_000519_incorrect_3,truthfulqa,incorrect_answer,1,1,0.72
Random Forest,grouped_80_20,truthfulqa_000519_incorrect_4,truthfulqa,incorrect_answer,1,1,0.7433333333333333
Random Forest,grouped_80_20,truthfulqa_000519_incorrect_5,truthfulqa,incorrect_answer,1,1,0.8266666666666667
Random Forest,grouped_80_20,truthfulqa_000521_correct_0,truthfulqa,correct_answer,0,0,0.43333333333333335
Random Forest,grouped_80_20,truthfulqa_000521_correct_1,truthfulqa,correct_answer,0,0,0.32666666666666666
Random Forest,grouped_80_20,truthfulqa_000521_correct_2,truthfulqa,correct_answer,0,1,0.5711556892563983
Random Forest,grouped_80_20,truthfulqa_000521_incorrect_0,truthfulqa,incorrect_answer,1,1,0.5266666666666666
Random Forest,grouped_80_20,truthfulqa_000521_incorrect_1,truthfulqa,incorrect_answer,1,1,0.5966666666666667
Random Forest,grouped_80_20,truthfulqa_000521_incorrect_2,truthfulqa,incorrect_answer,1,1,0.5966666666666667
Random Forest,grouped_80_20,truthfulqa_000526_correct_0,truthfulqa,correct_answer,0,1,0.6233333333333333
Random Forest,grouped_80_20,truthfulqa_000526_correct_1,truthfulqa,correct_answer,0,0,0.17666666666666667
Random Forest,grouped_80_20,truthfulqa_000526_correct_2,truthfulqa,correct_answer,0,0,0.37333333333333335
Random Forest,grouped_80_20,truthfulqa_000526_incorrect_0,truthfulqa,incorrect_answer,1,1,0.8466666666666667
Random Forest,grouped_80_20,truthfulqa_000526_incorrect_1,truthfulqa,incorrect_answer,1,1,0.77
Random Forest,grouped_80_20,truthfulqa_000526_incorrect_2,truthfulqa,incorrect_answer,1,0,0.32
Random Forest,grouped_80_20,truthfulqa_000526_incorrect_3,truthfulqa,incorrect_answer,1,0,0.37666666666666665
Random Forest,grouped_80_20,truthfulqa_000528_correct_0,truthfulqa,correct_answer,0,0,0.31
Random Forest,grouped_80_20,truthfulqa_000528_correct_1,truthfulqa,correct_answer,0,0,0.24333333333333335
Random Forest,grouped_80_20,truthfulqa_000528_correct_2,truthfulqa,correct_answer,0,0,0.33
Random Forest,grouped_80_20,truthfulqa_000528_correct_3,truthfulqa,correct_answer,0,0,0.4266666666666667
Random Forest,grouped_80_20,truthfulqa_000528_incorrect_0,truthfulqa,incorrect_answer,1,1,0.5966666666666667
Random Forest,grouped_80_20,truthfulqa_000528_incorrect_1,truthfulqa,incorrect_answer,1,1,0.6886198615262767
Random Forest,grouped_80_20,truthfulqa_000528_incorrect_2,truthfulqa,incorrect_answer,1,0,0.33666666666666667
Random Forest,grouped_80_20,truthfulqa_000528_incorrect_3,truthfulqa,incorrect_answer,1,0,0.23666666666666666
Random Forest,grouped_80_20,truthfulqa_000530_correct_0,truthfulqa,correct_answer,0,0,0.2966666666666667
Random Forest,grouped_80_20,truthfulqa_000530_correct_1,truthfulqa,correct_answer,0,0,0.43
Random Forest,grouped_80_20,truthfulqa_000530_correct_2,truthfulqa,correct_answer,0,0,0.14
Random Forest,grouped_80_20,truthfulqa_000530_correct_3,truthfulqa,correct_answer,0,0,0.27666666666666667
Random Forest,grouped_80_20,truthfulqa_000530_correct_4,truthfulqa,correct_answer,0,1,0.5233333333333333
Random Forest,grouped_80_20,truthfulqa_000530_incorrect_0,truthfulqa,incorrect_answer,1,1,0.71
Random Forest,grouped_80_20,truthfulqa_000530_incorrect_1,truthfulqa,incorrect_answer,1,0,0.37333333333333335
Random Forest,grouped_80_20,truthfulqa_000530_incorrect_2,truthfulqa,incorrect_answer,1,1,0.61
Random Forest,grouped_80_20,truthfulqa_000531_correct_0,truthfulqa,correct_answer,0,0,0.3566666666666667
Random Forest,grouped_80_20,truthfulqa_000531_correct_1,truthfulqa,correct_answer,0,1,0.6166666666666667
Random Forest,grouped_80_20,truthfulqa_000531_correct_2,truthfulqa,correct_answer,0,0,0.36333333333333334
Random Forest,grouped_80_20,truthfulqa_000531_incorrect_0,truthfulqa,incorrect_answer,1,1,0.6933333333333334
Random Forest,grouped_80_20,truthfulqa_000531_incorrect_1,truthfulqa,incorrect_answer,1,1,0.83
Random Forest,grouped_80_20,truthfulqa_000531_incorrect_2,truthfulqa,incorrect_answer,1,0,0.33
Random Forest,grouped_80_20,truthfulqa_000534_correct_0,truthfulqa,correct_answer,0,1,0.59
Random Forest,grouped_80_20,truthfulqa_000534_correct_1,truthfulqa,correct_answer,0,0,0.14666666666666667
Random Forest,grouped_80_20,truthfulqa_000534_correct_2,truthfulqa,correct_answer,0,1,0.6833333333333333
Random Forest,grouped_80_20,truthfulqa_000534_incorrect_0,truthfulqa,incorrect_answer,1,1,0.8266666666666667
Random Forest,grouped_80_20,truthfulqa_000534_incorrect_1,truthfulqa,incorrect_answer,1,1,0.8566666666666667
Random Forest,grouped_80_20,truthfulqa_000534_incorrect_2,truthfulqa,incorrect_answer,1,1,0.9366666666666666
Random Forest,grouped_80_20,truthfulqa_000535_correct_0,truthfulqa,correct_answer,0,1,0.5633333333333334
Random Forest,grouped_80_20,truthfulqa_000535_correct_1,truthfulqa,correct_answer,0,1,0.8566666666666667
Random Forest,grouped_80_20,truthfulqa_000535_correct_2,truthfulqa,correct_answer,0,0,0.47
Random Forest,grouped_80_20,truthfulqa_000535_incorrect_0,truthfulqa,incorrect_answer,1,1,0.8433333333333334
Random Forest,grouped_80_20,truthfulqa_000535_incorrect_1,truthfulqa,incorrect_answer,1,1,0.6242616090111749
Random Forest,grouped_80_20,truthfulqa_000535_incorrect_2,truthfulqa,incorrect_answer,1,1,0.6233333333333333
Random Forest,grouped_80_20,truthfulqa_000542_correct_0,truthfulqa,correct_answer,0,1,0.5033333333333333
Random Forest,grouped_80_20,truthfulqa_000542_correct_1,truthfulqa,correct_answer,0,1,0.68
Random Forest,grouped_80_20,truthfulqa_000542_correct_2,truthfulqa,correct_answer,0,1,0.75
Random Forest,grouped_80_20,truthfulqa_000542_correct_3,truthfulqa,correct_answer,0,1,0.72
Random Forest,grouped_80_20,truthfulqa_000542_incorrect_0,truthfulqa,incorrect_answer,1,1,0.8
Random Forest,grouped_80_20,truthfulqa_000542_incorrect_1,truthfulqa,incorrect_answer,1,1,0.6466666666666666
Random Forest,grouped_80_20,truthfulqa_000542_incorrect_2,truthfulqa,incorrect_answer,1,1,0.74
Random Forest,grouped_80_20,truthfulqa_000542_incorrect_3,truthfulqa,incorrect_answer,1,1,0.8
Random Forest,grouped_80_20,truthfulqa_000542_incorrect_4,truthfulqa,incorrect_answer,1,1,0.8733333333333333
Random Forest,grouped_80_20,truthfulqa_000543_correct_0,truthfulqa,correct_answer,0,1,0.79
Random Forest,grouped_80_20,truthfulqa_000543_correct_1,truthfulqa,correct_answer,0,1,0.91
Random Forest,grouped_80_20,truthfulqa_000543_incorrect_0,truthfulqa,incorrect_answer,1,1,0.89
Random Forest,grouped_80_20,truthfulqa_000543_incorrect_1,truthfulqa,incorrect_answer,1,1,0.8866666666666667
Random Forest,grouped_80_20,truthfulqa_000543_incorrect_2,truthfulqa,incorrect_answer,1,1,0.91
Random Forest,grouped_80_20,truthfulqa_000543_incorrect_3,truthfulqa,incorrect_answer,1,1,0.9033333333333333
Random Forest,grouped_80_20,truthfulqa_000543_incorrect_4,truthfulqa,incorrect_answer,1,1,0.9066666666666666
Random Forest,grouped_80_20,truthfulqa_000554_correct_0,truthfulqa,correct_answer,0,1,0.52
Random Forest,grouped_80_20,truthfulqa_000554_correct_1,truthfulqa,correct_answer,0,0,0.3718592975360353
Random Forest,grouped_80_20,truthfulqa_000554_correct_2,truthfulqa,correct_answer,0,0,0.29
Random Forest,grouped_80_20,truthfulqa_000554_correct_3,truthfulqa,correct_answer,0,0,0.43
Random Forest,grouped_80_20,truthfulqa_000554_incorrect_0,truthfulqa,incorrect_answer,1,0,0.43
Random Forest,grouped_80_20,truthfulqa_000554_incorrect_1,truthfulqa,incorrect_answer,1,0,0.4260431965299471
Random Forest,grouped_80_20,truthfulqa_000554_incorrect_2,truthfulqa,incorrect_answer,1,0,0.2833333333333333
Random Forest,grouped_80_20,truthfulqa_000554_incorrect_3,truthfulqa,incorrect_answer,1,1,0.52
Random Forest,grouped_80_20,truthfulqa_000554_incorrect_4,truthfulqa,incorrect_answer,1,0,0.45666666666666667
Random Forest,grouped_80_20,truthfulqa_000554_incorrect_5,truthfulqa,incorrect_answer,1,0,0.44333333333333336
Random Forest,grouped_80_20,truthfulqa_000578_correct_0,truthfulqa,correct_answer,0,0,0.2866666666666667
Random Forest,grouped_80_20,truthfulqa_000578_correct_1,truthfulqa,correct_answer,0,1,0.53
Random Forest,grouped_80_20,truthfulqa_000578_correct_2,truthfulqa,correct_answer,0,0,0.4266666666666667
Random Forest,grouped_80_20,truthfulqa_000578_incorrect_0,truthfulqa,incorrect_answer,1,0,0.48
Random Forest,grouped_80_20,truthfulqa_000578_incorrect_1,truthfulqa,incorrect_answer,1,1,0.6233333333333333
Random Forest,grouped_80_20,truthfulqa_000578_incorrect_2,truthfulqa,incorrect_answer,1,1,0.5166666666666667
Random Forest,grouped_80_20,truthfulqa_000578_incorrect_3,truthfulqa,incorrect_answer,1,1,0.6166666666666667
Random Forest,grouped_80_20,truthfulqa_000578_incorrect_4,truthfulqa,incorrect_answer,1,0,0.4766666666666667
Random Forest,grouped_80_20,truthfulqa_000578_incorrect_5,truthfulqa,incorrect_answer,1,1,0.5533333333333333
Random Forest,grouped_80_20,truthfulqa_000578_incorrect_6,truthfulqa,incorrect_answer,1,1,0.5733333333333334
Random Forest,grouped_80_20,truthfulqa_000578_incorrect_7,truthfulqa,incorrect_answer,1,1,0.8133333333333334
Random Forest,grouped_80_20,truthfulqa_000578_incorrect_8,truthfulqa,incorrect_answer,1,1,0.7033333333333334
Random Forest,grouped_80_20,truthfulqa_000579_correct_0,truthfulqa,correct_answer,0,0,0.2966666666666667
Random Forest,grouped_80_20,truthfulqa_000579_correct_1,truthfulqa,correct_answer,0,0,0.2086896618638723
Random Forest,grouped_80_20,truthfulqa_000579_correct_2,truthfulqa,correct_answer,0,0,0.26
Random Forest,grouped_80_20,truthfulqa_000579_incorrect_0,truthfulqa,incorrect_answer,1,0,0.45
Random Forest,grouped_80_20,truthfulqa_000579_incorrect_1,truthfulqa,incorrect_answer,1,0,0.4633333333333333
Random Forest,grouped_80_20,truthfulqa_000579_incorrect_2,truthfulqa,incorrect_answer,1,1,0.5033333333333333
Random Forest,grouped_80_20,truthfulqa_000579_incorrect_3,truthfulqa,incorrect_answer,1,0,0.34
Random Forest,grouped_80_20,truthfulqa_000579_incorrect_4,truthfulqa,incorrect_answer,1,1,0.7266666666666667
Random Forest,grouped_80_20,truthfulqa_000590_correct_0,truthfulqa,correct_answer,0,0,0.10666666666666667
Random Forest,grouped_80_20,truthfulqa_000590_correct_1,truthfulqa,correct_answer,0,0,0.36333333333333334
Random Forest,grouped_80_20,truthfulqa_000590_correct_2,truthfulqa,correct_answer,0,0,0.45
Random Forest,grouped_80_20,truthfulqa_000590_incorrect_0,truthfulqa,incorrect_answer,1,1,0.6733333333333333
Random Forest,grouped_80_20,truthfulqa_000590_incorrect_1,truthfulqa,incorrect_answer,1,0,0.42333333333333334
Random Forest,grouped_80_20,truthfulqa_000590_incorrect_2,truthfulqa,incorrect_answer,1,1,0.6433333333333333
Random Forest,grouped_80_20,truthfulqa_000590_incorrect_3,truthfulqa,incorrect_answer,1,0,0.41
Random Forest,grouped_80_20,truthfulqa_000596_correct_0,truthfulqa,correct_answer,0,0,0.4166666666666667
Random Forest,grouped_80_20,truthfulqa_000596_correct_1,truthfulqa,correct_answer,0,0,0.45666666666666667
Random Forest,grouped_80_20,truthfulqa_000596_correct_2,truthfulqa,correct_answer,0,1,0.6033333333333334
Random Forest,grouped_80_20,truthfulqa_000596_incorrect_0,truthfulqa,incorrect_answer,1,1,0.7
Random Forest,grouped_80_20,truthfulqa_000596_incorrect_1,truthfulqa,incorrect_answer,1,1,0.87
Random Forest,grouped_80_20,truthfulqa_000596_incorrect_2,truthfulqa,incorrect_answer,1,1,0.6333333333333333
Random Forest,grouped_80_20,truthfulqa_000596_incorrect_3,truthfulqa,incorrect_answer,1,1,0.7033333333333334
Random Forest,grouped_80_20,truthfulqa_000596_incorrect_4,truthfulqa,incorrect_answer,1,0,0.49
Random Forest,grouped_80_20,truthfulqa_000596_incorrect_5,truthfulqa,incorrect_answer,1,1,0.68
Random Forest,grouped_80_20,truthfulqa_000603_correct_0,truthfulqa,correct_answer,0,0,0.01
Random Forest,grouped_80_20,truthfulqa_000603_correct_1,truthfulqa,correct_answer,0,1,0.6966666666666667
Random Forest,grouped_80_20,truthfulqa_000603_correct_2,truthfulqa,correct_answer,0,0,0.33
Random Forest,grouped_80_20,truthfulqa_000603_correct_3,truthfulqa,correct_answer,0,0,0.23
Random Forest,grouped_80_20,truthfulqa_000603_incorrect_0,truthfulqa,incorrect_answer,1,1,0.7366666666666667
Random Forest,grouped_80_20,truthfulqa_000603_incorrect_1,truthfulqa,incorrect_answer,1,1,0.6033333333333334
Random Forest,grouped_80_20,truthfulqa_000603_incorrect_2,truthfulqa,incorrect_answer,1,0,0.47333333333333333
Random Forest,grouped_80_20,truthfulqa_000604_correct_0,truthfulqa,correct_answer,0,0,0.42
Random Forest,grouped_80_20,truthfulqa_000604_correct_1,truthfulqa,correct_answer,0,1,0.59
Random Forest,grouped_80_20,truthfulqa_000604_correct_2,truthfulqa,correct_answer,0,0,0.043333333333333335
Random Forest,grouped_80_20,truthfulqa_000604_incorrect_0,truthfulqa,incorrect_answer,1,1,0.6633333333333333
Random Forest,grouped_80_20,truthfulqa_000604_incorrect_1,truthfulqa,incorrect_answer,1,1,0.6733333333333333
Random Forest,grouped_80_20,truthfulqa_000604_incorrect_2,truthfulqa,incorrect_answer,1,1,0.5666666666666667
Random Forest,grouped_80_20,truthfulqa_000605_correct_0,truthfulqa,correct_answer,0,1,0.66
Random Forest,grouped_80_20,truthfulqa_000605_correct_1,truthfulqa,correct_answer,0,0,0.2866666666666667
Random Forest,grouped_80_20,truthfulqa_000605_correct_2,truthfulqa,correct_answer,0,0,0.12333333333333334
Random Forest,grouped_80_20,truthfulqa_000605_incorrect_0,truthfulqa,incorrect_answer,1,1,0.73
Random Forest,grouped_80_20,truthfulqa_000605_incorrect_1,truthfulqa,incorrect_answer,1,1,0.7366666666666667
Random Forest,grouped_80_20,truthfulqa_000605_incorrect_2,truthfulqa,incorrect_answer,1,1,0.72
Random Forest,grouped_80_20,truthfulqa_000605_incorrect_3,truthfulqa,incorrect_answer,1,1,0.73
Random Forest,grouped_80_20,truthfulqa_000610_correct_0,truthfulqa,correct_answer,0,0,0.056666666666666664
Random Forest,grouped_80_20,truthfulqa_000610_correct_1,truthfulqa,correct_answer,0,0,0.42333333333333334
Random Forest,grouped_80_20,truthfulqa_000610_correct_2,truthfulqa,correct_answer,0,1,0.5133333333333333
Random Forest,grouped_80_20,truthfulqa_000610_correct_3,truthfulqa,correct_answer,0,0,0.31333333333333335
Random Forest,grouped_80_20,truthfulqa_000610_incorrect_0,truthfulqa,incorrect_answer,1,1,0.5633333333333334
Random Forest,grouped_80_20,truthfulqa_000610_incorrect_1,truthfulqa,incorrect_answer,1,1,0.6466666666666666
Random Forest,grouped_80_20,truthfulqa_000610_incorrect_2,truthfulqa,incorrect_answer,1,1,0.5983270510370213
Random Forest,grouped_80_20,truthfulqa_000613_correct_0,truthfulqa,correct_answer,0,1,0.66
Random Forest,grouped_80_20,truthfulqa_000613_correct_1,truthfulqa,correct_answer,0,1,0.8433333333333334
Random Forest,grouped_80_20,truthfulqa_000613_correct_2,truthfulqa,correct_answer,0,0,0.18666666666666668
Random Forest,grouped_80_20,truthfulqa_000613_correct_3,truthfulqa,correct_answer,0,1,0.55
Random Forest,grouped_80_20,truthfulqa_000613_incorrect_0,truthfulqa,incorrect_answer,1,1,0.7933333333333333
Random Forest,grouped_80_20,truthfulqa_000613_incorrect_1,truthfulqa,incorrect_answer,1,1,0.6266666666666667
Random Forest,grouped_80_20,truthfulqa_000613_incorrect_2,truthfulqa,incorrect_answer,1,1,0.6633333333333333
Random Forest,grouped_80_20,truthfulqa_000618_correct_0,truthfulqa,correct_answer,0,0,0.38333333333333336
Random Forest,grouped_80_20,truthfulqa_000618_correct_1,truthfulqa,correct_answer,0,0,0.47333333333333333
Random Forest,grouped_80_20,truthfulqa_000618_correct_2,truthfulqa,correct_answer,0,1,0.5866666666666667
Random Forest,grouped_80_20,truthfulqa_000618_incorrect_0,truthfulqa,incorrect_answer,1,1,0.8066666666666666
Random Forest,grouped_80_20,truthfulqa_000618_incorrect_1,truthfulqa,incorrect_answer,1,1,0.7366666666666667
Random Forest,grouped_80_20,truthfulqa_000618_incorrect_2,truthfulqa,incorrect_answer,1,1,0.8133333333333334
Random Forest,grouped_80_20,truthfulqa_000618_incorrect_3,truthfulqa,incorrect_answer,1,1,0.75
Random Forest,grouped_80_20,truthfulqa_000621_correct_0,truthfulqa,correct_answer,0,0,0.07
Random Forest,grouped_80_20,truthfulqa_000621_correct_1,truthfulqa,correct_answer,0,1,0.59
Random Forest,grouped_80_20,truthfulqa_000621_incorrect_0,truthfulqa,incorrect_answer,1,1,0.8933333333333333
Random Forest,grouped_80_20,truthfulqa_000621_incorrect_1,truthfulqa,incorrect_answer,1,1,0.7033333333333334
Random Forest,grouped_80_20,truthfulqa_000621_incorrect_2,truthfulqa,incorrect_answer,1,1,0.7733333333333333
Random Forest,grouped_80_20,truthfulqa_000621_incorrect_3,truthfulqa,incorrect_answer,1,1,0.8233333333333334
Random Forest,grouped_80_20,truthfulqa_000625_correct_0,truthfulqa,correct_answer,0,0,0.15
Random Forest,grouped_80_20,truthfulqa_000625_incorrect_0,truthfulqa,incorrect_answer,1,1,0.7
Random Forest,grouped_80_20,truthfulqa_000625_incorrect_1,truthfulqa,incorrect_answer,1,1,0.6333333333333333
Random Forest,grouped_80_20,truthfulqa_000625_incorrect_2,truthfulqa,incorrect_answer,1,1,0.8066666666666666
Random Forest,grouped_80_20,truthfulqa_000625_incorrect_3,truthfulqa,incorrect_answer,1,1,0.79
Random Forest,grouped_80_20,truthfulqa_000633_correct_0,truthfulqa,correct_answer,0,0,0.14666666666666667
Random Forest,grouped_80_20,truthfulqa_000633_correct_1,truthfulqa,correct_answer,0,0,0.26
Random Forest,grouped_80_20,truthfulqa_000633_incorrect_0,truthfulqa,incorrect_answer,1,1,0.6266666666666667
Random Forest,grouped_80_20,truthfulqa_000633_incorrect_1,truthfulqa,incorrect_answer,1,1,0.7633333333333333
Random Forest,grouped_80_20,truthfulqa_000633_incorrect_2,truthfulqa,incorrect_answer,1,1,0.6966666666666667
Random Forest,grouped_80_20,truthfulqa_000633_incorrect_3,truthfulqa,incorrect_answer,1,1,0.67
Random Forest,grouped_80_20,truthfulqa_000633_incorrect_4,truthfulqa,incorrect_answer,1,0,0.4066666666666667
Random Forest,grouped_80_20,truthfulqa_000637_correct_0,truthfulqa,correct_answer,0,0,0.4766666666666667
Random Forest,grouped_80_20,truthfulqa_000637_correct_1,truthfulqa,correct_answer,0,1,0.6
Random Forest,grouped_80_20,truthfulqa_000637_correct_2,truthfulqa,correct_answer,0,0,0.35333333333333333
Random Forest,grouped_80_20,truthfulqa_000637_incorrect_0,truthfulqa,incorrect_answer,1,0,0.43333333333333335
Random Forest,grouped_80_20,truthfulqa_000637_incorrect_1,truthfulqa,incorrect_answer,1,0,0.49
Random Forest,grouped_80_20,truthfulqa_000637_incorrect_2,truthfulqa,incorrect_answer,1,0,0.42333333333333334
Random Forest,grouped_80_20,truthfulqa_000641_correct_0,truthfulqa,correct_answer,0,0,0.38
Random Forest,grouped_80_20,truthfulqa_000641_correct_1,truthfulqa,correct_answer,0,0,0.46
Random Forest,grouped_80_20,truthfulqa_000641_correct_2,truthfulqa,correct_answer,0,0,0.23
Random Forest,grouped_80_20,truthfulqa_000641_incorrect_0,truthfulqa,incorrect_answer,1,0,0.36666666666666664
Random Forest,grouped_80_20,truthfulqa_000641_incorrect_1,truthfulqa,incorrect_answer,1,0,0.39666666666666667
Random Forest,grouped_80_20,truthfulqa_000641_incorrect_2,truthfulqa,incorrect_answer,1,0,0.25333333333333335
Random Forest,grouped_80_20,truthfulqa_000641_incorrect_3,truthfulqa,incorrect_answer,1,1,0.53
Random Forest,grouped_80_20,truthfulqa_000643_correct_0,truthfulqa,correct_answer,0,1,0.61
Random Forest,grouped_80_20,truthfulqa_000643_correct_1,truthfulqa,correct_answer,0,0,0.4533333333333333
Random Forest,grouped_80_20,truthfulqa_000643_correct_2,truthfulqa,correct_answer,0,1,0.8066666666666666
Random Forest,grouped_80_20,truthfulqa_000643_correct_3,truthfulqa,correct_answer,0,0,0.4266666666666667
Random Forest,grouped_80_20,truthfulqa_000643_incorrect_0,truthfulqa,incorrect_answer,1,1,0.5933333333333334
Random Forest,grouped_80_20,truthfulqa_000643_incorrect_1,truthfulqa,incorrect_answer,1,0,0.22
Random Forest,grouped_80_20,truthfulqa_000643_incorrect_2,truthfulqa,incorrect_answer,1,0,0.2866666666666667
Random Forest,grouped_80_20,truthfulqa_000649_correct_0,truthfulqa,correct_answer,0,1,0.5766666666666667
Random Forest,grouped_80_20,truthfulqa_000649_correct_1,truthfulqa,correct_answer,0,0,0.31666666666666665
Random Forest,grouped_80_20,truthfulqa_000649_correct_2,truthfulqa,correct_answer,0,0,0.4166666666666667
Random Forest,grouped_80_20,truthfulqa_000649_correct_3,truthfulqa,correct_answer,0,1,0.6366666666666667
Random Forest,grouped_80_20,truthfulqa_000649_incorrect_0,truthfulqa,incorrect_answer,1,0,0.4166666666666667
Random Forest,grouped_80_20,truthfulqa_000649_incorrect_1,truthfulqa,incorrect_answer,1,1,0.6166666666666667
Random Forest,grouped_80_20,truthfulqa_000649_incorrect_2,truthfulqa,incorrect_answer,1,1,0.5033333333333333
Random Forest,grouped_80_20,truthfulqa_000649_incorrect_3,truthfulqa,incorrect_answer,1,1,0.67
Random Forest,grouped_80_20,truthfulqa_000651_correct_0,truthfulqa,correct_answer,0,1,0.5766666666666667
Random Forest,grouped_80_20,truthfulqa_000651_correct_1,truthfulqa,correct_answer,0,0,0.37666666666666665
Random Forest,grouped_80_20,truthfulqa_000651_correct_2,truthfulqa,correct_answer,0,0,0.23
Random Forest,grouped_80_20,truthfulqa_000651_incorrect_0,truthfulqa,incorrect_answer,1,1,0.77
Random Forest,grouped_80_20,truthfulqa_000651_incorrect_1,truthfulqa,incorrect_answer,1,1,0.6333333333333333
Random Forest,grouped_80_20,truthfulqa_000651_incorrect_2,truthfulqa,incorrect_answer,1,1,0.8233333333333334
Random Forest,grouped_80_20,truthfulqa_000652_correct_0,truthfulqa,correct_answer,0,1,0.6133333333333333
Random Forest,grouped_80_20,truthfulqa_000652_correct_1,truthfulqa,correct_answer,0,0,0.34
Random Forest,grouped_80_20,truthfulqa_000652_correct_2,truthfulqa,correct_answer,0,0,0.37
Random Forest,grouped_80_20,truthfulqa_000652_incorrect_0,truthfulqa,incorrect_answer,1,0,0.45666666666666667
Random Forest,grouped_80_20,truthfulqa_000652_incorrect_1,truthfulqa,incorrect_answer,1,0,0.43666666666666665
Random Forest,grouped_80_20,truthfulqa_000652_incorrect_2,truthfulqa,incorrect_answer,1,0,0.2833333333333333
Random Forest,grouped_80_20,truthfulqa_000656_correct_0,truthfulqa,correct_answer,0,1,0.6166666666666667
Random Forest,grouped_80_20,truthfulqa_000656_correct_1,truthfulqa,correct_answer,0,0,0.23666666666666666
Random Forest,grouped_80_20,truthfulqa_000656_correct_2,truthfulqa,correct_answer,0,0,0.43333333333333335
Random Forest,grouped_80_20,truthfulqa_000656_incorrect_0,truthfulqa,incorrect_answer,1,1,0.8333333333333334
Random Forest,grouped_80_20,truthfulqa_000656_incorrect_1,truthfulqa,incorrect_answer,1,1,0.5566666666666666
Random Forest,grouped_80_20,truthfulqa_000662_correct_0,truthfulqa,correct_answer,0,1,0.8633333333333333
Random Forest,grouped_80_20,truthfulqa_000662_correct_1,truthfulqa,correct_answer,0,1,0.52
Random Forest,grouped_80_20,truthfulqa_000662_incorrect_0,truthfulqa,incorrect_answer,1,1,0.7966666666666666
Random Forest,grouped_80_20,truthfulqa_000662_incorrect_1,truthfulqa,incorrect_answer,1,1,0.6166666666666667
Random Forest,grouped_80_20,truthfulqa_000662_incorrect_2,truthfulqa,incorrect_answer,1,0,0.5
Random Forest,grouped_80_20,truthfulqa_000666_correct_0,truthfulqa,correct_answer,0,0,0.47333333333333333
Random Forest,grouped_80_20,truthfulqa_000666_correct_1,truthfulqa,correct_answer,0,0,0.2966666666666667
Random Forest,grouped_80_20,truthfulqa_000666_correct_2,truthfulqa,correct_answer,0,0,0.26
Random Forest,grouped_80_20,truthfulqa_000666_correct_3,truthfulqa,correct_answer,0,1,0.8033333333333333
Random Forest,grouped_80_20,truthfulqa_000666_incorrect_0,truthfulqa,incorrect_answer,1,1,0.6466666666666666
Random Forest,grouped_80_20,truthfulqa_000666_incorrect_1,truthfulqa,incorrect_answer,1,0,0.32666666666666666
Random Forest,grouped_80_20,truthfulqa_000667_correct_0,truthfulqa,correct_answer,0,1,0.6533333333333333
Random Forest,grouped_80_20,truthfulqa_000667_correct_1,truthfulqa,correct_answer,0,0,0.45
Random Forest,grouped_80_20,truthfulqa_000667_incorrect_0,truthfulqa,incorrect_answer,1,1,0.7466666666666667
Random Forest,grouped_80_20,truthfulqa_000667_incorrect_1,truthfulqa,incorrect_answer,1,0,0.4066666666666667
Random Forest,grouped_80_20,truthfulqa_000670_correct_0,truthfulqa,correct_answer,0,1,0.69
Random Forest,grouped_80_20,truthfulqa_000670_correct_1,truthfulqa,correct_answer,0,1,0.6933333333333334
Random Forest,grouped_80_20,truthfulqa_000670_correct_2,truthfulqa,correct_answer,0,1,0.5766666666666667
Random Forest,grouped_80_20,truthfulqa_000670_correct_3,truthfulqa,correct_answer,0,1,0.59
Random Forest,grouped_80_20,truthfulqa_000670_correct_4,truthfulqa,correct_answer,0,0,0.3933333333333333
Random Forest,grouped_80_20,truthfulqa_000670_incorrect_0,truthfulqa,incorrect_answer,1,1,0.6733333333333333
Random Forest,grouped_80_20,truthfulqa_000671_correct_0,truthfulqa,correct_answer,0,0,0.32666666666666666
Random Forest,grouped_80_20,truthfulqa_000671_correct_1,truthfulqa,correct_answer,0,1,0.5233333333333333
Random Forest,grouped_80_20,truthfulqa_000671_correct_2,truthfulqa,correct_answer,0,0,0.23
Random Forest,grouped_80_20,truthfulqa_000671_incorrect_0,truthfulqa,incorrect_answer,1,0,0.2866666666666667
Random Forest,grouped_80_20,truthfulqa_000675_correct_0,truthfulqa,correct_answer,0,0,0.4866666666666667
Random Forest,grouped_80_20,truthfulqa_000675_correct_1,truthfulqa,correct_answer,0,0,0.4533333333333333
Random Forest,grouped_80_20,truthfulqa_000675_correct_2,truthfulqa,correct_answer,0,0,0.31
Random Forest,grouped_80_20,truthfulqa_000675_incorrect_0,truthfulqa,incorrect_answer,1,1,0.6366666666666667
Random Forest,grouped_80_20,truthfulqa_000675_incorrect_1,truthfulqa,incorrect_answer,1,1,0.6633333333333333
Random Forest,grouped_80_20,truthfulqa_000675_incorrect_2,truthfulqa,incorrect_answer,1,1,0.5966666666666667
Random Forest,grouped_80_20,truthfulqa_000678_correct_0,truthfulqa,correct_answer,0,1,0.7033333333333334
Random Forest,grouped_80_20,truthfulqa_000678_correct_1,truthfulqa,correct_answer,0,1,0.85
Random Forest,grouped_80_20,truthfulqa_000678_correct_2,truthfulqa,correct_answer,0,1,0.7666666666666667
Random Forest,grouped_80_20,truthfulqa_000678_correct_3,truthfulqa,correct_answer,0,0,0.08
Random Forest,grouped_80_20,truthfulqa_000678_incorrect_0,truthfulqa,incorrect_answer,1,1,0.6533333333333333
Random Forest,grouped_80_20,truthfulqa_000678_incorrect_1,truthfulqa,incorrect_answer,1,1,0.73
Random Forest,grouped_80_20,truthfulqa_000679_correct_0,truthfulqa,correct_answer,0,0,0.35333333333333333
Random Forest,grouped_80_20,truthfulqa_000679_correct_1,truthfulqa,correct_answer,0,1,0.65
Random Forest,grouped_80_20,truthfulqa_000679_correct_2,truthfulqa,correct_answer,0,1,0.54
Random Forest,grouped_80_20,truthfulqa_000679_incorrect_0,truthfulqa,incorrect_answer,1,1,0.59
Random Forest,grouped_80_20,truthfulqa_000679_incorrect_1,truthfulqa,incorrect_answer,1,0,0.29
Random Forest,grouped_80_20,truthfulqa_000679_incorrect_2,truthfulqa,incorrect_answer,1,1,0.68
Random Forest,grouped_80_20,truthfulqa_000679_incorrect_3,truthfulqa,incorrect_answer,1,1,0.5166666666666667
Random Forest,grouped_80_20,truthfulqa_000679_incorrect_4,truthfulqa,incorrect_answer,1,1,0.53
Random Forest,grouped_80_20,truthfulqa_000679_incorrect_5,truthfulqa,incorrect_answer,1,1,0.5933333333333334
Random Forest,grouped_80_20,truthfulqa_000679_incorrect_6,truthfulqa,incorrect_answer,1,1,0.51
Random Forest,grouped_80_20,truthfulqa_000688_correct_0,truthfulqa,correct_answer,0,1,0.64
Random Forest,grouped_80_20,truthfulqa_000688_correct_1,truthfulqa,correct_answer,0,0,0.08666666666666667
Random Forest,grouped_80_20,truthfulqa_000688_incorrect_0,truthfulqa,incorrect_answer,1,0,0.36666666666666664
Random Forest,grouped_80_20,truthfulqa_000688_incorrect_1,truthfulqa,incorrect_answer,1,1,0.59
Random Forest,grouped_80_20,truthfulqa_000704_correct_0,truthfulqa,correct_answer,0,0,0.38
Random Forest,grouped_80_20,truthfulqa_000704_correct_1,truthfulqa,correct_answer,0,0,0.41333333333333333
Random Forest,grouped_80_20,truthfulqa_000704_incorrect_0,truthfulqa,incorrect_answer,1,1,0.78
Random Forest,grouped_80_20,truthfulqa_000704_incorrect_1,truthfulqa,incorrect_answer,1,1,0.6366666666666667
Random Forest,grouped_80_20,truthfulqa_000704_incorrect_2,truthfulqa,incorrect_answer,1,0,0.30666666666666664
Random Forest,grouped_80_20,truthfulqa_000705_correct_0,truthfulqa,correct_answer,0,1,0.5166666666666667
Random Forest,grouped_80_20,truthfulqa_000705_incorrect_0,truthfulqa,incorrect_answer,1,0,0.44
Random Forest,grouped_80_20,truthfulqa_000705_incorrect_1,truthfulqa,incorrect_answer,1,0,0.4166666666666667
Random Forest,grouped_80_20,truthfulqa_000709_correct_0,truthfulqa,correct_answer,0,1,0.7033333333333334
Random Forest,grouped_80_20,truthfulqa_000709_correct_1,truthfulqa,correct_answer,0,1,0.73
Random Forest,grouped_80_20,truthfulqa_000709_correct_2,truthfulqa,correct_answer,0,0,0.43666666666666665
Random Forest,grouped_80_20,truthfulqa_000709_incorrect_0,truthfulqa,incorrect_answer,1,1,0.82
Random Forest,grouped_80_20,truthfulqa_000709_incorrect_1,truthfulqa,incorrect_answer,1,1,0.7366666666666667
Random Forest,grouped_80_20,truthfulqa_000709_incorrect_2,truthfulqa,incorrect_answer,1,1,0.66
Random Forest,grouped_80_20,truthfulqa_000709_incorrect_3,truthfulqa,incorrect_answer,1,1,0.5266666666666666
Random Forest,grouped_80_20,truthfulqa_000712_correct_0,truthfulqa,correct_answer,0,0,0.48333333333333334
Random Forest,grouped_80_20,truthfulqa_000712_correct_1,truthfulqa,correct_answer,0,0,0.43666666666666665
Random Forest,grouped_80_20,truthfulqa_000712_correct_2,truthfulqa,correct_answer,0,0,0.49333333333333335
Random Forest,grouped_80_20,truthfulqa_000712_incorrect_0,truthfulqa,incorrect_answer,1,1,0.5133333333333333
Random Forest,grouped_80_20,truthfulqa_000712_incorrect_1,truthfulqa,incorrect_answer,1,1,0.7333333333333333
Random Forest,grouped_80_20,truthfulqa_000712_incorrect_2,truthfulqa,incorrect_answer,1,1,0.69
Random Forest,grouped_80_20,truthfulqa_000718_correct_0,truthfulqa,correct_answer,0,1,0.5133333333333333
Random Forest,grouped_80_20,truthfulqa_000718_correct_1,truthfulqa,correct_answer,0,0,0.3466666666666667
Random Forest,grouped_80_20,truthfulqa_000718_correct_2,truthfulqa,correct_answer,0,1,0.76
Random Forest,grouped_80_20,truthfulqa_000718_correct_3,truthfulqa,correct_answer,0,1,0.56
Random Forest,grouped_80_20,truthfulqa_000718_correct_4,truthfulqa,correct_answer,0,0,0.4166666666666667
Random Forest,grouped_80_20,truthfulqa_000718_incorrect_0,truthfulqa,incorrect_answer,1,1,0.6066666666666667
Random Forest,grouped_80_20,truthfulqa_000718_incorrect_1,truthfulqa,incorrect_answer,1,0,0.48
Random Forest,grouped_80_20,truthfulqa_000720_correct_0,truthfulqa,correct_answer,0,0,0.48333333333333334
Random Forest,grouped_80_20,truthfulqa_000720_correct_1,truthfulqa,correct_answer,0,0,0.37
Random Forest,grouped_80_20,truthfulqa_000720_correct_2,truthfulqa,correct_answer,0,1,0.62
Random Forest,grouped_80_20,truthfulqa_000720_incorrect_0,truthfulqa,incorrect_answer,1,0,0.41
Random Forest,grouped_80_20,truthfulqa_000720_incorrect_1,truthfulqa,incorrect_answer,1,1,0.6466666666666666
Random Forest,grouped_80_20,truthfulqa_000720_incorrect_2,truthfulqa,incorrect_answer,1,1,0.5533333333333333
Random Forest,grouped_80_20,truthfulqa_000728_correct_0,truthfulqa,correct_answer,0,0,0.4066666666666667
Random Forest,grouped_80_20,truthfulqa_000728_correct_1,truthfulqa,correct_answer,0,1,0.5066666666666667
Random Forest,grouped_80_20,truthfulqa_000728_incorrect_0,truthfulqa,incorrect_answer,1,0,0.45666666666666667
Random Forest,grouped_80_20,truthfulqa_000728_incorrect_1,truthfulqa,incorrect_answer,1,1,0.6266666666666667
Random Forest,grouped_80_20,truthfulqa_000728_incorrect_2,truthfulqa,incorrect_answer,1,1,0.6366666666666667
Random Forest,grouped_80_20,truthfulqa_000730_correct_0,truthfulqa,correct_answer,0,1,0.71
Random Forest,grouped_80_20,truthfulqa_000730_correct_1,truthfulqa,correct_answer,0,1,0.66
Random Forest,grouped_80_20,truthfulqa_000730_correct_2,truthfulqa,correct_answer,0,1,0.81
Random Forest,grouped_80_20,truthfulqa_000730_incorrect_0,truthfulqa,incorrect_answer,1,1,0.5133333333333333
Random Forest,grouped_80_20,truthfulqa_000730_incorrect_1,truthfulqa,incorrect_answer,1,1,0.5133333333333333
Random Forest,grouped_80_20,truthfulqa_000735_correct_0,truthfulqa,correct_answer,0,0,0.37333333333333335
Random Forest,grouped_80_20,truthfulqa_000735_correct_1,truthfulqa,correct_answer,0,0,0.35333333333333333
Random Forest,grouped_80_20,truthfulqa_000735_correct_2,truthfulqa,correct_answer,0,0,0.4766666666666667
Random Forest,grouped_80_20,truthfulqa_000735_incorrect_0,truthfulqa,incorrect_answer,1,1,0.51
Random Forest,grouped_80_20,truthfulqa_000735_incorrect_1,truthfulqa,incorrect_answer,1,1,0.69
Random Forest,grouped_80_20,truthfulqa_000737_correct_0,truthfulqa,correct_answer,0,0,0.37666666666666665
Random Forest,grouped_80_20,truthfulqa_000737_correct_1,truthfulqa,correct_answer,0,0,0.16
Random Forest,grouped_80_20,truthfulqa_000737_correct_2,truthfulqa,correct_answer,0,0,0.14333333333333334
Random Forest,grouped_80_20,truthfulqa_000737_incorrect_0,truthfulqa,incorrect_answer,1,1,0.5333333333333333
Random Forest,grouped_80_20,truthfulqa_000737_incorrect_1,truthfulqa,incorrect_answer,1,0,0.27666666666666667
Random Forest,grouped_80_20,truthfulqa_000739_correct_0,truthfulqa,correct_answer,0,0,0.4066666666666667
Random Forest,grouped_80_20,truthfulqa_000739_correct_1,truthfulqa,correct_answer,0,1,0.6966666666666667
Random Forest,grouped_80_20,truthfulqa_000739_incorrect_0,truthfulqa,incorrect_answer,1,1,0.7733333333333333
Random Forest,grouped_80_20,truthfulqa_000739_incorrect_1,truthfulqa,incorrect_answer,1,0,0.42
Random Forest,grouped_80_20,truthfulqa_000740_correct_0,truthfulqa,correct_answer,0,1,0.5590574117834743
Random Forest,grouped_80_20,truthfulqa_000740_incorrect_0,truthfulqa,incorrect_answer,1,1,0.6266666666666667
Random Forest,grouped_80_20,truthfulqa_000753_correct_0,truthfulqa,correct_answer,0,0,0.35333333333333333
Random Forest,grouped_80_20,truthfulqa_000753_correct_1,truthfulqa,correct_answer,0,0,0.31
Random Forest,grouped_80_20,truthfulqa_000753_correct_2,truthfulqa,correct_answer,0,0,0.27666666666666667
Random Forest,grouped_80_20,truthfulqa_000753_incorrect_0,truthfulqa,incorrect_answer,1,1,0.7333333333333333
Random Forest,grouped_80_20,truthfulqa_000761_correct_0,truthfulqa,correct_answer,0,0,0.4633333333333333
Random Forest,grouped_80_20,truthfulqa_000761_correct_1,truthfulqa,correct_answer,0,1,0.6333333333333333
Random Forest,grouped_80_20,truthfulqa_000761_correct_2,truthfulqa,correct_answer,0,0,0.47
Random Forest,grouped_80_20,truthfulqa_000761_incorrect_0,truthfulqa,incorrect_answer,1,0,0.41333333333333333
Random Forest,grouped_80_20,truthfulqa_000761_incorrect_1,truthfulqa,incorrect_answer,1,1,0.5233333333333333
Random Forest,grouped_80_20,truthfulqa_000761_incorrect_2,truthfulqa,incorrect_answer,1,1,0.53
Random Forest,grouped_80_20,truthfulqa_000761_incorrect_3,truthfulqa,incorrect_answer,1,0,0.38333333333333336
Random Forest,grouped_80_20,truthfulqa_000765_correct_0,truthfulqa,correct_answer,0,0,0.38666666666666666
Random Forest,grouped_80_20,truthfulqa_000765_correct_1,truthfulqa,correct_answer,0,0,0.31333333333333335
Random Forest,grouped_80_20,truthfulqa_000765_correct_2,truthfulqa,correct_answer,0,0,0.38666666666666666
Random Forest,grouped_80_20,truthfulqa_000765_incorrect_0,truthfulqa,incorrect_answer,1,1,0.6066666666666667
Random Forest,grouped_80_20,truthfulqa_000765_incorrect_1,truthfulqa,incorrect_answer,1,1,0.6133333333333333
Random Forest,grouped_80_20,truthfulqa_000765_incorrect_2,truthfulqa,incorrect_answer,1,1,0.7866666666666666
Random Forest,grouped_80_20,truthfulqa_000765_incorrect_3,truthfulqa,incorrect_answer,1,1,0.6733333333333333
Random Forest,grouped_80_20,truthfulqa_000765_incorrect_4,truthfulqa,incorrect_answer,1,1,0.62
Random Forest,grouped_80_20,truthfulqa_000767_correct_0,truthfulqa,correct_answer,0,1,0.6933333333333334
Random Forest,grouped_80_20,truthfulqa_000767_correct_1,truthfulqa,correct_answer,0,0,0.4633333333333333
Random Forest,grouped_80_20,truthfulqa_000767_incorrect_0,truthfulqa,incorrect_answer,1,1,0.6166666666666667
Random Forest,grouped_80_20,truthfulqa_000767_incorrect_1,truthfulqa,incorrect_answer,1,0,0.4533333333333333
Random Forest,grouped_80_20,truthfulqa_000772_correct_0,truthfulqa,correct_answer,0,1,0.7133333333333334
Random Forest,grouped_80_20,truthfulqa_000772_incorrect_0,truthfulqa,incorrect_answer,1,1,0.5366666666666666
Random Forest,grouped_80_20,truthfulqa_000772_incorrect_1,truthfulqa,incorrect_answer,1,1,0.8933333333333333
Random Forest,grouped_80_20,truthfulqa_000775_correct_0,truthfulqa,correct_answer,0,1,0.56
Random Forest,grouped_80_20,truthfulqa_000775_correct_1,truthfulqa,correct_answer,0,1,0.6866666666666666
Random Forest,grouped_80_20,truthfulqa_000775_correct_2,truthfulqa,correct_answer,0,1,0.7566666666666667
Random Forest,grouped_80_20,truthfulqa_000775_correct_3,truthfulqa,correct_answer,0,1,0.6433333333333333
Random Forest,grouped_80_20,truthfulqa_000775_incorrect_0,truthfulqa,incorrect_answer,1,1,0.69
Random Forest,grouped_80_20,truthfulqa_000775_incorrect_1,truthfulqa,incorrect_answer,1,1,0.6633333333333333
Random Forest,grouped_80_20,truthfulqa_000775_incorrect_2,truthfulqa,incorrect_answer,1,1,0.62
Random Forest,grouped_80_20,truthfulqa_000775_incorrect_3,truthfulqa,incorrect_answer,1,1,0.5133333333333333
Random Forest,grouped_80_20,truthfulqa_000777_correct_0,truthfulqa,correct_answer,0,0,0.34
Random Forest,grouped_80_20,truthfulqa_000777_correct_1,truthfulqa,correct_answer,0,0,0.29333333333333333
Random Forest,grouped_80_20,truthfulqa_000777_correct_2,truthfulqa,correct_answer,0,1,0.5033333333333333
Random Forest,grouped_80_20,truthfulqa_000777_correct_3,truthfulqa,correct_answer,0,1,0.57
Random Forest,grouped_80_20,truthfulqa_000777_incorrect_0,truthfulqa,incorrect_answer,1,1,0.6
Random Forest,grouped_80_20,truthfulqa_000777_incorrect_1,truthfulqa,incorrect_answer,1,1,0.5466666666666666
Random Forest,grouped_80_20,truthfulqa_000777_incorrect_2,truthfulqa,incorrect_answer,1,0,0.41
Random Forest,grouped_80_20,truthfulqa_000777_incorrect_3,truthfulqa,incorrect_answer,1,0,0.41
Random Forest,grouped_80_20,truthfulqa_000781_correct_0,truthfulqa,correct_answer,0,0,0.4766666666666667
Random Forest,grouped_80_20,truthfulqa_000781_correct_1,truthfulqa,correct_answer,0,1,0.5733333333333334
Random Forest,grouped_80_20,truthfulqa_000781_incorrect_0,truthfulqa,incorrect_answer,1,1,0.77
Random Forest,grouped_80_20,truthfulqa_000793_correct_0,truthfulqa,correct_answer,0,1,0.52
Random Forest,grouped_80_20,truthfulqa_000793_correct_1,truthfulqa,correct_answer,0,0,0.23
Random Forest,grouped_80_20,truthfulqa_000793_correct_2,truthfulqa,correct_answer,0,1,0.56
Random Forest,grouped_80_20,truthfulqa_000793_incorrect_0,truthfulqa,incorrect_answer,1,1,0.6466666666666666
Random Forest,grouped_80_20,truthfulqa_000793_incorrect_1,truthfulqa,incorrect_answer,1,1,0.8066666666666666
Random Forest,grouped_80_20,truthfulqa_000793_incorrect_2,truthfulqa,incorrect_answer,1,1,0.85
Random Forest,grouped_80_20,truthfulqa_000793_incorrect_3,truthfulqa,incorrect_answer,1,1,0.8633333333333333
Random Forest,grouped_80_20,truthfulqa_000803_correct_0,truthfulqa,correct_answer,0,1,0.5566666666666666
Random Forest,grouped_80_20,truthfulqa_000803_correct_1,truthfulqa,correct_answer,0,1,0.6066666666666667
Random Forest,grouped_80_20,truthfulqa_000803_incorrect_0,truthfulqa,incorrect_answer,1,1,0.6766666666666666
Random Forest,grouped_80_20,truthfulqa_000803_incorrect_1,truthfulqa,incorrect_answer,1,1,0.5866666666666667
Random Forest,grouped_80_20,truthfulqa_000803_incorrect_2,truthfulqa,incorrect_answer,1,1,0.51
Random Forest,grouped_80_20,truthfulqa_000804_correct_0,truthfulqa,correct_answer,0,1,0.5166666666666667
Random Forest,grouped_80_20,truthfulqa_000804_correct_1,truthfulqa,correct_answer,0,1,0.65
Random Forest,grouped_80_20,truthfulqa_000804_correct_2,truthfulqa,correct_answer,0,0,0.2966666666666667
Random Forest,grouped_80_20,truthfulqa_000804_correct_3,truthfulqa,correct_answer,0,1,0.5833333333333334
Random Forest,grouped_80_20,truthfulqa_000804_incorrect_0,truthfulqa,incorrect_answer,1,1,0.6433333333333333
Random Forest,grouped_80_20,truthfulqa_000804_incorrect_1,truthfulqa,incorrect_answer,1,0,0.48333333333333334
Random Forest,grouped_80_20,truthfulqa_000804_incorrect_2,truthfulqa,incorrect_answer,1,1,0.6
Random Forest,grouped_80_20,truthfulqa_000804_incorrect_3,truthfulqa,incorrect_answer,1,1,0.5433333333333333
Random Forest,grouped_80_20,truthfulqa_000804_incorrect_4,truthfulqa,incorrect_answer,1,1,0.83
Random Forest,grouped_80_20,truthfulqa_000812_correct_0,truthfulqa,correct_answer,0,1,0.6333333333333333
Random Forest,grouped_80_20,truthfulqa_000812_incorrect_0,truthfulqa,incorrect_answer,1,1,0.6122659237084679
Random Forest,grouped_80_20,truthfulqa_000812_incorrect_1,truthfulqa,incorrect_answer,1,0,0.44333333333333336
Random Forest,grouped_80_20,truthfulqa_000812_incorrect_2,truthfulqa,incorrect_answer,1,1,0.5822659237084679
Random Forest,grouped_80_20,truthfulqa_000812_incorrect_3,truthfulqa,incorrect_answer,1,0,0.45
Random Forest,grouped_80_20,truthfulqa_000812_incorrect_4,truthfulqa,incorrect_answer,1,0,0.49
Random Forest,grouped_80_20,truthfulqa_000813_correct_0,truthfulqa,correct_answer,0,1,0.5033333333333333
Random Forest,grouped_80_20,truthfulqa_000813_incorrect_0,truthfulqa,incorrect_answer,1,0,0.4266666666666667
Random Forest,grouped_80_20,truthfulqa_000813_incorrect_1,truthfulqa,incorrect_answer,1,1,0.6166666666666667
Random Forest,grouped_80_20,truthfulqa_000813_incorrect_2,truthfulqa,incorrect_answer,1,1,0.7466666666666667
Random Forest,grouped_80_20,truthfulqa_000813_incorrect_3,truthfulqa,incorrect_answer,1,1,0.6
Random Forest,grouped_80_20,truthfulqa_000813_incorrect_4,truthfulqa,incorrect_answer,1,1,0.67
Random Forest,grouped_80_20,truthfulqa_000813_incorrect_5,truthfulqa,incorrect_answer,1,1,0.6066666666666667
